n_tips|r0|a0|frac0|tree
45|1.15743430529721|0.396269516367465|0.70448846090585|((((t37:0.6338071536,t43:0.6338071536):0.1451410512,t32:0.7789482048):1.431371749,(((((((t19:0.001623483282,t45:0.001623483282):0.2664580944,t18:0.2680815777):0.293017964,((t33:0.2930486612,t38:0.2930486612):0.1182976936,t8:0.4113463548):0.1497531869):0.3382514273,t41:0.8993509689):0.3617602695,(t15:0.7340398213,t40:0.7340398213):0.5270714171):0.5150446057,(t11:0.1153573019,t35:0.1153573019):1.660798542):0.1453404438,(((t39:0.01196313238,t34:0.01196313238):0.8441449292,(t2:0.1695003371,t17:0.1695003371):0.6866077244):0.8848338901,(((t25:0.1410999245,t31:0.1410999245):0.5118255849,(((t36:0.0831938868,t29:0.0831938868):0.1276844232,t1:0.21087831):0.3182849261,t5:0.5291632361):0.1237622733):0.4534434804,((t23:0.4693149748,(((((t44:0.06846621286,t3:0.06846621286):0.08171250494,t21:0.1501787178):0.03757672855,t28:0.1877554463):0.1188949039,t16:0.3066503503):0.06246724409,(t30:0.1877203827,(t13:0.0007755456591,t4:0.0007755456591):0.1869448371):0.1813972116):0.1001973804):0.455397573,t7:0.9247125477):0.1816564421):0.6345729618):0.1805543364):0.2888236656):1.258506474,(((t24:0.1964327213,t10:0.1964327213):0.158231856,(t26:0.2235642241,t20:0.2235642241):0.1311003531):1.0120877,((((t9:0.2158278694,t27:0.2158278694):0.0453648332,t42:0.2611927026):0.9795474018,(t12:0.1866454541,t14:0.1866454541):1.05409465):0.1053343276,(t22:0.2071164155,t6:0.2071164155):1.138958017):0.02067784567):2.10207415):0.8162325814;
33|1.19791508189403|0.137119068372995|0.611440658452921|((((t26:1.020015038,t7:1.020015038):1.474520587,((t21:1.318406206,(t30:0.5026476796,t17:0.5026476796):0.8157585263):1.081206417,((t33:0.6945605062,(t22:0.2559947538,t6:0.2559947538):0.4385657524):0.9219593883,(((t1:0.3479402492,t24:0.3479402492):0.1834575038,t10:0.531397753):0.4965640523,(t4:0.3741785305,t9:0.3741785305):0.6537832748):0.5885580893):0.783092728):0.09492300191):0.08146867128,(((t14:0.6793732992,((t29:0.3022957605,t16:0.3022957605):0.1896193423,((t15:0.07165383898,t20:0.07165383898):0.3187691456,t32:0.3904229845):0.1014921182):0.1874581964):0.1297738227,t18:0.8091471219):0.3653076252,t5:1.174454747):1.401549549):0.2252698581,((((((t23:0.6109294832,t12:0.6109294832):0.01767094753,(t31:0.1275456382,t28:0.1275456382):0.5010547926):0.04288294032,(t19:0.5338790983,t2:0.5338790983):0.1376042727):0.06299858377,((t25:0.3601144155,t13:0.3601144155):0.3430592128,t27:0.7031736283):0.03130832656):0.2000319857,(t8:0.07244970075,t3:0.07244970075):0.8620642398):0.02700079312,t11:0.9615147337):1.83975942):0.1691332717;
14|0.0293185407831334|0.0743753446498886|0.512408551876433|((((t3:34.35613403,t2:34.35613403):18.27081988,(((t4:19.81104553,t13:19.81104553):2.720244902,t14:22.53129043):14.25455931,t6:36.78584975):15.84110416):17.8536542,(t8:42.21193014,(t7:30.48284009,(t5:3.617639204,t12:3.617639204):26.86520089):11.72909005):28.26867797):28.17655232,((t9:15.51065443,(t1:9.44626583,t10:9.44626583):6.064388602):25.27080545,t11:40.78145988):57.87570055):20.65260848;
29|1.88357182436623|0.283072631943505|0.865196392289363|((t7:1.148226976,((((t11:0.3224136124,t3:0.3224136124):0.04257096086,(t14:0.3089490386,t21:0.3089490386):0.05603553461):0.2738860745,(t23:0.1866353351,t26:0.1866353351):0.4522353126):0.1514205849,(t24:0.6148970405,((t4:0.3899499018,t28:0.3899499018):0.06010952376,(t8:0.3448630008,t5:0.3448630008):0.1051964248):0.164837615):0.1753941921):0.3579357438):0.1983332693,(((((t27:0.2542130808,t22:0.2542130808):0.005130512214,t16:0.259343593):0.2401810874,(t13:0.1763159328,(t20:0.0441033518,t18:0.0441033518):0.132212581):0.3232087476):0.4161396174,((t9:0.3851508292,((t29:0.06091420809,t17:0.06091420809):0.1030819376,t1:0.1639961457):0.2211546835):0.06861421348,((t25:0.2816549709,(t12:0.2621965698,(t6:0.0316507766,t19:0.0316507766):0.2305457932):0.01945840115):0.1593049548,(t15:0.373519963,t10:0.373519963):0.06743996269):0.012805117):0.4618992551):0.03018754597,t2:0.9458518437):0.4007084018):0.03453220712;
16|1.58408499325626|0.48323554843897|0.524492770317011|(((t8:0.6073202067,(((t6:0.4140437571,(t15:0.2305298208,(t11:0.1318768267,t12:0.1318768267):0.09865299414):0.1835139363):0.0767592094,t3:0.4908029665):0.1148034659,t13:0.6056064324):0.001713774287):0.2448079335,t4:0.8521281402):0.4758434415,(t10:1.17591698,((t2:0.4055547413,t9:0.4055547413):0.5456923325,(t7:0.841135643,(((t16:0.01929858088,t14:0.01929858088):0.06492724582,t1:0.0842258267):0.6861903849,t5:0.7704162116):0.07071943141):0.1101114308):0.2246699062):0.1520546017):0.0400712153;
36|3.95199245981872|0.330861106719822|0.627013651654124|(((((t3:0.1389045388,((t25:0.04505372019,t32:0.04505372019):0.05537153787,t15:0.1004252581):0.03847928077):0.005333757303,t27:0.1442382961):0.2500244532,(t28:0.08351067017,t21:0.08351067017):0.3107520792):0.3578618263,((t14:0.104888614,t12:0.104888614):0.4525857285,((t1:0.1708734981,(t4:0.03724482707,t24:0.03724482707):0.133628671):0.3751800752,((t9:0.2936198584,(t19:0.07406876023,t11:0.07406876023):0.2195510981):0.06695534,(((t31:0.08913030834,t2:0.08913030834):0.07849707366,t18:0.167627382):0.08648972278,((t35:0.1431684468,t33:0.1431684468):0.03633948548,(t10:0.01617730171,t6:0.01617730171):0.1633306306):0.07460917251):0.1064580936):0.1854783749):0.0114207693):0.1946502331):0.05281200019,(((t26:0.04495450579,t13:0.04495450579):0.02611423061,t16:0.07106873641):0.6825355909,((((t20:0.01214615442,t36:0.01214615442):0.1655496532,t22:0.1776958076):0.2501416708,(t17:0.1426336413,t7:0.1426336413):0.2852038371):0.1926034828,((t30:0.04719957369,(t5:0.02298662155,t23:0.02298662155):0.02421295214):0.2523918112,(t8:0.2450976052,(t29:0.1049149,t34:0.1049149):0.1401827052):0.05449377966):0.3208495763):0.1331633661):0.05133224847):0.03383958019;
37|2.73415795441717|0.359937284558546|0.64005263929721|(((t22:0.01657913453,t12:0.01657913453):0.08656496883,t2:0.1031441034):1.285942353,((((t16:0.1740880631,t33:0.1740880631):0.02704904623,t23:0.2011371093):0.05007447104,t19:0.2512115804):0.5945033381,((((((((t27:0.09430802831,t31:0.09430802831):0.07261789024,t9:0.1669259186):0.1979267039,(t36:0.1247578669,t5:0.1247578669):0.2400947555):0.04891745489,(t7:0.3536475203,(t20:0.2484686004,t8:0.2484686004):0.10517892):0.06012255701):0.03711735976,(((t29:0.1142157788,t18:0.1142157788):0.1591448169,(t14:0.1804371649,t1:0.1804371649):0.09292343075):0.07222820559,t25:0.3455888012):0.1052986359):0.01381687249,((t11:0.3387712215,t13:0.3387712215):0.05434400275,(t32:0.1357960989,t37:0.1357960989):0.2573191254):0.07158908532):0.07946204973,((t3:0.3286819113,(((t15:0.1212146071,t35:0.1212146071):0.004306357646,t26:0.1255209647):0.03707520115,(t4:0.06602594517,t34:0.06602594517):0.09657022073):0.1660857454):0.1943583439,((t30:0.1297926924,(t10:0.0497534831,t6:0.0497534831):0.08003920929):0.1513472312,t17:0.2811399236):0.2419003317):0.02112610405):0.08864978226,(t24:0.06420853725,(t28:0.004653923348,t21:0.004653923348):0.0595546139):0.5686076043):0.2128987769):0.5433715382):0.562799783;
15|3.96512228882872|0.339868273504544|0.538694532238878|((((t7:0.01281559736,t5:0.01281559736):0.3377117692,(t4:0.2445775627,t8:0.2445775627):0.1059498038):0.003040432191,(t9:0.1880507021,(t12:0.184460576,t10:0.184460576):0.003590126115):0.1655170967):0.1278932644,((t3:0.05836669643,t11:0.05836669643):0.2862402742,(t2:0.171945927,(t1:0.1205936551,(((t15:0.04356345935,t13:0.04356345935):0.009918494295,t14:0.05348195364):0.05311822735,t6:0.106600181):0.01399347408):0.05135227195):0.1726610436):0.1368540925):0.0008741673112;
26|2.41612081340514|0.294770613887813|0.867839600192383|(((t6:0.05344092154,t3:0.05344092154):0.6223505317,((t11:0.0375587176,(t26:0.02973954317,t18:0.02973954317):0.007819174423):0.4350279241,((t21:0.112404592,t24:0.112404592):0.239718209,((t2:0.1942564398,((t23:0.02235089747,t17:0.02235089747):0.07836390733,t1:0.1007148048):0.09354163502):0.08746480148,(t7:0.0565930849,t22:0.0565930849):0.2251281564):0.07040155967):0.1204638408):0.2032048115):0.2440878358,((((t15:0.008727466862,t8:0.008727466862):0.4144226128,(t19:0.3083340134,(t14:0.02460582176,t10:0.02460582176):0.2837281917):0.1148160662):0.2285409629,(((t25:0.1245705799,t4:0.1245705799):0.2162283043,(t5:0.1382723428,t12:0.1382723428):0.2025265414):0.005724801611,(t16:0.320827781,t9:0.320827781):0.02569590482):0.3051673568):0.06692235568,(t13:0.3659951851,t20:0.3659951851):0.3526182132):0.2012658907):0.0281082198;
40|0.157773238883819|0.0871343861497007|0.851123764994554|((t22:6.141124109,((t7:0.3226971579,t33:0.3226971579):2.067823194,t35:2.390520352):3.750603757):9.037102936,(((t14:4.61377733,((t3:0.4471275437,t28:0.4471275437):4.012037784,(t39:2.881146107,((t27:0.939770098,(t30:0.7814209871,t37:0.7814209871):0.158349111):1.458170853,t8:2.397940951):0.483205155):1.578019221):0.1546120029):8.220089902,(((t2:9.047381189,t18:9.047381189):2.403106953,(t9:6.927122218,t1:6.927122218):4.523365925):0.9769856181,((((t29:2.115304182,t16:2.115304182):0.916828762,t36:3.032132944):0.7933236183,(t20:1.253066588,t32:1.253066588):2.572389975):2.571282759,t5:6.396739322):6.030734439):0.4063934716):1.61560966,(((t40:1.103141939,t4:1.103141939):10.82579714,((t23:2.225498673,((t31:0.6124934651,t38:0.6124934651):1.580377499,t13:2.192870964):0.03262770946):2.292773096,((t10:1.414865168,t21:1.414865168):1.741082834,t25:3.155948002):1.362323767):7.410667313):0.6183337386,((t15:9.767160925,((t24:5.952468587,(t11:2.497908312,t26:2.497908312):3.454560275):2.50429123,t6:8.456759817):1.310401109):1.706820423,((t34:9.287830688,(t12:1.2071611,t19:1.2071611):8.080669588):1.59633258,t17:10.88416327):0.5898180801):1.073291472):1.902204071):0.7287501524):9.051032979;
30|2.76607690709876|0.0388802265445702|0.730100522516295|((t5:0.7792984369,(t27:0.1379872643,t15:0.1379872643):0.6413111726):0.5483643285,(((((((t8:0.1484548221,t4:0.1484548221):0.01735720524,((t30:0.1425232422,t7:0.1425232422):0.01151767167,(t18:0.1369698131,t9:0.1369698131):0.01707110072):0.0117711135):0.2188712794,t22:0.3846833067):0.008141756213,(t3:0.2453429954,(t6:0.07421798708,t17:0.07421798708):0.1711250083):0.1474820676):0.0548544899,(((t23:0.08476237853,t10:0.08476237853):0.0944537379,t2:0.1792161164):0.1193585767,t28:0.2985746932):0.1491048597):0.1777694638,t13:0.6254490166):0.3349837431,(t29:0.7436167127,(((t26:0.1075343706,t20:0.1075343706):0.1771279864,(t25:0.01583401162,t16:0.01583401162):0.2688283454):0.4156774963,(t1:0.6988556231,((t24:0.4793140169,(t19:0.139072528,t11:0.139072528):0.3402414889):0.1229005828,((t12:0.01881146357,t21:0.01881146357):0.3967035845,t14:0.415515048):0.1866995517):0.09664102339):0.001484230216):0.04327685936):0.216816047):0.3672300057):0.2720841164;
17|2.04539394164458|0.0278718004398979|0.571239013923332|((((t12:0.08194578618,t10:0.08194578618):0.3205999297,((t1:0.03458166982,t16:0.03458166982):0.1249508607,t4:0.1595325305):0.2430131853):1.049663906,(((t2:0.6284440054,((t3:0.1924811152,t11:0.1924811152):0.05966094036,(t6:0.1040817424,t17:0.1040817424):0.1480603131):0.3763019498):0.004311624864,t15:0.6327556302):0.4341940582,t7:1.066949688):0.3852599335):0.2971940763,(((t14:0.3250365874,t8:0.3250365874):0.05275417547,t9:0.3777907628):1.320166389,(t5:0.9850060213,t13:0.9850060213):0.7129511305):0.05144654648):0.249132129;
20|3.7189642529143|0.0148621807293966|0.750240668305196|(t10:1.529031491,((t11:0.3908866238,(t18:0.3903564326,t13:0.3903564326):0.0005301912257):0.5600127464,((((t20:0.07221655768,((t3:0.009431084325,t2:0.009431084325):0.04544311031,t14:0.05487419464):0.01734236304):0.02559177615,(t12:0.01184066188,t6:0.01184066188):0.08596767195):0.03168437578,(((t19:0.06756482191,t15:0.06756482191):0.04592834228,t4:0.1134931642):0.002911832557,t9:0.1164049967):0.01308771287):0.2302258485,(((t17:0.1871602347,t5:0.1871602347):0.09936132764,(t7:0.1072068931,t1:0.1072068931):0.1793146693):0.05153493509,(t8:0.1970301725,t16:0.1970301725):0.1410263249):0.02166206067):0.5911808121):0.5781321209):0.6169412479;
12|3.07370770793408|0.392660551839508|0.846651213476434|(((t7:0.1516464741,t1:0.1516464741):0.06757084202,t11:0.2192173161):0.5647112424,(((t12:0.09443412298,t8:0.09443412298):0.5612776763,(t5:0.1856014422,t2:0.1856014422):0.4701103571):0.01712028197,((t9:0.09593834952,t3:0.09593834952):0.25545402,(t4:0.1492767985,(t10:0.04455436116,t6:0.04455436116):0.1047224373):0.2021155711):0.3214397117):0.1110964772):0.9534731259;
19|1.3261627127463|0.373316601873375|0.977778477943502|(((t14:1.77337218,((((t10:0.1549303382,t1:0.1549303382):0.2694540588,(t8:0.1985358228,t6:0.1985358228):0.2258485742):0.1478412862,(t2:0.2796977827,t13:0.2796977827):0.2925279006):0.2385200573,((t19:0.001154261728,t16:0.001154261728):0.2175487484,t15:0.2187030101):0.5920427305):0.9626264394):0.2623277471,(t3:0.03082254548,t17:0.03082254548):2.004877382):0.0868701939,(t9:0.3897551178,(((t11:0.1686996283,(t5:0.1444081039,(t12:0.02163828802,t4:0.02163828802):0.1227698159):0.02429152442):0.09238093215,t18:0.2610805605):0.03766960812,t7:0.2987501686):0.09100494924):1.732815003):0.5539960675;
34|0.720984709353652|0.213608337743208|0.711410589981824|(t3:3.482215357,(((((t17:0.8741791042,(t5:0.6914457345,t9:0.6914457345):0.1827333697):0.4007851904,t10:1.274964295):0.2776405143,t31:1.552604809):1.074280031,((((t7:0.4692741878,t1:0.4692741878):0.3746525517,(t12:0.1842376727,t21:0.1842376727):0.6596890668):1.194024619,(((t16:0.4412399543,t33:0.4412399543):1.079168147,(t28:0.4256924888,t20:0.4256924888):1.094715613):0.4057430072,(t34:1.588100268,(t6:0.3054392992,(t23:0.05641710228,t4:0.05641710228):0.2490221969):1.282660969):0.3380508403):0.1118002501):0.1362836789,(t11:0.2433011467,t13:0.2433011467):1.930933891):0.4526498018):0.1697183058,(t24:2.011485584,((((t29:0.2877891303,t2:0.2877891303):0.8078511717,(t15:0.8652023574,t14:0.8652023574):0.2304379445):0.2087524016,(((t26:0.1923499783,t27:0.1923499783):0.004395113136,(t25:0.1385260409,t22:0.1385260409):0.05821905054):0.7056064782,(t19:0.09209771374,t30:0.09209771374):0.8102538558):0.402041134):0.1864446044,((t8:0.124757412,t32:0.124757412):0.05914074769,t18:0.1838981597):1.306939148):0.5206482756):0.7851175617):0.6856122118):0.2137253784;
23|1.75030123855919|0.360191936930642|0.633290769299492|((((((t3:0.01569013396,t13:0.01569013396):0.06887478976,t5:0.08456492372):0.5153511078,((t23:0.1470368555,(t4:0.06687574481,t9:0.06687574481):0.08016111068):0.04314369316,t7:0.1901805487):0.4097354829):0.2350437699,t18:0.8349598014):0.4168489991,(t12:0.4315207768,(((t19:0.2713724461,t22:0.2713724461):0.1009731072,(t1:0.01192840326,t21:0.01192840326):0.3604171501):0.03799978944,t11:0.4103453428):0.02117543398):0.8202880238):0.3786646396,((t8:0.7366795313,((t15:0.197778787,t17:0.197778787):0.03829956768,t6:0.2360783547):0.5006011766):0.04384372503,((t10:0.4350382332,t2:0.4350382332):0.1575264967,(t20:0.2934139905,(t16:0.1092693412,t14:0.1092693412):0.1841446493):0.2991507394):0.1879585264):0.8499501838):0.1120838095;
21|0.277933376359288|0.340540772422682|0.639601603965275|(((t5:0.6857423738,t7:0.6857423738):4.209262321,((t16:0.7306750724,(t19:0.6821262912,t10:0.6821262912):0.04854878126):1.26331289,((t4:0.1480498674,t14:0.1480498674):0.3018214183,t21:0.4498712857):1.544116677):2.901016732):3.463567067,((t13:3.938078896,t8:3.938078896):2.129964835,((((t20:2.635818481,t6:2.635818481):0.8734257785,t18:3.50924426):0.04064947794,((((t12:0.3968841418,t11:0.3968841418):0.02174326022,t1:0.418627402):0.9480299893,(t2:0.1220475326,t15:0.1220475326):1.244609859):1.015776623,t17:2.382434014):1.167459723):0.3045119547,(t9:1.458588674,t3:1.458588674):2.395817019):2.213638039):2.29052803):4.80825972;
42|0.493621728739236|0.0333260183944367|0.860130310873501|((t28:4.032492406,(t15:2.612162362,(t25:0.4559795086,t16:0.4559795086):2.156182854):1.420330044):5.348006006,(((((t41:2.523773156,((t13:0.1173168955,t39:0.1173168955):2.148947783,((t36:1.19308277,t6:1.19308277):0.9042685694,(t4:1.179337378,((t8:0.236877357,t33:0.236877357):0.5541375848,t31:0.7910149418):0.3883224358):0.9180139616):0.1689133388):0.2575084782):0.3290115593,((t14:0.1616447876,t7:0.1616447876):0.2996405819,t30:0.4612853695):2.391499346):3.615860316,(((t2:0.9027677239,t26:0.9027677239):1.620187192,t18:2.522954916):1.099201133,(((t23:0.4664083083,t32:0.4664083083):1.136079898,(t22:0.8656827315,t9:0.8656827315):0.7368054749):0.3018723732,t29:1.90436058):1.717795469):2.846488983):0.02122239618,((t10:0.08712095001,t40:0.08712095001):3.242280576,((t20:0.7776866246,((t21:0.4245037159,(t5:0.020586882,t38:0.020586882):0.4039168339):0.0539044542,t35:0.4784081701):0.2992784545):0.5308611553,t12:1.30854778):2.020853746):3.160465901):0.2210023584,((((t24:0.7100999754,t11:0.7100999754):0.5728111284,(t34:0.4731089004,t37:0.4731089004):0.8098022034):3.942981083,(t17:3.291814928,(t42:0.6633741346,t19:0.6633741346):2.628440794):1.934077258):1.285928749,(t3:3.014043204,(t27:0.1816672938,t1:0.1816672938):2.83237591):3.497777731):0.1990488505):2.669628626):0.4845804451;
24|2.47313098342391|0.423488417719491|0.71253833535593|((((t23:0.3084006249,t12:0.3084006249):0.3374561299,(t15:0.0920617799,t18:0.0920617799):0.5537949748):0.08319252496,(((t2:0.2690033116,(t24:0.08344467312,t6:0.08344467312):0.1855586385):0.1648616813,(t14:0.3497941942,(t7:0.04192704869,t20:0.04192704869):0.3078671455):0.08407079864):0.002095416583,((t9:0.1817353608,t22:0.1817353608):0.1474690756,((((t11:0.03198792573,t21:0.03198792573):0.08533674755,t5:0.1173246733):0.0005126417355,t13:0.117837315):0.1568502387,((t10:0.08698556213,t8:0.08698556213):0.0881639152,(t17:0.04366314618,t3:0.04366314618):0.1314863311):0.09953807637):0.05451688266):0.1067559731):0.2930888702):0.1242835988,((t16:0.1669928692,(t19:0.1248971997,t1:0.1248971997):0.0420956695):0.02651372963,t4:0.1935065988):0.6598262797):0.2484292649;
41|1.64817697669379|0.490884182332084|0.965297559625469|(((((((t18:0.2415509001,t19:0.2415509001):0.03128417916,(t6:0.2520051277,(t24:0.2441259666,(t15:0.005214859376,t16:0.005214859376):0.2389111072):0.007879161111):0.02082995152):0.1750919231,t1:0.4479270023):0.3778961553,(t17:0.7236308039,(t12:0.4716517652,t13:0.4716517652):0.2519790387):0.1021923538):0.3199344228,(t33:0.07129262446,t29:0.07129262446):1.074464956):0.5149702755,(((t2:0.7889338356,(((t8:0.2270724018,(t37:0.2125772052,(t30:0.1831823744,(t3:0.1319486309,t31:0.1319486309):0.05123374344):0.02939483077):0.01449519668):0.226032991,((t41:0.2533878794,(t5:0.07778409785,(t28:0.05702951293,t11:0.05702951293):0.02075458491):0.1756037815):0.05334479893,t27:0.3067326783):0.1463727146):0.009262500441,(t14:0.4132492309,t40:0.4132492309):0.04911866241):0.3265659423):0.4120323934,((t20:0.06163338735,t25:0.06163338735):0.08433429594,t34:0.1459676833):1.054998546):0.06061014146,(((t22:0.1601699408,t10:0.1601699408):0.2142418002,t7:0.374411741):0.863090818,((t36:0.09922762482,t32:0.09922762482):0.1755140333,(t23:0.2486342563,((t4:0.01613958409,t35:0.01613958409):0.1779922012,(t9:0.120701298,t38:0.120701298):0.07343048732):0.05450247104):0.02610740175):0.9627609009):0.02407381136):0.3991514857):0.03630444962,((t21:0.3798136227,t39:0.3798136227):0.2527891372,t26:0.6326027599):1.064429546):0.05414191907;
17|0.211463832755107|0.361806246179622|0.613080118084326|((((t6:2.213972851,t14:2.213972851):4.596774088,(t3:2.382800161,(t11:0.1758270314,t8:0.1758270314):2.20697313):4.427946777):0.3788638308,t13:7.189610769):5.725792052,(((t7:1.882246107,(t2:0.2397778458,t16:0.2397778458):1.642468262):2.987113765,((((t4:0.2067092128,t1:0.2067092128):0.5881400587,t17:0.7948492715):2.385650324,((t15:0.1350305872,t5:0.1350305872):1.703447789,t12:1.838478376):1.342021219):0.3833724275,t9:3.563872023):1.305487849):2.8193081,t10:7.688667972):5.226734849):5.200711541;
35|3.3208350592549|0.0901024058321491|0.805885812616907|((((t23:0.4118717128,t8:0.4118717128):0.004974670014,(t30:0.2445256466,(t2:0.1914984935,((t19:0.04774439439,t9:0.04774439439):0.1248070201,t21:0.1725514144):0.0189470791):0.05302715306):0.1723207362):0.2032896825,((t34:0.1663713657,((t15:0.01164166445,t25:0.01164166445):0.01673734722,t7:0.02837901167):0.137992354):0.2024996606,(((t4:0.05800771816,t6:0.05800771816):0.151423694,t18:0.2094314122):0.007223889354,((t1:0.03412277215,t20:0.03412277215):0.03070509925,t12:0.0648278714):0.1518274301):0.1522157248):0.251265039):0.6866584608,(((((t35:0.07410399382,t26:0.07410399382):0.1465977107,t28:0.2207017046):0.1941537746,((t5:0.1889543372,t33:0.1889543372):0.01589428648,(t16:0.2047509074,t13:0.2047509074):9.771627762e-05):0.2100068555):0.3425339572,((t11:0.3255578534,t22:0.3255578534):0.02018266802,t24:0.3457405214):0.411648915):0.4548166668,(((t3:0.06242264599,t31:0.06242264599):0.2112354958,t27:0.2736581418):0.7137343956,(t17:0.5138457801,(((t32:0.04914006077,t14:0.04914006077):0.1412766666,t29:0.1904167274):0.2198660894,t10:0.4102828168):0.1035629633):0.4735467573):0.2248135658):0.09458842289):0.2026771972;
20|1.72662752062315|0.196891386425123|0.859318841132335|(((t7:0.04328467176,t15:0.04328467176):0.07425702535,(t8:0.07060468742,(t17:0.06150843344,t16:0.06150843344):0.009096253978):0.04693700969):0.7563844086,(((t14:0.4035586977,(t6:0.04419744663,(t19:0.03595325272,t3:0.03595325272):0.008244193914):0.3593612511):0.02449929677,(t4:0.0636557907,(t1:0.006854652374,t11:0.006854652374):0.05680113833):0.3644022038):0.1129963343,((t5:0.470323193,((t12:0.1399188323,t20:0.1399188323):0.0731672526,t10:0.2130860849):0.2572371082):0.005107491739,(((t18:0.02568945848,t9:0.02568945848):0.149647028,t13:0.1753364865):0.003447538601,t2:0.1787840251):0.2966466597):0.065623644):0.332871777):0.4225413892;
23|1.97200529610971|0.100035841101781|0.684092759736814|(((((t21:0.0271400116,t9:0.0271400116):0.5371440708,((((t14:0.01088044721,t20:0.01088044721):0.2234986228,t23:0.23437907):0.1218663171,((t10:0.1005957155,t16:0.1005957155):0.006667204157,t17:0.1072629197):0.2489824675):0.04480739451,t2:0.4010527816):0.1632313007):0.3665736995,(t18:0.6367707299,((t7:0.4207066088,((t12:0.1903536787,t3:0.1903536787):0.1256229701,(t13:0.1239560381,t5:0.1239560381):0.1920206106):0.10472996):0.06637662222,t22:0.487083231):0.1496874989):0.294087052):0.2304481891,((t11:0.001054927252,t15:0.001054927252):0.9322486176,t19:0.9333035448):0.2280024261):0.3012208917,(t1:1.321815795,(t4:0.671944994,(t8:0.2765686314,t6:0.2765686314):0.3953763625):0.6498708007):0.140711068):0.1430228495;
37|1.44343279364519|0.257672793404199|0.759350382257253|((((t37:0.2318877923,t12:0.2318877923):0.6251261229,((t33:0.0481765018,t19:0.0481765018):0.6160498755,(t23:0.4932399671,(t24:0.3805504392,t11:0.3805504392):0.1126895279):0.1709864102):0.1927875379):1.062248845,(t13:1.394181486,t2:1.394181486):0.5250812739):0.1738341764,(((t34:0.5942133804,(t29:0.121089839,(t17:0.09933589413,(t22:0.02250630574,t7:0.02250630574):0.07682958838):0.02175394492):0.4731235414):0.6526610857,(((t9:0.4608376194,t4:0.4608376194):0.03599473665,t20:0.496832356):0.03876193451,((t14:0.2998541264,t16:0.2998541264):0.2280110419,(t1:0.2552390227,t15:0.2552390227):0.2726261456):0.007729122267):0.7112801755):0.5517302585,(((((t25:0.2233077124,t32:0.2233077124):0.3583234938,(((t10:0.1406682808,t27:0.1406682808):0.1888491389,t30:0.3295174197):0.2425448576,t5:0.5720622773):0.009568928793):0.1376708755,(t21:0.1027393487,t31:0.1027393487):0.6165627329):0.2358282742,t35:0.9551303558):0.7070806013,(((t18:0.6639461943,t26:0.6639461943):0.2514023154,(t6:0.008133181737,t8:0.008133181737):0.9072153279):0.1904225123,((t3:0.1308451562,t36:0.1308451562):0.8449185588,t28:0.975763715):0.130007307):0.5564399351):0.1363937674):0.2944922119):0.192956695;
10|3.43709054185078|0.0719507647748105|0.536886088782921|(((t9:0.1088568913,(t7:0.04577314206,t3:0.04577314206):0.06308374927):0.3525250318,((t6:0.07798281036,(t10:0.04319050875,t8:0.04319050875):0.03479230161):0.1846806821,(t2:0.1481617263,t4:0.1481617263):0.1145017662):0.1987184307):0.01073201512,(t5:0.431498684,t1:0.431498684):0.0406152543):0.1094282687;
45|3.66015441940632|0.27390899310587|0.931106024538167|(((((((t7:0.004515163374,t12:0.004515163374):0.05069017472,t20:0.0552053381):0.3495533093,((t42:0.1924022502,((t36:0.103121225,t45:0.103121225):0.08352466346,t14:0.1866458885):0.005756361669):0.04321907206,t39:0.2356213222):0.1691373252):0.03866071304,(t17:0.1823199563,(t15:0.06624814518,(t24:0.05097686078,t3:0.05097686078):0.0152712844):0.1160718111):0.2610994041):0.1290643438,((((t4:0.01863268001,t25:0.01863268001):0.2907604366,(t43:0.2048033657,t2:0.2048033657):0.1045897509):0.1669408597,(t11:0.1034962066,t27:0.1034962066):0.3728377698):0.0933257032,((((t28:0.01430065355,t5:0.01430065355):0.007834877014,t23:0.02213553056):0.01184348715,t34:0.03397901772):0.05959066474,t13:0.09356968246):0.4760899971):0.002824024727):0.2187591918,((((t19:0.06796576342,(t16:0.007529556028,t40:0.007529556028):0.06043620739):0.04419745937,t44:0.1121632228):0.03675277838,((t8:0.03161291486,t33:0.03161291486):0.09023086541,t30:0.1218437803):0.0270722209):0.0860194074,((t31:0.09641856891,(t29:0.01640596855,t21:0.01640596855):0.08001260036):0.03976795196,t6:0.1361865209):0.09874888771):0.5563074875):0.1279996246,((t18:0.06000507013,t37:0.06000507013):0.3539789727,((((t9:0.09758804395,t1:0.09758804395):0.2108812034,(((t26:0.06096440227,t41:0.06096440227):0.003065541644,t38:0.06402994391):0.02178711158,t10:0.08581705549):0.2226521919):0.01025534914,t32:0.3187245965):0.01154313809,(t35:0.004425693217,t22:0.004425693217):0.3258420414):0.08371630817):0.5052584779):0.5146086322;
13|0.272781961006112|0.409547483683564|0.830228487146087|((((((t6:0.736898914,t13:0.736898914):0.3832392093,t12:1.120138123):0.6872869821,t11:1.807425105):0.2024826379,t3:2.009907743):0.367239154,(t5:1.017531578,(t4:0.3057832263,t2:0.3057832263):0.711748352):1.359615319):1.179748293,((t10:1.179783312,t7:1.179783312):1.601058016,((t1:1.601306239,t9:1.601306239):0.249917719,t8:1.851223958):0.9296173705):0.7760538622):4.956331847;
37|2.95004689802649|0.0810189523687586|0.726597428205423|(((((t37:0.3422475319,t11:0.3422475319):0.2014377685,(((t28:0.1345585407,t32:0.1345585407):0.03726831061,t18:0.1718268513):0.324129688,t9:0.4959565393):0.04772876108):0.1873241128,((t35:0.2310824931,(t33:0.04853970079,(t2:0.01760702933,t29:0.01760702933):0.03093267146):0.1825427923):0.1120979993,t16:0.3431804923):0.3878289209):0.2485757351,(t21:0.9020411045,((t8:0.5160645447,t20:0.5160645447):0.3321603297,((t13:0.7185310002,(((t22:0.06160596136,t34:0.06160596136):0.2582885934,t23:0.3198945548):0.2252045938,t6:0.5450991486):0.1734318516):0.03470307023,((((t10:0.3601327329,t1:0.3601327329):0.08252151365,(t7:0.1164247316,t31:0.1164247316):0.326229515):0.08109378524,t24:0.5237480318):0.1986202542,(t26:0.4426486754,((t19:0.1329784321,(t27:0.01451272317,(t5:0.01283009349,t12:0.01283009349):0.001682629682):0.1184657089):0.08097291568,((t25:0.07022813277,t30:0.07022813277):0.08198993903,t36:0.1522180718):0.06173327595):0.2286973277):0.2797196105):0.03086578447):0.09499080405):0.05381623002):0.0775440438):0.04689278972,((t3:0.5431397574,(t4:0.4246071042,t15:0.4246071042):0.1185326533):0.1949867141,(t17:0.3774423119,t14:0.3774423119):0.3606841596):0.2883514665):0.1048514674;
22|0.391387583573815|0.374451837041415|0.511628805659711|((t20:8.98863399,(((t10:0.6528965985,t21:0.6528965985):6.039156576,t12:6.692053174):1.20860816,(((t2:0.5800879404,t5:0.5800879404):4.79151014,(((t22:2.194742901,t17:2.194742901):0.09249672889,(t7:0.6865971695,(t16:0.2008689874,t3:0.2008689874):0.4857281821):1.60064246):2.151550551,((t9:0.01793587249,t6:0.01793587249):2.462004669,t1:2.479940542):1.958849639):0.9328078993):0.007960645915,t11:5.379558726):2.521102608):1.087972656):1.008815454,((t13:3.314749936,((t15:2.044229532,t14:2.044229532):0.07518344,((t4:0.110369887,t18:0.110369887):0.8469053138,t19:0.9572752008):1.162137771):1.195336964):3.691310853,t8:7.00606079):2.991388654):2.192518952;
46|1.95940961093409|0.163396152548958|0.961177253397182|((((((t3:0.3713279762,t12:0.3713279762):0.2556547089,(t8:0.6149618236,(t41:0.4393417642,(t46:0.2800891313,t28:0.2800891313):0.1592526329):0.1756200595):0.01202086144):0.02711384514,((t9:0.2024233915,t16:0.2024233915):0.140919696,t14:0.3433430875):0.3107534427):0.09312442336,t30:0.7472209536):0.5670617512,((((((t13:0.0654052275,(t38:0.04901662552,t45:0.04901662552):0.01638860198):0.1924060732,(t43:0.2070633374,t39:0.2070633374):0.05074796329):0.188993435,(t25:0.1201183898,(t29:0.08795716314,((t17:0.01642151486,t20:0.01642151486):0.0153828054,t22:0.03180432026):0.05615284288):0.03216122667):0.3266863459):0.07350035552,((t4:0.03741880035,t1:0.03741880035):0.4413182079,t15:0.4787370082):0.04156808303):0.06044260583,((t21:0.1442726491,t31:0.1442726491):0.3833705656,((t24:0.3269656764,(((t32:0.005071080272,t2:0.005071080272):0.1128500825,t36:0.1179211628):0.08852247872,(t6:0.02447762936,t19:0.02447762936):0.1819660121):0.1205220349):0.1742195935,((t44:0.2540624606,t7:0.2540624606):0.1070212499,((t11:0.1979691893,(t42:0.1856365516,(t18:0.1362742948,t5:0.1362742948):0.04936225679):0.01233263765):0.03210929223,(t33:0.121257291,(t27:0.09358161247,t26:0.09358161247):0.02767567856):0.1088211905):0.131005229):0.1401015594):0.02645794477):0.05310448245):0.2944628284,(t40:0.3502460183,t34:0.3502460183):0.5249645072):0.4390721793):0.2150104681,((t35:0.1030688866,(t23:0.1003898035,t37:0.1003898035):0.002679083164):0.2367351158,t10:0.3398040024):1.189489171):0.1267269932;
12|1.19540782390861|0.0511859596031718|0.655153576401062|(t7:1.504930877,(((t4:0.09817043426,(t9:0.07754415112,t1:0.07754415112):0.02062628314):0.7799512768,t5:0.8781217111):0.5796767287,(((t10:0.6290722036,(t3:0.1532967501,t2:0.1532967501):0.4757754535):0.09714836143,(t8:0.557100665,t11:0.557100665):0.1691199):0.175890824,(t12:0.4013597275,t6:0.4013597275):0.5007516614):0.5556870509):0.04713243691):2.960525545;
43|3.34329133670544|0.169853103072383|0.901093698572367|(t2:1.639071768,(t33:1.46649163,(((t25:0.2763147766,t35:0.2763147766):0.5339846997,((t14:0.2651151717,(t21:0.009331472915,t15:0.009331472915):0.2557836987):0.1775262835,(t32:0.1671511189,t22:0.1671511189):0.2754903363):0.3676580211):0.4846441761,(((t30:0.5582942502,(((((t1:0.08900363358,t24:0.08900363358):0.04620206195,(t16:0.07286369733,t23:0.07286369733):0.06234199819):0.03698810359,(((t8:0.01225156725,t37:0.01225156725):0.0425035937,t18:0.05475516095):0.09188184154,t10:0.1466370025):0.02555679663):0.05705782405,t4:0.2292516232):0.2710862707,t41:0.5003378938):0.05795635642):0.08170489402,((t34:0.2273793,t13:0.2273793):0.1575643766,t36:0.3849436765):0.2550554677):0.2708973729,(((((t43:0.03438654918,(t40:0.0005728830576,t9:0.0005728830576):0.03381366612):0.2591756108,(t20:0.1717250285,t12:0.1717250285):0.1218371314):0.1740631934,(t39:0.2770356875,(t27:0.06112596197,t6:0.06112596197):0.2159097255):0.1905896658):0.0313906008,((t29:0.1876150497,t3:0.1876150497):0.05301983733,(t19:0.03919185025,t17:0.03919185025):0.2014430368):0.258381067):0.397729581,((t5:0.2796917554,t7:0.2796917554):0.6139444368,((t26:0.1652282945,t11:0.1652282945):0.3591949386,((t28:0.001629781208,t31:0.001629781208):0.4565384662,(t38:0.4106276474,t42:0.4106276474):0.04754059994):0.06625498567):0.3692129591):0.00310934295):0.01415098204):0.3840471352):0.171547978):0.1725801379):0.1269872206;
34|1.6215476068249|0.159954739178065|0.8874652775703|(((t7:1.281657069,(t11:0.0278337468,t9:0.0278337468):1.253823322):0.4215885403,(t3:1.338745873,((((t13:0.1010715009,t15:0.1010715009):0.5358556272,(t32:0.3731391207,t29:0.3731391207):0.2637880073):0.3530298907,t34:0.9899570188):0.2817023063,(t23:0.4639724628,t4:0.4639724628):0.8076868622):0.06708654745):0.3644997363):0.01929440627,(((t26:0.7397003058,((t25:0.1444733271,t20:0.1444733271):0.537905066,(t24:0.102628907,t5:0.102628907):0.5797494861):0.05732191271):0.1333298619,((t19:0.5323158699,t14:0.5323158699):0.1771840042,((t33:0.3252588629,((t28:0.1834683364,(t17:0.1424312277,t1:0.1424312277):0.04103710868):0.1155500988,((t6:0.1792082141,t12:0.1792082141):0.04690312588,t27:0.22611134):0.07290709515):0.02624042774):0.1551217022,t22:0.4803805651):0.229119309):0.1635302936):0.5651083318,((t18:0.4814883086,((t16:0.1210339709,t31:0.1210339709):0.2315277614,(t21:0.2558600821,(t8:0.01409670638,t2:0.01409670638):0.2417633757):0.09670165019):0.1289265763):0.4362964972,(t10:0.3508842295,t30:0.3508842295):0.5669005762):0.5203536938):0.2844015156):0.7146852004;
15|1.38054272626992|0.0554792191903107|0.548818568349816|(((t9:0.6853669048,t6:0.6853669048):0.2641694839,(t10:0.7752469397,(t12:0.1468782863,t11:0.1468782863):0.6283686534):0.1742894491):0.2237314013,((t1:0.9223361861,(((t7:0.3196755785,t8:0.3196755785):0.05368500174,t13:0.3733605802):0.4443397002,(t15:0.759940228,((t3:0.1388825668,t5:0.1388825668):0.125998743,t14:0.2648813097):0.4950589183):0.0577600524):0.1046359057):0.1256549287,(t2:0.4243225056,t4:0.4243225056):0.6236686093):0.1252766752):1.362585527;
32|2.98992634034948|0.140790476831608|0.828732183435932|((((t19:0.01668889162,t29:0.01668889162):0.5985660049,(((((t22:0.02120350808,t24:0.02120350808):0.03199801859,t14:0.05320152667):0.1102628132,t28:0.1634643398):0.02253206889,t15:0.1859964087):0.3900780442,(((t18:0.1490542293,t1:0.1490542293):0.06138756586,((t4:0.009952126945,t13:0.009952126945):0.006086370212,t8:0.01603849716):0.194403298):0.3129430596,t31:0.5233848547):0.05268959819):0.03918044359):0.03841898854,((t27:0.4182114094,(((t11:0.1725637937,t26:0.1725637937):0.1067333922,t25:0.2792971859):0.1363129236,t16:0.4156101095):0.002601299915):0.07285056907,t2:0.4910619785):0.1626119066):0.3665591071,((t23:0.3206875683,((t7:0.1419405052,((t10:0.01060430347,t9:0.01060430347):0.0456258928,(t3:0.01403008117,t30:0.01403008117):0.0422001151):0.08571030893):0.09785568998,t21:0.2397961952):0.08089137308):0.4523168371,((t5:0.2260452401,t6:0.2260452401):0.4313411919,(t17:0.3996238138,((t32:0.1687592096,t20:0.1687592096):0.1052961983,t12:0.2740554079):0.1255684059):0.2577626182):0.1156179734):0.2472285868):0.811276775;
32|1.49687531631906|0.350884090964682|0.735507316072471|(((t29:0.8377669127,((t12:0.3749980489,((t15:0.153474851,t31:0.153474851):0.01105858363,t22:0.1645334346):0.2104646143):0.214893417,(t28:0.2401975403,t14:0.2401975403):0.3496939256):0.2478754468):0.9638947216,((t27:0.1177331547,t4:0.1177331547):0.7658564503,t8:0.883589605):0.9180720293):0.8462666978,(((t9:0.9444122919,(t11:0.4688979072,(t32:0.07890912558,t23:0.07890912558):0.3899887816):0.4755143847):0.4899592925,(t25:0.7386311987,((t1:0.3050220312,(t6:0.04648937595,(t24:0.04254208392,t13:0.04254208392):0.00394729203):0.2585326552):0.2843868953,t19:0.5894089265):0.1492222722):0.6957403857):1.009483676,((t18:1.64730799,((t21:0.4062965539,t2:0.4062965539):0.5034627493,(t16:0.5096565356,(t30:0.2594130082,(t3:0.0741594761,(t26:0.03853992037,t5:0.03853992037):0.03561955573):0.1852535321):0.2502435274):0.4001027676):0.7375486869):0.5498705638,(t7:0.7669614959,(t10:0.339916082,(t20:0.01117380724,t17:0.01117380724):0.3287422748):0.4270454139):1.430217058):0.246676707):0.2040730713):0.6909367762;
39|1.19948566933163|0.0606689119106159|0.576839318033308|(((t22:0.1380374162,t9:0.1380374162):0.931519915,((t25:0.08698256809,t12:0.08698256809):0.1061179865,t17:0.1931005546):0.8764567767):1.018524359,(((((t1:0.5778360224,t33:0.5778360224):0.774095337,((t18:0.8870874573,t32:0.8870874573):0.1589173014,((t39:0.2091589604,t3:0.2091589604):0.6852859366,t5:0.894444897):0.1515598617):0.3059266007):0.3402065684,((t19:1.086337668,(t14:0.8965946327,((((t37:0.1622917965,(t35:0.0285716989,t6:0.0285716989):0.1337200976):0.4086526032,(t16:0.3233765137,((t21:0.214334536,t20:0.214334536):0.001045002294,t2:0.2153795383):0.1079969754):0.247567886):0.1852892231,t11:0.7562336228):0.1293934634,(t26:0.4859657178,t36:0.4859657178):0.3996613684):0.01096754647):0.1897430349):0.4149719316,((t15:0.6965546579,t23:0.6965546579):0.5477722155,(t8:0.9458277087,(t24:0.9092820924,t31:0.9092820924):0.03654561632):0.2984991646):0.2569827259):0.1908283286):0.1617592148,((t7:0.3269652563,t4:0.3269652563):1.059411972,(t10:1.174658478,((t27:0.8839380913,(t38:0.09677862109,t29:0.09677862109):0.7871594702):0.06370181205,t28:0.9476399033):0.2270185742):0.2117187505):0.4675199146):0.06469223991,(t34:1.647074002,(t13:0.8490337378,t30:0.8490337378):0.7980402643):0.2715153804):0.1694923078):0.9074358389;
14|0.12395874957554|0.44154970186064|0.922332725254819|((((((t1:0.248647619,t14:0.248647619):1.135554564,t5:1.384202183):0.4782957612,t2:1.862497944):4.177386132,((t9:0.9751463719,(t8:0.119870515,t13:0.119870515):0.8552758569):1.046125329,t3:2.021271701):4.018612375):3.003616307,(((t6:0.7404361671,t4:0.7404361671):6.126655523,t12:6.86709169):1.505844669,(t7:5.80488188,t11:5.80488188):2.568054479):0.6705640238):7.990355851,t10:17.03385623):0.4688297485;
27|0.905293522141874|0.155029157442041|0.800067680305801|((((((t5:0.3810332502,(t3:0.1219034545,t1:0.1219034545):0.2591297957):0.2226387393,t15:0.6036719895):0.112018406,((t22:0.1631908414,t9:0.1631908414):0.2450271655,t14:0.408218007):0.3074723885):0.432862348,((((t25:0.02204104922,t4:0.02204104922):0.7629250713,((t11:0.1222709629,t19:0.1222709629):0.1670709407,t2:0.2893419035):0.495624217):0.1020767658,(t23:0.05837587102,t13:0.05837587102):0.8286670153):0.1403529069,(t8:0.3176606943,t24:0.3176606943):0.7097350989):0.1211569503):1.280777566,t6:2.429330309):0.1917315112,((t7:0.6953695323,(t17:0.296117347,t18:0.296117347):0.3992521853):1.693201153,((t16:1.945243147,(t20:0.1948029273,(t21:0.02790302568,t12:0.02790302568):0.1668999016):1.75044022):0.2969551671,(t10:0.843538549,(t27:0.09721696789,t26:0.09721696789):0.7463215811):1.398659765):0.1463723713):0.232491135):0.4051507219;
32|3.89859065589262|0.33704300645506|0.897003104677424|((((t11:0.2629538166,t10:0.2629538166):0.07524684547,(t20:0.261450177,t5:0.261450177):0.07675048514):0.5673690994,(t19:0.4474518148,((t30:0.01050967522,t16:0.01050967522):0.09282816208,t26:0.1033378373):0.3441139775):0.4581179467):0.019772582,((((t2:0.02698427977,t8:0.02698427977):0.05422348792,(t22:0.07196511278,(t9:0.06841493702,(t21:0.06675527668,t13:0.06675527668):0.001659660336):0.003550175764):0.009242654912):0.04325258074,(t24:0.03314994936,(t32:0.0118096741,t18:0.0118096741):0.02134027525):0.09131039908):0.7172585995,((t27:0.190724431,((t12:0.0106372995,t6:0.0106372995):0.1485388756,((t25:0.06953825028,t28:0.06953825028):0.0355242978,t7:0.1050625481):0.05411362698):0.03154825596):0.3409170311,(((t4:0.09588396759,(t17:0.07250183583,t1:0.07250183583):0.02338213176):0.1185390107,((t3:0.03768474848,t31:0.03768474848):0.07545319562,t29:0.1131379441):0.1012850342):0.2541236815,(t15:0.03131327939,(t14:0.02118304855,t23:0.02118304855):0.01013023084):0.4372333804):0.06309480231):0.3100774859):0.08362339556):0.02934285633;
39|0.266101497265045|0.196223742023576|0.880461962660775|(((((t35:1.289410663,t6:1.289410663):5.434215073,t31:6.723625735):1.041382953,(((t39:0.5203923041,t11:0.5203923041):0.9373420048,t3:1.457734309):5.064934303,((((t38:0.6448059899,t17:0.6448059899):0.3481026683,t9:0.9929086582):0.03770544972,t33:1.030614108):0.5035346935,t28:1.534148801):4.98851981):1.242340077):0.4334878936,(t10:0.5556059716,t12:0.5556059716):7.64289061):7.801610302,(((((((t1:1.240361588,t27:1.240361588):0.9139163515,(t26:2.013574139,(t16:1.983858264,(t21:0.5653683849,(t34:0.4283258801,t5:0.4283258801):0.1370425047):1.41848988):0.02971587458):0.1407038003):0.6351892247,t36:2.789467164):1.622271568,(t32:3.906087038,t20:3.906087038):0.5056516945):0.9166618898,((t8:2.783940545,(t13:1.384167408,t15:1.384167408):1.399773137):1.431320029,((t37:2.564517404,t24:2.564517404):0.4025336234,((t25:0.5676421247,((t7:0.2464492279,t29:0.2464492279):0.06444776274,t14:0.3108969906):0.2567451341):2.255785357,t4:2.823427482):0.1436235461):1.248209546):1.113140048):0.06552967915,(t22:3.843972884,t23:3.843972884):1.549957417):1.562895198,(((t19:4.301337133,t18:4.301337133):0.6980065354,t30:4.999343668):1.617984472,t2:6.617328141):0.3394973586):9.043281385):0.1219548222;
41|0.323721685796045|0.313891283243429|0.540385487955064|((((((t39:0.8489230968,t8:0.8489230968):3.891049291,t18:4.739972388):1.28586494,((t26:0.8446050879,t16:0.8446050879):4.959296848,t29:5.803901935):0.2219353925):1.663853062,(((t14:0.3243283584,t7:0.3243283584):0.819535614,t33:1.143863972):5.24631421,((((((t23:0.1087120146,t11:0.1087120146):2.764692249,(t2:0.229443047,t37:0.229443047):2.643961216):0.5981316455,t24:3.471535909):0.1006398911,(t1:1.329832194,t25:1.329832194):2.242343606):0.8947169872,(t17:1.670510753,(t28:0.2058222984,t22:0.2058222984):1.464688455):2.796382034):1.543723187,((t6:2.07368501,t10:2.07368501):0.9894991958,(t35:2.858867404,(t4:1.79377137,t20:1.79377137):1.065096034):0.2043168014):2.947431768):0.3795622083):1.299512208):1.036546775,(t34:1.160085332,t3:1.160085332):7.566151833):0.8243540534,((t30:4.310237097,(((t13:1.007606684,t36:1.007606684):0.3306800887,t15:1.338286773):2.565837189,((t31:2.150901325,((((t38:0.546682009,t27:0.546682009):0.1612439651,(t9:0.5886469412,t21:0.5886469412):0.1192790328):0.7087554411,t12:1.416681415):0.6548864944,(t5:1.170655357,t40:1.170655357):0.9009125526):0.07933341527):1.508253989,(t19:2.477037169,t41:2.477037169):1.182118144):0.2449686478):0.4061131358):1.923019333,t32:6.23325643):3.317334788):0.7863947189;
21|3.3684801764763|0.369302580638323|0.960913486778736|((((((t7:0.09199379462,t3:0.09199379462):0.07191403266,((t18:0.02928168305,t21:0.02928168305):0.1018694178,t11:0.1311511009):0.03275672641):0.1963174879,(t17:0.03683119475,t13:0.03683119475):0.3233941204):0.1115647721,(t10:0.009063521014,t14:0.009063521014):0.4627265663):0.07634329655,(t19:0.0419665739,t15:0.0419665739):0.50616681):0.392147736,(((t12:0.09079676718,t20:0.09079676718):0.2626648287,((t2:0.02580251665,t4:0.02580251665):0.2259181004,t5:0.2517206171):0.1017409788):0.5518517727,(t16:0.23017119,(t9:0.1093256774,(t8:0.09635351458,(t6:0.0364725013,t1:0.0364725013):0.05988101328):0.01297216282):0.1208455126):0.6751421785):0.0349677513):0.2421731512;
30|2.24929891400505|0.341240090460051|0.661478194058873|((((((t16:0.1131378304,t28:0.1131378304):0.1433224409,(t29:0.07527762141,t11:0.07527762141):0.1811826499):0.3070653198,t14:0.563525591):0.1537674759,(t2:0.5605698447,(((t3:0.06235290781,t23:0.06235290781):0.140996091,t10:0.2033489988):0.2067739742,((((t1:0.06018201035,t17:0.06018201035):0.008329814842,t30:0.06851182519):1.24387452e-06,t6:0.06851306907):0.329797815,(((t25:0.1081662309,(t13:0.09099282005,t4:0.09099282005):0.01717341088):0.03116282542,t27:0.1393290563):0.1425402934,t7:0.2818693497):0.1164415343):0.01181208905):0.1504468716):0.1567232222):0.02553131825,t15:0.7428243851):0.6040668382,((((((t20:0.06293455468,t5:0.06293455468):0.0193150455,t12:0.08224960019):0.08973077554,(t24:0.1500847943,(t18:0.1193884743,(t21:0.0373988173,t19:0.0373988173):0.081989657):0.03069632003):0.02189558139):0.04495211847,t26:0.2169324942):0.2077956963,(t22:0.1295265235,t9:0.1295265235):0.295201667):0.06194045578,t8:0.4866686463):0.8602225771):0.3439657621;
26|1.30539409366203|0.446713689635508|0.824091921676882|(((t1:0.02832323179,t3:0.02832323179):1.109486585,((t14:0.002008079969,t10:0.002008079969):0.5874505538,t17:0.5894586337):0.5483511832):0.3419441012,((((((t2:0.3692643287,(t19:0.2698462231,(t8:0.1780967661,t16:0.1780967661):0.091749457):0.09941810556):0.05148634525,(t24:0.4205919091,(t5:0.2010941642,t18:0.2010941642):0.2194977448):0.0001587648653):0.3781661438,(t22:0.1603885176,t25:0.1603885176):0.6385283001):0.1073769078,((t9:0.06171412278,t23:0.06171412278):0.4998937618,(t20:0.4957571816,t7:0.4957571816):0.06585070298):0.3446858409):0.09322969281,((t15:0.1108359703,t21:0.1108359703):0.03491444587,(t26:0.1186673383,t13:0.1186673383):0.02708307788):0.8537730021):0.1562703708,((t4:0.1885236084,(t6:0.04965635187,t11:0.04965635187):0.1388672565):0.7898687411,t12:0.9783923494):0.1774014397):0.323960129):0.2814071983;
32|2.90673174691154|0.453231565591414|0.861051668180153|(((t30:0.09428871201,t2:0.09428871201):0.618470934,((t28:0.1316635619,t5:0.1316635619):0.2191974449,(t14:0.02634879227,t3:0.02634879227):0.3245122145):0.3618986393):0.3717436214,((t12:0.1901148749,t23:0.1901148749):0.62487993,((((t1:0.1206687659,t9:0.1206687659):0.1176991742,(t32:0.1619995619,(t31:0.1399444565,(t24:0.04051622736,t8:0.04051622736):0.09942822914):0.02205510541):0.07636837821):0.2887425249,((t20:0.3059660027,(t17:0.2858925786,t18:0.2858925786):0.02007342405):0.1412058063,((t26:0.01310512193,t22:0.01310512193):0.274946831,((((t27:0.02377917408,t25:0.02377917408):0.176445265,(t15:0.03784751071,t6:0.03784751071):0.1623769284):0.006399532918,(t21:0.03372391403,t11:0.03372391403):0.172900058):0.04872874193,(t4:0.01803117412,t10:0.01803117412):0.2373215398):0.03269923898):0.159119856):0.07993865604):0.1026368484,((t29:0.1935548969,(t13:0.1057685484,t16:0.1057685484):0.08778634856):0.2120781811,(t19:0.01408545131,t7:0.01408545131):0.3915476267):0.2241142354):0.1852474915):0.2695084625):1.244496054;
46|2.72217146838084|0.44025380810257|0.957519206916913|((t40:0.5596551712,(t31:0.1235147057,((t37:0.05621839813,t9:0.05621839813):0.005836699298,t10:0.06205509743):0.06145960831):0.4361404654):0.4210905095,(((t21:0.6292924819,((t25:0.2188536123,t36:0.2188536123):0.04933006119,((t41:0.06071507328,t3:0.06071507328):0.06771159423,t22:0.1284266675):0.139757006):0.3611088084):0.1470526877,(((t7:0.1830096691,t18:0.1830096691):0.1355458894,(t13:0.2867042626,t44:0.2867042626):0.03185129594):0.3835374742,t17:0.7020930327):0.07425213685):0.1736187342,(((t46:0.6028920499,(t16:0.2284201329,t12:0.2284201329):0.374471917):0.06308710534,((t14:0.445254051,(((((t5:0.02682911117,t8:0.02682911117):0.008972043891,(t33:0.02737907388,t24:0.02737907388):0.008422081182):0.106274914,t19:0.142076069):0.1737627777,((t23:0.04773876478,(t39:0.00186576517,t1:0.00186576517):0.04587299961):0.06448514961,t29:0.1122239144):0.2036149323):0.01806744205,((t6:0.2347934513,(t26:0.2254244663,((t43:0.1813163133,(t20:0.06831882048,t30:0.06831882048):0.1129974929):0.01381810549,t35:0.1951344188):0.03029004753):0.009368984926):0.04747312883,(((t27:0.07145659947,t4:0.07145659947):0.003040913768,(t42:0.0169172627,t45:0.0169172627):0.05758025054):0.0836725994,t11:0.1581701126):0.1240964675):0.05163970866):0.1113477622):0.08436773359,t34:0.5296217846):0.1363573707):0.1443990336,((t15:0.3943492761,(t38:0.1702419786,t32:0.1702419786):0.2241072976):0.04696793775,(t28:0.3538996458,t2:0.3538996458):0.08741756813):0.3690609749):0.1395857149):0.03078177696):0.9137971796;
28|0.386386541735847|0.434082638479304|0.82759629690554|((((t23:2.025631071,t3:2.025631071):2.038761814,(((((t15:0.4433575241,t24:0.4433575241):0.2161002047,t28:0.6594577289):0.4170891012,(t17:0.3313005661,t2:0.3313005661):0.745246264):0.2865539178,(t19:0.8568926749,t7:0.8568926749):0.506208073):1.818732633,t14:3.181833381):0.8825595045):1.632539936,(t21:5.580736376,((t8:3.442372752,((((t5:0.2240421672,(t27:0.04572676768,t13:0.04572676768):0.1783153995):0.2602398495,t22:0.4842820167):0.2772382679,t16:0.7615202846):0.02563553546,t1:0.7871558201):2.655216932):1.681227539,((((t9:0.1208778019,t4:0.1208778019):0.554059499,t10:0.6749373009):0.3150137357,t20:0.9899510366):3.96888788,t25:4.958838917):0.1647613735):0.4571360853):0.1161964458):8.110072006,(((t18:0.231454054,t11:0.231454054):0.008664354787,t12:0.2401184088):2.958623743,(t6:2.048504414,t26:2.048504414):1.150237738):10.60826268):7.319950818;
42|3.36317960923538|0.353644975174684|0.669767172657885|((((((t4:0.01385061865,t23:0.01385061865):0.2428268085,t7:0.2566774271):0.004019600553,(((t40:0.1199669322,(t34:0.00422665792,t37:0.00422665792):0.1157402743):0.04693574128,((t9:0.1465961442,((t27:0.004677031329,t14:0.004677031329):0.06826477737,(t20:0.01365094454,t32:0.01365094454):0.05929086415):0.0736543355):0.00802774715,t19:0.1546238914):0.01227878213):0.04677610186,((t36:0.04611358391,t28:0.04611358391):0.1385420983,t12:0.1846556822):0.0290230931):0.04701825231):0.4186490086,((t24:0.006273307127,t3:0.006273307127):0.03242358673,t22:0.03869689386):0.6406491424):0.4183297415,((t5:0.08429153757,t2:0.08429153757):0.9474689107,(((t1:0.678385549,(((t31:0.02743606472,t35:0.02743606472):0.2554310003,(t16:0.03358252821,(t29:0.02154117377,t39:0.02154117377):0.01204135444):0.2492845368):0.3041045949,t25:0.5869716598):0.09141388915):0.01763806928,((((t11:0.05978230965,t13:0.05978230965):0.03562110686,t10:0.09540341651):0.2624521942,t17:0.3578556107):0.06836053376,((t30:0.2699801988,t6:0.2699801988):0.07651343894,((t8:0.02431064886,t21:0.02431064886):0.2302508764,((t41:0.07599024333,t26:0.07599024333):0.02131686675,t15:0.09730711008):0.1572544152):0.09193211244):0.07972250676):0.2698074738):0.2659007769,(t33:0.3626698465,(t42:0.005084631961,t38:0.005084631961):0.3575852146):0.5992545486):0.06983605313):0.06591532948):0.04061800823,t18:1.138293786):0.8678347213;
48|3.32327351127984|0.196201335105579|0.637029551551677|((((t42:0.1281233525,t16:0.1281233525):0.1397989443,((t33:0.0648363282,t7:0.0648363282):0.1227120005,t3:0.1875483287):0.0803739681):0.3545612928,(((((t37:0.124121188,(t8:0.03107407468,t38:0.03107407468):0.09304711336):0.03837483223,t24:0.1624960203):0.01766974568,((t14:0.1485431262,t27:0.1485431262):0.004147576695,(t1:0.1103247176,t9:0.1103247176):0.04236598531):0.02747506301):0.07176288559,(t43:0.1791050208,(t17:0.07139390493,t25:0.07139390493):0.1077111159):0.07282363074):0.3059095888,t35:0.5578382403):0.06464534925):0.769351283,(((((t6:0.2338576073,t30:0.2338576073):0.3338352129,(t34:0.1136700843,(t21:0.04771754964,t5:0.04771754964):0.06595253469):0.4540227359):0.1894987609,((t32:0.1297481474,t10:0.1297481474):0.01536907612,(t13:0.1322315978,(t4:0.05149817908,t28:0.05149817908):0.08073341868):0.01288562572):0.6120743576):0.3448031928,(t44:0.4531849142,(t12:0.1060036533,t45:0.1060036533):0.347181261):0.6488098597):0.0409426773,((((t48:0.2424369701,t31:0.2424369701):0.128106831,(((t36:0.245673154,(t40:0.1256092105,t11:0.1256092105):0.1200639435):0.03705581599,t15:0.28272897):0.03070710501,t19:0.313436075):0.05710772604):0.4488237028,((t22:0.3421858052,t26:0.3421858052):0.05842645495,(t47:0.3779299926,((t46:0.1156214546,t29:0.1156214546):0.2478603696,(t20:0.2447005901,t23:0.2447005901):0.1187812342):0.01444816841):0.02268226757):0.4187552437):0.2262330042,((t41:0.1480356928,(t2:0.1097745807,t39:0.1097745807):0.0382611121):0.3292329766,t18:0.4772686694):0.5683318388):0.09733694307):0.2488974213):0.1426911803;
12|1.2054968363652|0.119047379153781|0.739687484805472|((((t3:0.270346786,(t10:0.1282877094,t7:0.1282877094):0.1420590766):0.5025719303,t1:0.7729187163):0.2809587587,((t5:0.9519044161,((t11:0.4207411064,t9:0.4207411064):0.1819038484,(t8:0.3728201607,t6:0.3728201607):0.2298247942):0.3492594612):0.02462271574,t2:0.9765271318):0.07735034322):1.138116981,(t4:0.0806608805,t12:0.0806608805):2.111333576):0.2139493653;
14|0.806422797937412|0.311595576517284|0.903334065922536|(((t4:0.3228185031,t6:0.3228185031):0.1122887103,t1:0.4351072134):1.264805315,((t9:1.081227563,(t12:0.6892792655,(t8:0.6668697148,(t2:0.261198091,(t14:0.005161478935,t11:0.005161478935):0.2560366121):0.4056716238):0.02240955071):0.3919482979):0.2252523099,((t10:0.3122240843,t7:0.3122240843):0.7678264861,((t5:0.1493223464,t3:0.1493223464):0.0355420024,t13:0.1848643488):0.8951862216):0.2264293029):0.3934326551):0.3919705266;
33|1.3410234875395|0.261775313648395|0.980030052945949|((((t17:0.4453860813,t4:0.4453860813):0.1354448418,(t27:0.04351883101,t12:0.04351883101):0.5373120921):0.7005790648,((((t5:0.4663794017,(t15:0.4269158034,((t7:0.1145988698,t25:0.1145988698):0.1024876809,(t2:0.1696058942,t30:0.1696058942):0.0474806565):0.2098292527):0.03946359831):0.5301396674,(t28:0.388787326,t11:0.388787326):0.607731743):0.1471405362,(t13:0.8583657715,(t23:0.2313599493,t6:0.2313599493):0.6270058222):0.2852938338):0.01744079356,(((t10:0.509449424,t29:0.509449424):0.03272463419,t21:0.5421740582):0.1069302924,t31:0.6491043506):0.5119960482):0.1203095891):0.1327187865,(((t9:0.655089564,(t19:0.3179145768,t18:0.3179145768):0.3371749873):0.1193423287,(t16:0.6021682664,(t33:0.1708410537,t20:0.1708410537):0.4313272127):0.1722636263):0.3288203718,((t32:0.5199850378,(t22:0.5183163531,(t3:0.3459402258,t14:0.3459402258):0.1723761274):0.001668684655):0.5025538716,(t26:0.7913980711,((t24:0.6385807965,t8:0.6385807965):0.09084393072,t1:0.7294247272):0.06197334387):0.2311408383):0.08071335506):0.3108765099):1.081090365;
11|0.309802905616816|0.121058694787789|0.648660311708227|((t4:8.781850021,(t7:7.21157266,(((t6:1.932094438,t11:1.932094438):1.121694789,(t2:0.6435743669,t10:0.6435743669):2.41021486):1.930332802,t8:4.984122029):2.227450631):1.570277361):0.6420445089,((t1:0.7953676437,t5:0.7953676437):1.584742473,(t9:0.4638676795,t3:0.4638676795):1.916242437):7.043784413):0.06961700031;
28|3.87946915200679|0.301249733914155|0.722461369005032|(((((t25:0.1927511481,t20:0.1927511481):0.3020180008,((t24:0.2636008413,((t13:0.09049086602,t18:0.09049086602):0.05622127979,t15:0.1467121458):0.1168886955):0.02036166551,((t8:0.005689233917,t12:0.005689233917):0.171849936,t5:0.1775391699):0.1064233369):0.2108066421):0.1433361174,(t1:0.5217906038,(t17:0.4008609272,t11:0.4008609272):0.1209296766):0.1163146626):0.1118552091,t9:0.7499604755):0.09741766639,(((t2:0.1462168676,(t27:0.05910420622,t28:0.05910420622):0.08711266139):0.1149282251,(t26:0.1802724967,((t16:0.01400835303,t14:0.01400835303):0.06463720458,(t6:0.06355747215,t4:0.06355747215):0.01508808547):0.1016269391):0.08087259594):0.2913276904,(t7:0.2864389594,((t10:0.005469320672,t3:0.005469320672):0.1584952708,((t21:0.01619236302,t19:0.01619236302):0.04826092528,(t23:0.05093758272,t22:0.05093758272):0.01351570558):0.09951130317):0.122474368):0.2660338236):0.2949053588):0.004048652404;
39|1.91701509128092|0.0102387768216431|0.890794169157743|((((t11:0.6176643531,(t36:0.4824983842,((t25:0.04225124902,t39:0.04225124902):0.2831655224,(t1:0.2358336097,(t22:0.1391584985,(t13:0.03808996417,t31:0.03808996417):0.1010685344):0.09667511118):0.08958316167):0.1570816128):0.1351659689):1.137446491,t5:1.755110844):0.05031015402,((t7:0.762911638,(t34:0.235006393,t15:0.235006393):0.527905245):0.3845991156,((t21:0.2421867498,t9:0.2421867498):0.08679982913,((t24:0.007955630857,t32:0.007955630857):0.2439862449,t6:0.2519418758):0.07704470311):0.8185241747):0.6579102449):0.1540147085,((t19:1.535494333,((t37:0.5082422519,(t2:0.1247123242,t38:0.1247123242):0.3835299278):0.2399932292,(((t30:0.1926093799,t26:0.1926093799):0.01720152717,t33:0.2098109071):0.129180929,(t27:0.1625266735,t16:0.1625266735):0.1764651626):0.4092436451):0.7872588515):0.02410346474,(((((t4:0.05889720984,t8:0.05889720984):0.01287065063,t3:0.07176786047):0.07650892075,(t10:0.1147437089,t28:0.1147437089):0.03353307233):0.7128578388,(t14:0.2823859092,t17:0.2823859092):0.5787487108):0.4488242252,(((t12:0.1689216931,(t29:0.00186221161,t35:0.00186221161):0.1670594814):0.591454378,(t18:0.7184256259,t23:0.7184256259):0.0419504452):0.1213883874,t20:0.8817644585):0.4281943867):0.2496389522):0.3998379096):0.3175904773;
20|0.50175816153409|0.0397830454702489|0.841435384470969|((((((t10:0.6632281305,t15:0.6632281305):1.273781327,(t5:1.62352095,(t13:1.531211007,(t4:1.396562334,t18:1.396562334):0.1346486739):0.09230994276):0.3134885071):0.116733488,(t12:0.07454181943,t20:0.07454181943):1.979201126):1.488842981,(t9:0.8409393418,t7:0.8409393418):2.701646584):0.03629563163,(((t19:0.8878302075,(t8:0.5450455802,t17:0.5450455802):0.3427846273):1.301658257,((t11:1.097216477,t6:1.097216477):0.5573088605,t3:1.654525337):0.5349631274):0.1130330836,(t2:0.5711834996,t14:0.5711834996):1.731338049):1.276360009):1.477256006,(t1:1.639734039,t16:1.639734039):3.416403525):1.871245258;
23|0.20629558123881|0.189981665723026|0.800883063464426|((((t19:0.8410334926,t6:0.8410334926):3.892195534,t3:4.733229027):0.779794311,((t2:1.511596597,t23:1.511596597):0.3306437877,(t5:1.619034125,t9:1.619034125):0.2232062598):3.670782953):5.714251814,((t14:4.485774884,(((t8:0.3347169323,t17:0.3347169323):0.3785962394,t4:0.7133131716):3.692880844,(((t1:2.322919688,t18:2.322919688):1.605548533,((t7:2.602288677,(t21:0.7907910277,t10:0.7907910277):1.81149765):0.5851235661,t22:3.187412243):0.7410559776):0.2727311672,(t20:2.777197126,(t11:1.463858238,t15:1.463858238):1.313338888):1.424002262):0.2049946272):0.07958086836):2.013010352,(t13:3.773579012,(t12:2.25143279,t16:2.25143279):1.522146222):2.725206224):4.728489915):13.51965466;
40|1.39476945690112|0.312565144789405|0.602783059352078|((((t1:0.08789936764,t26:0.08789936764):0.8436347133,(((((t2:0.02162496184,t6:0.02162496184):0.07283288266,t27:0.0944578445):0.1087378495,((t3:0.007568623535,t7:0.007568623535):0.08852124181,t23:0.09608986535):0.1071058287):0.1062101928,t13:0.3094058868):0.2221772383,t36:0.5315831251):0.3999509558):0.3884191396,(((t21:0.5821002725,t35:0.5821002725):0.5665162423,t4:1.148616515):0.164174232,((t16:0.618355813,((t25:0.1207215521,(t15:0.1080555603,t28:0.1080555603):0.01266599172):0.230349393,t12:0.3510709451):0.2672848679):0.01443181419,t32:0.6327876272):0.6800031197):0.007162473686):1.027400395,(((t18:1.033575839,(t8:0.5279940571,((t14:0.1785951864,(t5:0.1091514,t37:0.1091514):0.06944378633):0.2772144039,(t39:0.01179779623,t11:0.01179779623):0.4440117941):0.07218446679):0.5055817819):0.3230491264,t22:1.356624965):0.7936156579,(((t29:0.9389718572,(t9:0.3565373427,t30:0.3565373427):0.5824345145):0.006304419566,(t40:0.2382540756,(t38:0.07063220736,t17:0.07063220736):0.1676218682):0.7070222012):0.1657441547,(((t33:0.001647924932,t24:0.001647924932):0.2363857432,(t10:0.08269755157,t19:0.08269755157):0.1553361166):0.4218869774,((t34:0.5102083488,t31:0.5102083488):0.02145652861,t20:0.5316648774):0.1282557681):0.451099786):1.039220192):0.1971129923):0.1272400717;
35|2.62235048058443|0.401151834710035|0.656029578414746|(((((t21:0.4132266023,(((t31:0.02691055286,t2:0.02691055286):0.2271512312,t6:0.254061784):0.1270130279,t32:0.3810748119):0.03215179046):0.06872764806,(t25:0.4598602236,(t34:0.1393027076,t19:0.1393027076):0.3205575159):0.02209402683):0.09096744566,(t8:0.4264347013,t14:0.4264347013):0.1464869948):0.1157533401,(t13:0.4702445614,((t24:0.3103883452,(t29:0.2888756152,(((t12:0.108374366,t22:0.108374366):0.0132090748,t18:0.1215834408):0.1641133159,t1:0.2856967566):0.003178858609):0.02151272994):0.0687948316,(t30:0.01832807998,t15:0.01832807998):0.3608550968):0.09106138466):0.2184304747):0.4329643865,(((t16:0.1047748135,t4:0.1047748135):0.2702667953,((t27:0.0769118335,t7:0.0769118335):0.03784696817,t20:0.1147588017):0.2602828071):0.4701439948,(((t23:0.2225948447,(t17:0.1969542458,((t33:0.06544415725,t28:0.06544415725):0.09586051289,t5:0.1613046701):0.03564957562):0.02564059893):0.1502668492,(t11:0.06144185032,t9:0.06144185032):0.3114198435):0.3391717545,(((t3:0.003344182301,t10:0.003344182301):0.01405792014,t35:0.01740210244):0.2521584341,t26:0.2695605365):0.4424729118):0.1331521553):0.276453819):1.201512804;
38|2.99334438245744|0.351662935067434|0.791039301548153|(t28:1.03039707,(((t15:0.4695337469,((((t25:0.2043944099,((t11:0.05361012692,t20:0.05361012692):0.07332341216,t5:0.1269335391):0.07746087081):0.06015255442,t38:0.2645469643):0.05487014927,t36:0.3194171136):0.02090346601,(t23:0.03207159516,t10:0.03207159516):0.3082489844):0.1292131673):0.1233644444,(((t32:0.2038952985,t27:0.2038952985):0.1657521238,(t13:0.3329070706,(t18:0.02651645668,t24:0.02651645668):0.3063906139):0.03674035171):0.1866130437,((((t3:0.1399610898,t2:0.1399610898):0.2098327792,(((t4:0.01141876977,(t6:0.005350381011,t8:0.005350381011):0.006068388757):0.08071481607,t22:0.09213358584):0.1272555953,t19:0.2193891811):0.1304046879):0.1203462288,((t14:0.09758155982,t29:0.09758155982):0.2375157659,((t33:0.2196005288,t1:0.2196005288):0.05214212592,t16:0.2717426547):0.063354671):0.1350427721):0.07198789562,((t35:0.173063999,(t34:0.1357217982,t37:0.1357217982):0.03734220084):0.02997837721,(((t26:0.001189813232,t12:0.001189813232):0.0417045365,t30:0.04289434973):0.1050793695,(t31:0.06252391789,t17:0.06252391789):0.08544980138):0.05506865697):0.3390856172):0.01413247258):0.03663772523):0.08625754472,((t7:0.1056881136,t9:0.1056881136):0.1734070674,t21:0.279095181):0.400060555):0.3512413342):0.1142995765;
19|3.06909045685315|0.311196207846515|0.564756544074044|((t19:0.2478630688,(t13:0.1289147845,t3:0.1289147845):0.1189482843):0.7551533535,((((t15:0.1276067606,t5:0.1276067606):0.045339839,(t11:0.03141373605,t6:0.03141373605):0.1415328635):0.1017794355,((t17:0.1092348293,t12:0.1092348293):0.1493396756,((t10:0.02525684771,t9:0.02525684771):0.1648556721,(t16:0.1145218773,t1:0.1145218773):0.07559064247):0.06846198514):0.01615153017):0.2002142917,(((t2:0.08077257981,t18:0.08077257981):0.08308401329,((t14:0.003957408328,t7:0.003957408328):0.08583080102,t8:0.08978820935):0.07406838375):0.06112715468,t4:0.2249837478):0.2499565791):0.5280760954):0.2592354455;
16|1.56895874813199|0.0765123846312053|0.607886215671897|(((((t13:0.2322267017,t12:0.2322267017):0.6321624455,((t10:0.06469320522,t4:0.06469320522):0.5852274617,(t11:0.1765362082,t3:0.1765362082):0.4733844588):0.2144684802):0.02935729462,(((t9:0.05375161615,t7:0.05375161615):0.43978335,t14:0.4935349661):0.3436952846,t15:0.8372302507):0.05651619105):0.2160698738,(t1:0.9228907106,((t16:0.565573374,t6:0.565573374):0.05449397776,t5:0.6200673517):0.3028233589):0.186925605):0.1196758076,(t8:1.107130565,t2:1.107130565):0.1223615582):0.09768920172;
32|1.78178470659768|0.248475791530218|0.793895410490222|((t24:1.227730549,((t14:0.2461701373,t19:0.2461701373):0.5971153539,(t23:0.5274419817,t27:0.5274419817):0.3158435094):0.3844450583):0.5504820384,((t9:1.11342992,((((((t3:0.1565654835,t4:0.1565654835):0.1064140409,t31:0.2629795245):0.4053965556,t8:0.6683760801):0.02705547484,((t5:0.00130942997,t22:0.00130942997):0.287305086,t2:0.288614516):0.4068170389):0.2327704061,(t1:0.474591014,t26:0.474591014):0.453610947):0.1720789268,((t20:0.6019710517,t15:0.6019710517):0.4071388134,(((t12:0.488829271,(t25:0.2253034511,(t10:0.001793794866,t30:0.001793794866):0.2235096562):0.2635258199):0.1520214793,(t18:0.1731619077,t7:0.1731619077):0.4676888426):0.2095914278,(t29:0.7932250404,t6:0.7932250404):0.05721713771):0.1586676869):0.09117102271):0.0131490324):0.1257162024,((t16:0.7369961197,t11:0.7369961197):0.2844236892,(t28:0.4681683964,((t32:0.2929397272,t21:0.2929397272):0.1505762104,(t13:0.04565200959,t17:0.04565200959):0.397863928):0.02465245877):0.5532514126):0.2177263136):0.5390664653):0.05286165101;
22|2.64306738906074|0.171508187020663|0.8771092959214|(((((t16:0.05213801825,t1:0.05213801825):0.271074992,((t20:0.1065723822,t12:0.1065723822):0.005950343131,(t3:0.06007753177,t4:0.06007753177):0.05244519352):0.210690285):0.1031867225,t19:0.4263997328):0.04376435196,(t10:0.1760636768,((t2:0.008360222812,t14:0.008360222812):0.1341313683,t6:0.1424915911):0.03357208569):0.2941004079):0.1119892775,(((t17:0.1230066749,(t22:0.006558080828,t8:0.006558080828):0.1164485941):0.1163150416,t5:0.2393217165):0.2756123512,(t9:0.4251374873,(((t7:0.0363152791,t13:0.0363152791):0.04182100424,(t11:0.02674683835,(t18:0.008631309317,t21:0.008631309317):0.01811552903):0.051389445):0.2444111153,t15:0.3225473986):0.1025900887):0.08979658042):0.0672192945):0.5626473105;
38|3.64240025387611|0.308603030066006|0.811490041087382|(((((t33:0.02148069366,t13:0.02148069366):0.2919260398,t10:0.3134067334):0.061315813,(t9:0.2476761035,(((t15:0.01556726955,t22:0.01556726955):0.1206398664,(t5:0.0748345673,t31:0.0748345673):0.06137256869):0.03408785064,((t3:0.0735016318,t21:0.0735016318):0.09602590397,(t16:0.03610839865,t18:0.03610839865):0.1334191371):0.0007674508646):0.07738111686):0.1270464429):0.01934143324,(((t29:0.02002825691,t25:0.02002825691):0.2305339828,(t12:0.197952173,(((t17:0.005642636484,t26:0.005642636484):0.09589858367,t38:0.1015412202):0.05485415367,((t1:0.1059872104,(t2:0.02209071546,t11:0.02209071546):0.08389649493):0.01155863334,((t24:0.004400573271,t35:0.004400573271):0.06851728529,t37:0.07291785856):0.04462798517):0.0388495301):0.04155679916):0.05261006672):0.02779820944,(t20:0.186407406,(t34:0.02713353176,t36:0.02713353176):0.1592738743):0.09195304313):0.1157035305):0.08292018869,(((t6:0.0168632389,t28:0.0168632389):0.1719273411,((((t23:0.06911138854,t14:0.06911138854):0.01210423644,t27:0.08121562498):0.02307499376,(t8:0.01655345422,t32:0.01655345422):0.08773716452):0.05708169528,t19:0.161372314):0.02741826595):0.1585157421,(t30:0.3182424038,(t4:0.2072300252,t7:0.2072300252):0.1110123786):0.02906391822):0.1296778463):0.1161023373;
30|0.792681707420852|0.485853848978877|0.974561092443764|(((((((t1:0.0362665842,t4:0.0362665842):0.3763707278,(t5:0.3378285194,t8:0.3378285194):0.07480879259):0.4423736906,((t20:0.1190243786,t18:0.1190243786):0.6641426126,t17:0.7831669913):0.07184401135):0.5829947577,(((t12:0.01471401538,t11:0.01471401538):0.04828791125,t7:0.06300192663):0.3108921816,t21:0.3738941083):1.064111652):0.2862022141,((t28:0.535030399,t19:0.535030399):0.8009708627,(((t2:0.7870583981,t13:0.7870583981):0.1600211068,(t10:0.6679959398,t30:0.6679959398):0.2790835651):0.1164862022,(((t3:0.1268294399,(t25:0.002473624392,t16:0.002473624392):0.1243558155):0.110224752,(t14:0.04052691688,t15:0.04052691688):0.196527275):0.1515956056,(t22:0.143600712,t9:0.143600712):0.2450490855):0.6749159097):0.2724355546):0.3882067127):0.07022291238,(t27:1.037673423,t26:1.037673423):0.7567574641):0.6009449234,(t29:0.6975975208,(t6:0.3294350245,(t24:0.2172710904,t23:0.2172710904):0.1121639341):0.3681624963):1.697778289):0.2230650284;
11|2.66575620306656|0.190014329748228|0.732489717425779|((t4:0.2942625433,t1:0.2942625433):0.6235660724,(((t11:0.1143830169,t9:0.1143830169):0.2950119581,t10:0.409394975):0.399382499,(t7:0.257720659,(((t5:0.06285794156,t8:0.06285794156):0.04020966844,t6:0.10306761):0.1383383655,(t3:0.1262214701,t2:0.1262214701):0.1151845054):0.01631468344):0.551056815):0.1090511417):0.1023916401;
43|3.86141859735828|0.344672042024322|0.569954412640072|((((t23:0.07069268587,t41:0.07069268587):0.3146230122,((t34:0.1456580398,((t7:0.04753796335,t11:0.04753796335):0.04419547297,(t36:0.04480733996,t18:0.04480733996):0.04692609635):0.05392460344):0.1379756771,((t19:0.1873558482,(t33:0.05279559672,t43:0.05279559672):0.1345602514):0.007719141748,t22:0.1950749899):0.08855872694):0.1016819813):0.0004266143752,(((((t38:0.07456924883,t30:0.07456924883):0.1038017883,t1:0.1783710371):0.01568961543,(((t9:0.1628157984,t17:0.1628157984):0.01774279085,t21:0.1805585893):0.001517010717,t27:0.1820756):0.0119850526):0.1130748487,(t42:0.02124896983,t20:0.02124896983):0.2858865314):0.0127142059,((((t29:0.0518654446,t39:0.0518654446):0.1159725187,(t37:0.05427096945,t16:0.05427096945):0.1135669939):0.1216489491,((t2:0.1313968761,(t8:0.1286969802,t14:0.1286969802):0.002699895895):0.1307979695,(t12:0.1919283623,(t5:0.01798015855,t3:0.01798015855):0.1739482037):0.0702664833):0.02729206684):0.02221989247,((((t31:0.1305966892,t6:0.1305966892):0.0230873032,t28:0.1536839924):0.02109976427,t24:0.1747837567):0.09099748569,t10:0.2657812424):0.04592556248):0.008142902296):0.06589260532):0.03435529109,(t4:0.3419931969,((t13:0.138476436,t26:0.138476436):0.1559779834,((t25:0.08802377419,t32:0.08802377419):0.1556099993,(t35:0.07968286111,(t40:0.003437746947,t15:0.003437746947):0.07624511416):0.1639509124):0.05082064588):0.04753877756):0.07810440666):0.4101990235;
37|2.48728227879154|0.451417561511043|0.90661802503746|((((((t6:0.06888305064,t35:0.06888305064):0.1576106905,(t8:0.1543925906,t13:0.1543925906):0.07210115052):0.1124444088,t20:0.3389381499):0.07767666879,((t14:0.2595011718,(t34:0.003451320005,t19:0.003451320005):0.2560498518):0.086082667,t31:0.3455838388):0.07103097989):0.5831445101,((t16:0.2444582515,t18:0.2444582515):0.4736325756,(t33:0.6635893469,(((t23:0.2033216225,(t26:0.1607641978,t32:0.1607641978):0.0425574247):0.1305933492,(t2:0.2969165855,((t1:0.1373803747,(t22:0.04618089863,t12:0.04618089863):0.0911994761):0.002742222429,t3:0.1401225972):0.1567939883):0.03699838627):0.2005160703,((t24:0.135645141,(t27:0.04543869595,t36:0.04543869595):0.09020644504):0.2918860367,t5:0.4275311777):0.1068998643):0.1291583049):0.05450148029):0.2816685017):0.7308333149,((((((t15:0.0120287771,t9:0.0120287771):0.2155105233,t10:0.2275393004):0.0589004361,t30:0.2864397365):0.2460588576,t17:0.5324985941):0.03008247755,((t28:0.1025232868,t25:0.1025232868):0.42180042,(t21:0.3752476618,(t4:0.3222626767,(t7:0.1824618424,t11:0.1824618424):0.1398008343):0.05298498507):0.149076045):0.03825736487):0.1578576195,(t37:0.2205882776,t29:0.2205882776):0.4998504135):1.010153953):0.4520896297;
27|0.968078513762448|0.280844674764667|0.727887500543147|((((((t24:0.3134708536,(t1:0.05011909819,t7:0.05011909819):0.2633517554):0.2547032995,t8:0.5681741531):0.4354556306,((t2:0.2060799049,t5:0.2060799049):0.412387291,(t23:0.4122267254,(t22:0.13628256,t26:0.13628256):0.2759441654):0.2062404705):0.3851625878):0.18781392,(t3:0.8987847119,t12:0.8987847119):0.2926589917):0.925881831,((t9:0.133988726,t10:0.133988726):0.349494593,t4:0.483483319):1.633842216):0.06301660646,(((t11:1.421780423,((t15:0.2044678315,t19:0.2044678315):0.921702128,(t17:0.8122019472,((t27:0.2064157354,t20:0.2064157354):0.02883309705,t6:0.2352488325):0.5769531147):0.3139680124):0.2956104633):0.1345137678,t13:1.556294191):0.0468086343,(((t25:0.3633235779,t14:0.3633235779):0.465911113,(t18:0.3315261236,t21:0.3315261236):0.4977085673):0.3808487935,t16:1.210083484):0.3930193406):0.5772393162):0.7555000197;
35|0.632954121986404|0.100453289255965|0.630003705970012|(((((((t6:0.7314570953,(t20:0.01632004938,t28:0.01632004938):0.7151370459):1.708339254,(t8:0.7630162417,t12:0.7630162417):1.676780107):1.011277703,(t15:1.864934484,((t30:0.5027828028,t25:0.5027828028):1.308427739,t27:1.811210542):0.0537239418):1.586139568):0.2677549621,((t1:2.004819972,(t14:0.8596701154,t9:0.8596701154):1.145149857):1.358129676,(t3:1.162719387,t10:1.162719387):2.200230262):0.3558793653):0.7327729519,((t13:2.614144937,((((t7:0.160708987,(t2:0.1474499742,t22:0.1474499742):0.01325901276):0.372957475,t26:0.5336664619):0.5267221521,t5:1.060388614):1.362456525,t23:2.422845139):0.1912997975):0.1646458064,((t32:0.3597420775,t24:0.3597420775):1.011464467,(t19:0.1576858135,t21:0.1576858135):1.213520731):1.407584199):1.672811223):0.5632712409,((t18:2.247997552,t33:2.247997552):2.763881576,((t34:1.479160432,(t29:1.359449508,t4:1.359449508):0.1197109238):0.7886154771,t16:2.267775909):2.744103218):0.002994079298):0.1758573124,(t35:2.093151553,((t31:0.5251192522,t17:0.5251192522):0.09872442724,t11:0.6238436794):1.469307874):3.097578966):2.561100545;
14|2.17562150082085|0.34717511410825|0.559269583085552|((((t7:0.1050283057,t13:0.1050283057):0.3341924026,t3:0.4392207083):0.034654126,((((t4:0.07326531891,t1:0.07326531891):0.1962194395,t9:0.2694847585):0.02589099686,((t6:0.05797851508,t14:0.05797851508):0.19514843,t11:0.253126945):0.04224881028):0.03841402692,((t10:0.07033015458,t5:0.07033015458):0.2235675612,t8:0.2938977158):0.03989206649):0.1400850521):0.137906166,(t12:0.4597525618,t2:0.4597525618):0.1520284386):0.4039081733;
19|2.41477788251592|0.121588252601214|0.591611865907907|(((t17:0.05555799407,t13:0.05555799407):0.8666566004,(t16:0.6354691906,((t5:0.08602604001,t10:0.08602604001):0.2242118057,t7:0.3102378457):0.3252313449):0.2867454039):0.02958023031,((t6:0.1644079838,t12:0.1644079838):0.6231882798,(((t15:0.5647991561,t8:0.5647991561):0.04738328221,(t1:0.4072992805,((t3:0.03920074049,t9:0.03920074049):0.007626614859,t4:0.04682735535):0.3604719251):0.2048831579):0.06792905006,(t11:0.4650687573,(t14:0.4628747725,((t18:0.1172482727,t19:0.1172482727):0.1119781069,t2:0.2292263796):0.233648393):0.002193984777):0.2150427311):0.1074847752):0.1641985612):0.5449939145;
39|2.65972855288768|0.342993508402724|0.696521640871651|((((t33:0.07196152504,t38:0.07196152504):0.1479082019,(t20:0.002570393789,t29:0.002570393789):0.2172993331):0.4042387209,((((t36:0.1738803368,(t34:0.1190222912,t28:0.1190222912):0.05485804566):0.01415912159,t16:0.1880394584):0.2803440373,(((t15:0.2660469351,t8:0.2660469351):0.01497937765,(t2:0.2199342035,t39:0.2199342035):0.06109210921):0.04826302458,((t12:0.2231129081,(t6:0.1732478306,t25:0.1732478306):0.04986507751):0.08297682787,((t17:0.112800759,t21:0.112800759):0.05752746463,((t26:0.1417691707,t1:0.1417691707):0.02021049839,(t19:0.1237146098,t3:0.1237146098):0.03826505925):0.008348554578):0.1357615123):0.02319960132):0.1390941584):0.155724159,(((t35:0.1727072301,(t37:0.09522143361,t31:0.09522143361):0.07748579653):0.2829223818,(((t30:0.03076233509,t4:0.03076233509):0.1113304435,t18:0.1420927785):0.1160794904,t9:0.258172269):0.197457343):0.03072770077,(t22:0.44532519,(t5:0.1381902453,(t32:0.06193853441,t7:0.06193853441):0.07625171087):0.3071349447):0.04103212277):0.137750342):7.930869291e-07):0.2117817132,(t10:0.3605517514,((t23:0.1223309702,((t24:0.04656429421,t27:0.04656429421):0.04391132646,t14:0.09047562067):0.03185534952):0.04763634859,(t11:0.1645618849,t13:0.1645618849):0.005405433926):0.1905844326):0.4753384096):0.05229622654;
17|3.69194825513987|0.428589349030517|0.989191238186322|((((t1:0.0454158102,t13:0.0454158102):0.1158136026,((((t8:0.03345068544,t7:0.03345068544):0.009019677747,(t3:0.0361253706,t2:0.0361253706):0.006344992585):0.04330630062,t4:0.0857766638):0.02138530392,(t12:0.07937163431,t17:0.07937163431):0.02779033342):0.05406744509):0.2305563298,(t10:0.02630238516,t15:0.02630238516):0.3654833575):0.104105338,(((t5:0.008900493469,t11:0.008900493469):0.2088138959,(t9:0.05522992917,t14:0.05522992917):0.1624844602):0.1386560832,(t6:0.00801807569,t16:0.00801807569):0.3483523969):0.139520608):0.5561956726;
36|3.69054373750463|0.451828771501314|0.55334741610568|((t3:0.3731024554,((((t33:0.03029774495,t35:0.03029774495):0.01356519381,t31:0.04386293876):0.2006035521,(t23:0.1651967675,(t22:0.04300160592,t36:0.04300160592):0.1221951616):0.07926972334):0.1055989611,(t15:0.293030839,(t27:0.2892744468,(t8:0.1557874764,t24:0.1557874764):0.1334869704):0.003756392252):0.05703461288):0.02303700351):0.2913662549,((((((t7:0.006592182526,t30:0.006592182526):0.1179840076,t19:0.1245761901):0.1819652517,t10:0.3065414418):0.173511036,(((t4:0.1155357815,t5:0.1155357815):0.1728184525,t26:0.288354234):0.1397603304,(t9:0.09691183419,t14:0.09691183419):0.3312027302):0.0519379134):0.08027794976,t25:0.5603304276):0.0994651741,((((t13:0.1177014607,(t20:0.1082340395,t29:0.1082340395):0.009467421173):0.1256678282,t28:0.2433692889):0.1781684357,((t12:0.2757397543,(t34:0.04021630075,t18:0.04021630075):0.2355234535):0.07819486398,(t11:0.02522700417,t1:0.02522700417):0.3287076141):0.06760310641):0.01117986786,(((t32:0.01356103728,t21:0.01356103728):0.2528044966,((t17:0.01930102369,t16:0.01930102369):0.04581146073,t6:0.06511248442):0.2012530495):0.06608426015,t2:0.332449794):0.1002677985):0.2270780091):0.004673108677):0.3674603255;
21|1.5767406776431|0.366228005280718|0.815326327923685|((((t8:0.1072952297,(t6:0.02644160732,t2:0.02644160732):0.0808536224):0.1952291855,(t12:0.07891424403,t10:0.07891424403):0.2236101712):0.6481099714,(((t4:0.1645229818,t16:0.1645229818):0.1128024542,t1:0.277325436):0.6460350818,((t18:0.07436757455,t9:0.07436757455):0.1337835702,t14:0.2081511448):0.715209373):0.02727386883):0.5602171038,((((t19:0.1213368307,t17:0.1213368307):0.1378243302,(t20:0.1112573075,t11:0.1112573075):0.1479038533):0.143875279,t3:0.4030364399):0.08018830485,((t13:0.06515535643,(t21:0.02721550808,t15:0.02721550808):0.03793984835):0.2844150343,(t7:0.2552258584,t5:0.2552258584):0.09434453235):0.133654354):1.027626746):1.091711678;
13|1.26551946910331|0.108124603077304|0.947309750597924|(((t13:0.6551817434,(t5:0.1771089178,t9:0.1771089178):0.4780728256):1.15244561,(t4:0.407811207,t3:0.407811207):1.399816146):0.2975424608,(((t8:0.6203655587,(t6:0.06354253986,t7:0.06354253986):0.5568230189):0.9876050466,(((t1:0.01040292578,t10:0.01040292578):0.08226521156,t12:0.09266813734):0.2748790693,t2:0.3675472067):1.240423399):0.05093859133,t11:1.658909197):0.4462606173):2.276419012;
12|3.65912090956699|0.261513279390056|0.859763595974073|(((t10:0.02393882662,t4:0.02393882662):0.01282398561,t2:0.03676281223):0.3722773471,(((t7:0.1113391518,t11:0.1113391518):0.1514548675,((t3:0.004820389221,t8:0.004820389221):0.2227021132,(t12:0.1796738442,(t1:0.1629468884,t6:0.1629468884):0.01672695577):0.04784865818):0.03527151695):0.06489512203,(t9:0.1419563714,t5:0.1419563714):0.1857327699):0.08135101799):0.5732752134;
49|2.58691291008843|0.170328094321303|0.501838944968767|(((((t29:0.1522987584,t26:0.1522987584):0.05578811234,(t14:0.1199337043,t38:0.1199337043):0.08815316651):0.5526493638,((((t35:0.1501618726,(t39:0.1447795484,(t31:0.1222708105,t13:0.1222708105):0.02250873789):0.005382324176):0.2980624845,t30:0.4482243571):0.008692223737,(t6:0.140979873,t33:0.140979873):0.3159367079):0.1446512561,t46:0.6015678369):0.1591683976):0.4825665619,((t8:0.8525564138,((t19:0.2464081411,t20:0.2464081411):0.3239326512,((t21:0.2626337635,t23:0.2626337635):0.2462172505,t17:0.508851014):0.06148977836):0.2822156215):0.08758667997,(((((t4:0.1227680657,t22:0.1227680657):0.6146307735,(((t12:0.7222644838,t28:0.7222644838):0.006768014697,t42:0.7290324985):0.001152822758,t36:0.7301853213):0.00721351788):0.05986816991,t45:0.7972670091):0.08357739755,(t41:0.4720220288,t11:0.4720220288):0.4088223778):0.005079002076,(t48:0.7540280021,t3:0.7540280021):0.1318954066):0.0542196851):0.3031597027):0.08802260323,(((t10:0.5960143238,((t32:0.1072910408,t15:0.1072910408):0.334325184,t18:0.4416162248):0.154398099):0.2407803836,(((t44:0.2580026161,t7:0.2580026161):0.2836706989,t49:0.541673315):0.1831920257,(((t47:0.02498706855,t25:0.02498706855):0.09552744818,(t27:0.1183006514,(t5:0.1122362362,t2:0.1122362362):0.006064415257):0.002213865306):0.3259866241,(t1:0.2730915122,(t40:0.09561780031,t9:0.09561780031):0.1774737119):0.1734096286):0.2783641999):0.1119293666):0.1669906111,(t43:0.6684896109,(t34:0.2159282201,((t16:0.08984486756,t37:0.08984486756):0.003268841868,t24:0.09311370943):0.1228145107):0.4525613907):0.3352957076):0.3275400813):0.2965966566;
40|0.6435468518571|0.373739346745424|0.535813276423141|(((((t32:0.7767524758,((t34:0.5321820016,t36:0.5321820016):0.2027084552,t1:0.7348904568):0.04186201909):0.2106660096,t39:0.9874184855):2.197701919,(t21:2.761266148,t10:2.761266148):0.4238542556):0.5367929938,(t2:0.7260572392,t22:0.7260572392):2.995856159):1.758327205,(((((t38:0.5288631953,t28:0.5288631953):1.284846859,(t11:1.609328169,t5:1.609328169):0.2043818852):1.296420962,t35:3.110131016):1.504157295,(t18:4.015670175,((t29:3.012909358,t19:3.012909358):0.8391060902,(((t20:3.043051329,((((t30:0.9922652166,(t27:0.076640606,t7:0.076640606):0.9156246106):0.0305041022,t4:1.022769319):0.9206730099,(t3:0.8316440568,t25:0.8316440568):1.111798272):0.6312370728,((t33:0.9633759552,t15:0.9633759552):1.239905725,t31:2.203281681):0.371397721):0.4683719279):0.01762243721,t6:3.060673767):0.2735536896,t17:3.334227456):0.5177879922):0.1636547267):0.5986181363):0.6504793545,((((t8:0.6517720274,t12:0.6517720274):0.1527221217,t13:0.804494149):1.277005844,((t16:1.91085507,(t37:1.866883064,(t14:1.459230782,t24:1.459230782):0.4076522819):0.0439720056):0.04770592386,(t40:0.685378624,t26:0.685378624):1.27318237):0.1229389989):0.9387864111,(t9:0.6813483205,t23:0.6813483205):2.338938083):2.244481262):0.2154729366):1.652414335;
35|1.22655468387995|0.151843867709395|0.892194814397953|((((t28:0.2687320244,t26:0.2687320244):0.1860747287,(t27:0.03334993489,t29:0.03334993489):0.4214568182):1.893833728,t9:2.348640481):0.4640833161,((t17:0.6343517189,(((t2:0.3518115546,t18:0.3518115546):0.1579099959,t7:0.5097215506):0.07602170962,(t8:0.5050931499,t23:0.5050931499):0.08065011028):0.04860845871):1.725162805,(((((t34:0.07733582704,t5:0.07733582704):0.904016008,t25:0.981351835):0.08598226045,((t30:0.2872446362,t16:0.2872446362):0.1348077946,t31:0.4220524308):0.6452816647):0.2083851922,((((t6:0.03091986623,(t4:0.009808824101,t19:0.009808824101):0.02111104213):0.1499698042,((t21:0.03381937778,t13:0.03381937778):0.1026892151,t10:0.1365085928):0.0443810776):0.3919127008,t24:0.5728023712):0.5956444657,(t20:0.6118337659,(t14:0.381520857,(t35:0.1647745036,t33:0.1647745036):0.2167463533):0.2303129089):0.5566130711):0.1072724507):0.06229083343,((t1:0.3158481471,t12:0.3158481471):0.2984947858,(t22:0.4773819866,((t11:0.1848463578,(t3:0.01236650603,t32:0.01236650603):0.1724798517):0.1078218261,t15:0.2926681839):0.1847138027):0.1369609463):0.7236671882):1.021504403):0.4532092732):0.06624567697;
35|1.09923298068577|0.373018858493306|0.668686413671821|((((t1:0.9141604823,t34:0.9141604823):0.5712736761,t15:1.485434158):1.437996135,(((t35:1.058376775,(((t5:0.1551348749,(t13:0.142036791,t23:0.142036791):0.01309808387):0.1377639366,t30:0.2928988115):0.4063402164,((t9:0.1807473932,t32:0.1807473932):0.4729408179,(t24:0.6189365964,t3:0.6189365964):0.03475161475):0.04555081677):0.3591377468):0.1835104039,((t33:0.1497777963,t31:0.1497777963):0.06203801831,t6:0.2118158146):1.030071364):1.043304926,(t26:0.9618401847,(t27:0.1801395046,t20:0.1801395046):0.7817006801):1.32335192):0.6382381886):1.738000859,(((t18:1.108371655,(t10:0.1934260647,t21:0.1934260647):0.9149455906):1.065032323,((t11:0.3551793298,(t2:0.1009455785,t7:0.1009455785):0.2542337513):1.65498867,((((t29:0.3701768288,t28:0.3701768288):0.8655883441,t12:1.235765173):0.1075755046,t4:1.343340677):0.426126134,(t19:1.265806607,(t14:0.6987899491,(t25:0.1280709562,t17:0.1280709562):0.5707189929):0.5670166583):0.5036602041):0.2407011884):0.1632359786):0.5732860999,(t8:1.683104063,(t22:0.5712780334,t16:0.5712780334):1.111826029):1.063586016):1.914741074):0.2672966223;
28|2.09119466616074|0.155591931233648|0.804347971687093|(((((t13:0.3683770303,t14:0.3683770303):0.3143194931,t7:0.6826965234):0.367370646,(((((t17:0.641312032,t20:0.641312032):0.01127556579,(t23:0.6006391787,t9:0.6006391787):0.05194841908):0.03006759213,(t26:0.4134312854,(t6:0.2773171864,t27:0.2773171864):0.136114099):0.2692239045):0.1411519588,((t28:0.2125512127,(t4:0.09709197601,t2:0.09709197601):0.1154592367):0.4565375688,(t18:0.2431755737,t21:0.2431755737):0.4259132078):0.1547183673):0.0521686192,(t25:0.8576122928,(t3:0.1524835567,t16:0.1524835567):0.7051287361):0.01836347512):0.1740914015):0.1461897192,(t22:0.223002413,t10:0.223002413):0.9732544756):0.923923301,((t24:0.8195449834,((t8:0.1680483599,t1:0.1680483599):0.5479329095,(((t5:0.09263469244,t19:0.09263469244):0.163495618,t15:0.2561303104):0.2075278891,t12:0.4636581995):0.2523230698):0.1035637141):0.7010999973,t11:1.520644981):0.5995352089):0.2066168096;
41|3.45686220702017|0.167541360617615|0.661411284818314|((((((((t3:0.09430973935,t14:0.09430973935):0.1315707051,t34:0.2258804445):0.2332237335,(t5:0.3623215689,t6:0.3623215689):0.0967826091):0.2271203847,(t9:0.3379643563,(t30:0.2028146604,t32:0.2028146604):0.1351496959):0.3482602064):0.03386765258,(t10:0.5287305767,(t41:0.3810049391,((t8:0.109328061,(t2:0.004442625563,t12:0.004442625563):0.1048854355):0.07012313308,(t20:0.1506019505,t23:0.1506019505):0.02884924367):0.2015537449):0.1477256376):0.1913616386):0.07364256271,(((t1:0.004435118715,t4:0.004435118715):0.3548738099,t31:0.3593089286):0.1957665442,((t33:0.08389130897,t38:0.08389130897):0.2423250291,((t22:0.2005368797,t35:0.2005368797):0.1001723008,(((t13:0.1754969428,t18:0.1754969428):0.01251846992,(t27:0.03784114389,t11:0.03784114389):0.1501742689):0.07960304,(t17:0.09635528184,t7:0.09635528184):0.1712631709):0.0330907277):0.02550715756):0.2288591348):0.2386593051):0.01764987999,((t25:0.5449258116,(((t16:0.2470286758,t21:0.2470286758):0.1863410363,t24:0.4333697121):0.1006769471,((t15:0.01778320488,t36:0.01778320488):0.1742033878,t39:0.1919865927):0.3420600666):0.0108791524):0.1261701913,t26:0.6710960029):0.140288655):0.3216667075,((t28:0.1274699029,((t37:0.01068806393,t29:0.01068806393):0.04294730186,t19:0.05363536578):0.07383453715):0.3095224086,t40:0.4369923115):0.696059054):0.1377456568;
23|1.00761097115232|0.378644254317041|0.546440274687484|(((t10:1.799864752,t20:1.799864752):0.6250450658,(((t1:0.8165840452,t2:0.8165840452):0.7621779931,(t17:1.100189436,t7:1.100189436):0.4785726027):0.4201824856,(t15:1.175244904,(((t23:0.1706412521,t4:0.1706412521):0.04714066613,t13:0.2177819182):0.4522161976,t18:0.6699981158):0.5052467881):0.8236996201):0.425965294):0.2250703252,(((((t19:0.02064000901,t11:0.02064000901):0.2457754502,t22:0.2664154592):0.429543888,(t6:0.6521556189,(t12:0.6133695589,(t21:0.4567616144,t3:0.4567616144):0.1566079445):0.03878605998):0.04380372838):0.1038523707,((t14:0.06264218963,t8:0.06264218963):0.2273951177,t16:0.2900373074):0.5097744106):0.1678284182,(t9:0.8942537957,t5:0.8942537957):0.07338634046):1.682340007):0.1190907008;
37|1.14048882927746|0.470912509406917|0.641819895710796|((((t25:0.1989867285,t21:0.1989867285):0.7552837493,t17:0.9542704778):0.8184296545,(t2:0.3895091141,t32:0.3895091141):1.383191018):0.988538857,((t8:1.200944533,(((t11:0.6127081544,t27:0.6127081544):0.3922871147,t37:1.004995269):0.1702687124,(t24:0.3733940163,(t1:0.1176421283,t14:0.1176421283):0.255751888):0.8018699651):0.02568055173):0.6956394899,(((((t10:0.176854553,t18:0.176854553):0.1102806406,(t3:0.08005577093,t22:0.08005577093):0.2070794227):0.9626874431,((t34:0.7420417037,(t13:0.5740682794,(t7:0.1208135007,t15:0.1208135007):0.4532547787):0.1679734243):0.2334087224,(((t28:0.11887455,t4:0.11887455):0.2496351533,t26:0.3685097033):0.5089154696,(t12:0.5598121262,(t16:0.2906548239,t35:0.2906548239):0.2691573023):0.3176130467):0.09802525325):0.2743722106):0.08059051808,(t31:0.8128651871,t33:0.8128651871):0.5175479677):0.252287137,((t5:1.178593697,(((t19:0.407983289,t36:0.407983289):0.1776617774,(t30:0.2968336815,t6:0.2968336815):0.2888113849):0.5548633373,(t9:0.03535617726,t20:0.03535617726):1.105152226):0.03808529374):0.06627928549,(t23:1.037415271,t29:1.037415271):0.207457712):0.3378273089):0.3138837313):0.8646549663):0.05541707977;
46|3.40537987618707|0.494255203444045|0.733345535118133|((t2:0.01734052028,t19:0.01734052028):0.8462499334,(((((t44:0.2909682866,(t31:0.09926410976,((t32:0.05566763847,t39:0.05566763847):0.02339023275,(t22:0.01100036743,t23:0.01100036743):0.06805750379):0.02020623854):0.1917041768):0.05989692692,t33:0.3508652135):0.2239048889,((t15:0.1761129547,((t26:0.004321600615,t16:0.004321600615):0.1517684591,t37:0.1560900597):0.02002289496):0.118024657,t45:0.2941376117):0.2806324907):0.141215145,t28:0.7159852473):0.1224175919,(((((t20:0.02435156057,t25:0.02435156057):0.2721600753,(((t1:0.006598774006,t38:0.006598774006):0.01269240173,t34:0.01929117574):0.1520737759,t18:0.1713649516):0.1251466843):0.4385982222,((((t8:0.01313518234,t21:0.01313518234):0.1944628679,(t5:0.04029803098,t43:0.04029803098):0.1673000193):0.008785640875,(t30:0.09032737708,t24:0.09032737708):0.1260563141):0.05896831711,((t29:0.02548954581,t27:0.02548954581):0.2261723039,(t14:0.005705850697,t42:0.005705850697):0.245955999):0.02369015861):0.4597578498):0.01028923795,((((t3:0.1389168449,(t9:0.1080915104,((t6:0.01397941841,t11:0.01397941841):0.05896492868,t4:0.07294434709):0.03514716329):0.03082533447):0.1736115837,(t13:0.04384039649,t35:0.04384039649):0.2686880321):0.02901163028,t12:0.3415400588):0.1373134875,((t36:0.1392652511,t46:0.1392652511):0.1417235671,(t40:0.0003570193532,t7:0.0003570193532):0.2806317989):0.1978647281):0.2665455497):0.04751820615,((t17:0.5123912615,t10:0.5123912615):0.1383349998,t41:0.6507262613):0.1421910409):0.04548553703):0.02518761443):0.01817840027;
38|2.87080813033041|0.133594832278322|0.720376996556297|((((t37:0.2801379693,t6:0.2801379693):0.4726829834,(t7:0.1736681889,t23:0.1736681889):0.5791527639):0.4128868421,(((t17:0.3718287824,t32:0.3718287824):0.6484449578,((((t29:0.003275959927,t12:0.003275959927):0.04989856956,t14:0.05317452949):0.2482710582,t3:0.3014455877):0.2989599278,((((t16:0.02782594416,t8:0.02782594416):0.1559867896,t19:0.1838127338):0.2117127886,t18:0.3955255224):0.1991567238,(t24:0.4994061574,((t31:0.04554172645,t22:0.04554172645):0.1160310752,t28:0.1615728016):0.3378333558):0.09527608881):0.005723269257):0.4198682247):0.1005284572,(t30:0.01469367296,t38:0.01469367296):1.106108524):0.04490559749):0.4642424847,(((((((t35:0.06451636826,t13:0.06451636826):0.01131494322,t9:0.07583131148):0.1501570353,(t36:0.02119234329,t15:0.02119234329):0.2047960035):0.1101193798,t34:0.3361077265):0.1781619613,t21:0.5142696879):0.1020805641,(t26:0.06065841329,t4:0.06065841329):0.5556918387):0.1601760332,((t20:0.2028637398,((t2:0.07630586834,t33:0.07630586834):0.03918696046,t27:0.1154928288):0.08737091099):0.4595004728,(t1:0.2292398368,(((t11:0.1158724079,t10:0.1158724079):0.003405721405,t5:0.1192781293):0.03918952746,t25:0.1584676568):0.07077218002):0.4331243758):0.1141620726):0.8534239944):0.04339724759;
23|3.54768763276748|0.246552319589537|0.789084243238904|((((t21:0.5492146871,(((t18:0.1516887861,t10:0.1516887861):0.04744734529,t3:0.1991361314):0.00648591158,t1:0.205622043):0.3435926441):0.04379437081,(t8:0.4929089589,((t22:0.2662143917,(t15:0.02003854102,t12:0.02003854102):0.2461758507):0.1084570477,t20:0.3746714394):0.1182375194):0.100100099):0.019326403,((t17:0.2701336685,(((t6:0.03528599575,t5:0.03528599575):0.1677280895,t11:0.2030140852):0.04657468294,t4:0.2495887682):0.02054490029):0.1060874679,(((t23:0.04785661407,t2:0.04785661407):0.05927402949,t9:0.1071306436):0.148553501,((t14:0.1128237939,(t19:0.04993430536,t7:0.04993430536):0.06288948852):0.1349045238,t16:0.2477283176):0.007955826885):0.1205369919):0.2361143245):0.06010258667,t13:0.6724380476):0.8062578322;
27|2.67716648319503|0.373289471410681|0.965528839500621|(((((t15:0.1371390045,t9:0.1371390045):0.1942828906,(((t12:0.07710484648,t20:0.07710484648):0.01328773111,(t19:0.04966515851,(t7:0.04446480705,t22:0.04446480705):0.00520035146):0.04072741908):0.05382206897,t4:0.1442146466):0.1872072486):0.6165734184,t5:0.9479953136):0.06887977997,((((((t18:0.01595346314,t21:0.01595346314):0.2220788577,(t1:0.0968917967,t14:0.0968917967):0.1411405242):0.03982929903,((t8:0.1173986334,t6:0.1173986334):0.04719440582,t16:0.1645930393):0.1132685806):0.1298046835,(t25:0.1727619068,t17:0.1727619068):0.2349043967):0.2386803704,(t26:0.2996635164,(t3:0.1875521315,t24:0.1875521315):0.1121113849):0.3466831574):0.3635052412,((t27:0.005205683064,t13:0.005205683064):0.2014782366,(t11:0.03381894279,t23:0.03381894279):0.1728649769):0.8031679953):0.007023178621):0.1969053485,(t10:0.1248528078,t2:0.1248528078):1.088927634):0.2144390551;
50|3.75727352863411|0.24878097532317|0.935028799111024|(((t39:0.1869620856,t18:0.1869620856):0.4042044937,((t5:0.06781719541,t17:0.06781719541):0.4755834834,t22:0.5434006789):0.04776590048):0.2049729739,(((((t46:0.2491286466,(((t28:0.1227915208,t29:0.1227915208):0.1170611367,(t30:0.1693360913,t21:0.1693360913):0.07051656618):0.008449414506,t40:0.248302072):0.0008265746185):0.2927236845,(((t44:0.3131059726,t19:0.3131059726):0.001057423828,t35:0.3141633965):0.09697324096,(((t8:0.2269523428,(t15:0.1474733173,(t20:0.1278410903,t24:0.1278410903):0.01963222696):0.07947902551):0.09380776982,t34:0.3207601126):0.01920421999,t50:0.3399643326):0.0711723048):0.1307156937):0.00148423015,(((t31:0.1872014567,t7:0.1872014567):0.09518840641,(((t4:0.03344876865,t42:0.03344876865):0.01229155155,(t12:0.01935744232,t48:0.01935744232):0.02638287788):0.1380300395,t26:0.1837703597):0.09861950346):0.2297958888,((t23:0.04784958883,t2:0.04784958883):0.4038059019,((((t41:0.1999056236,t10:0.1999056236):0.03224890107,(t47:0.1082015748,t16:0.1082015748):0.1239529499):0.07360931558,((t13:0.05602881126,t32:0.05602881126):0.1942418472,t6:0.2502706585):0.05549318176):0.01911124235,(t14:0.06696261949,t38:0.06696261949):0.2579124631):0.1267804081):0.06053026115):0.03115080934):0.2295489822,(((((t27:0.05439179552,t45:0.05439179552):0.005920354245,t36:0.06031214976):0.02719742289,t1:0.08750957265):0.3101707398,t37:0.3976803124):0.1264895112,t3:0.5241698236):0.2487157199):0.002120637332,(((t49:0.02830562694,t43:0.02830562694):0.1355599841,t11:0.1638656111):0.4480634862,((t25:0.001447349633,t33:0.001447349633):0.02874168502,t9:0.03018903466):0.5817400626):0.1630770835):0.02113337242):0.1213846677;
34|2.62243096493185|0.280927978365216|0.99533924611751|(t18:1.266577929,((t8:0.6935563633,((t22:0.1079896771,t14:0.1079896771):0.4238943154,t20:0.5318839925):0.1616723708):0.3828819085,((((t5:0.1544374381,(t7:0.09583835982,(t15:0.06168411685,t26:0.06168411685):0.03415424297):0.05859907823):0.510858102,((((t12:0.009881207657,t4:0.009881207657):0.04639100372,t13:0.05627221137):0.01022828304,t24:0.06650049441):0.3630543524,t30:0.4295548468):0.2357406933):0.1372608763,(((t28:0.2648369632,(t23:0.1789820767,(t32:0.08994278373,t19:0.08994278373):0.08903929294):0.08585488656):0.2870378647,(t31:0.126052908,(t10:0.04273419607,t9:0.04273419607):0.08331871194):0.42582192):0.08590222342,(t27:0.2035294956,(t2:0.08292679557,t6:0.08292679557):0.1206027):0.4342475558):0.1647793649):0.1250401929,(((t25:0.02186650132,t21:0.02186650132):0.3068638127,(t11:0.1425023151,t1:0.1425023151):0.1862279989):0.1520689385,((t3:0.008546881776,t17:0.008546881776):0.4027322407,(((t33:0.05736911101,t34:0.05736911101):0.07085032953,t29:0.1282194405):0.2155168638,t16:0.3437363044):0.06754281812):0.06952012996):0.4467973568):0.1488416626):0.1901396569):0.5809470278;
27|0.361345633154269|0.215865127791185|0.819607114885002|((t22:6.322706901,((((t7:2.575882481,((t20:1.787827183,t21:1.787827183):0.05987825358,(t3:0.2449508726,t6:0.2449508726):1.602754564):0.7281770444):0.07054827783,(t24:1.518117066,(t18:0.2209411794,t13:0.2209411794):1.297175886):1.128313693):3.107330139,((t23:0.5511111543,(t11:0.2823273873,t19:0.2823273873):0.268783767):4.583606878,((t14:1.152492804,t9:1.152492804):0.5712442193,t2:1.723737023):3.410981009):0.6190428655):0.1568169727,t16:5.910577871):0.4121290304):0.7575531169,((t1:2.267466358,(t15:0.01704791464,t8:0.01704791464):2.250418444):4.604014101,((t10:2.940993692,((t12:0.5940498888,((t5:0.0002314621422,t4:0.0002314621422):0.1525354668,t26:0.1527669289):0.4412829598):1.39157727,(t17:0.7982869599,t27:0.7982869599):1.187340199):0.9553665335):1.228305148,t25:4.16929884):2.702181619):0.2087795589):5.171945874;
15|3.89991588758305|0.250122134245466|0.928710662876256|(((((t5:0.137821126,(t3:0.002406532443,t15:0.002406532443):0.1354145935):0.0524996541,((t10:0.01319740399,t12:0.01319740399):0.1425117161,(t9:0.1439125107,(t4:0.1066513254,t2:0.1066513254):0.03726118528):0.01179660938):0.03461165999):0.07113459146,(t8:0.2271992966,(t6:0.07409660616,t14:0.07409660616):0.1531026905):0.0342560749):0.01690878272,(t1:0.08802595851,(t13:0.04265227124,t11:0.04265227124):0.04537368727):0.1903381957):0.2741352737,t7:0.5524994279):0.051316993;
35|3.21794097514125|0.218029849731829|0.795416752342135|(((((((t13:0.08248004513,(t35:0.03214544129,t34:0.03214544129):0.05033460385):0.000550389819,t11:0.08303043495):0.1690291083,(t22:0.02802741514,t9:0.02802741514):0.2240321281):0.2293735545,((t16:0.1156440009,(t24:0.05712171744,t6:0.05712171744):0.05852228342):0.08120683482,t4:0.1968508357):0.2845822621):0.01579484376,((t3:0.08545982962,(t2:0.05247085993,t20:0.05247085993):0.03298896969):0.2216606473,(t26:0.2330455923,(t28:0.03947074562,t25:0.03947074562):0.1935748467):0.07407488461):0.1901074646):0.09764570313,t32:0.5948736446):0.2217240181,(((((t10:0.0924526823,t18:0.0924526823):0.1061344935,t12:0.1985871758):0.1838348974,t19:0.3824220731):0.0117101712,((t23:0.3524501008,t5:0.3524501008):0.006422163215,(t30:0.1860840541,(t21:0.03048702025,t33:0.03048702025):0.1555970339):0.1727882098):0.03525998036):0.2081071921,((t15:0.4058835342,(t8:0.02127993521,t7:0.02127993521):0.384603599):0.0099121392,(((t14:0.21437344,t31:0.21437344):0.1314228448,(t17:0.1446285688,t27:0.1446285688):0.201167716):0.01192579075,(t1:0.1861081598,t29:0.1861081598):0.1716139157):0.0580735979):0.186443763):0.2143582263):0.01183472263;
13|2.34283910811646|0.275763486782089|0.831096101319417|(((t3:0.443251705,((t6:0.2283995749,(t11:0.005068633759,t7:0.005068633759):0.2233309411):0.1194903681,(t13:0.2180456551,t12:0.2180456551):0.1298442879):0.09536176201):0.2924919124,(t5:0.3900139505,t4:0.3900139505):0.3457296669):0.03767935482,(t8:0.7290512486,((t10:0.04653571701,t9:0.04653571701):0.6111255758,(t2:0.1929837311,t1:0.1929837311):0.4646775617):0.07138995585):0.0443717236):0.2647221432;
44|1.41535764486063|0.491525447876193|0.91301064286381|((((t27:0.1402063921,t34:0.1402063921):1.231599147,((((t12:0.65096406,((t44:0.4087499947,t8:0.4087499947):0.07135343727,t20:0.480103432):0.1708606281):0.05024076848,t1:0.7012048285):0.04213955062,(t24:0.1039781645,t30:0.1039781645):0.6393662147):0.6069314027,(t35:0.06219100639,t7:0.06219100639):1.288084775):0.02152975736):0.9892097999,(((t39:0.7567771283,(t6:0.3554587212,t19:0.3554587212):0.4013184071):0.7999190937,(t22:0.3975997338,t40:0.3975997338):1.159096488):0.2683399901,((t36:0.5768095609,((((t10:0.01303541678,t21:0.01303541678):0.1922713474,t17:0.2053067642):0.006291500749,t14:0.211598265):0.2877098195,(t3:0.11221814,t33:0.11221814):0.3870899445):0.07750147647):0.1422307463,((((t16:0.05797311521,t29:0.05797311521):0.3247894011,t37:0.3827625163):0.2120031408,((t18:0.25384011,t23:0.25384011):0.157597994,((t4:0.2220308579,t42:0.2220308579):0.1179702812,(t11:0.1677372314,(t28:0.114282163,((t38:0.04317543341,t15:0.04317543341):0.03202456284,t43:0.07519999624):0.03908216674):0.05345506843):0.1722639078):0.07143696483):0.1833275531):0.0119985541,(((t9:0.1993200922,t32:0.1993200922):0.1043196802,t26:0.3036397723):0.02975421653,t41:0.3333939889):0.2733702223):0.112276096):1.105995905):0.535979127):0.1124211984,(t2:0.828347835,(t5:0.07417374078,(t31:0.04248960259,(t25:0.03539135792,t13:0.03539135792):0.007098244669):0.03168413818):0.7541740943):1.645088702):0.673725783;
31|2.8031751403166|0.454441787302494|0.61596645694226|((((t11:0.1522908138,((t21:0.07657654825,(t31:0.06777201865,t29:0.06777201865):0.008804529591):0.05829665546,((t24:0.001409123838,t9:0.001409123838):0.1030611909,(t28:0.08962178033,t23:0.08962178033):0.01484853439):0.03040288898):0.01741761004):0.198331354,((t7:0.04393756605,t12:0.04393756605):0.1460064665,t30:0.1899440325):0.1606781352):0.2093748546,(((t2:0.03520675851,t10:0.03520675851):0.311696598,t5:0.3469033565):0.07995412376,((t26:0.267277016,t15:0.267277016):0.03887471226,t3:0.3061517283):0.120705752):0.133139542):0.5176420713,(((t6:0.07242940638,(t16:0.04835641253,t8:0.04835641253):0.02407299385):0.2850232965,((t19:0.1028626592,t17:0.1028626592):0.1535748366,((t20:0.06908960707,t1:0.06908960707):0.004060804359,t4:0.07315041143):0.1832870844):0.1010152071):0.2683681187,((t27:0.2478093783,t25:0.2478093783):0.2427923138,(t14:0.4493074059,(t18:0.3159740452,(t22:0.07609294953,t13:0.07609294953):0.2398810957):0.1333333607):0.04129428616):0.1352191296):0.451818272):0.2400413527;
41|0.425630656026769|0.198144793265965|0.709977376507595|(((t20:1.195600002,(t27:0.596334537,t14:0.596334537):0.599265465):5.044018963,((((t29:2.373507058,t13:2.373507058):0.1014645999,t18:2.474971658):0.7586397605,(((t24:0.2429753518,t33:0.2429753518):2.198714556,(t8:1.486964588,t19:1.486964588):0.9547253201):0.05080733587,((t21:0.3192024897,t12:0.3192024897):0.6877315856,t28:1.006934075):1.485563168):0.7411141747):1.081569652,(((t4:0.3283850579,t16:0.3283850579):0.1539946973,t25:0.4823797552):0.263650128,t5:0.7460298832):3.569151188):1.924437894):0.8770462457,((((((t39:2.567080577,(t40:2.251285982,(t17:0.4855716815,t7:0.4855716815):1.765714301):0.3157945942):1.0263055,(t22:1.671260337,t26:1.671260337):1.922125739):0.6543486573,((t30:0.3384749411,t32:0.3384749411):1.71360434,(((t11:0.5022976805,t34:0.5022976805):0.6867164804,t36:1.189014161):0.5249945372,t6:1.714008698):0.3380705831):2.195655453):0.6108312988,t15:4.858566033):0.3775570528,((t37:2.211800131,t2:2.211800131):2.56975631,t41:4.781556441):0.4545666443):1.710320795,(((t31:2.694128352,t3:2.694128352):2.237160083,((t9:1.194960012,t35:1.194960012):2.439021626,t10:3.633981638):1.297306798):1.269784379,((t1:0.5069235016,t23:0.5069235016):1.491675525,t38:1.998599027):4.202473788):0.7453710653):0.1702213309):1.419004798;
31|0.964889951818623|0.184932221539784|0.983791972626932|((((((t6:1.139264952,(t11:0.857753038,(t23:0.8104100961,((t22:0.3365018219,(t10:0.195693625,t16:0.195693625):0.140808197):0.04891392687,t8:0.3854157488):0.4249943473):0.04734294186):0.2815119137):0.3203740034,t7:1.459638955):0.278645841,(t31:0.7313790917,(t17:0.5792821093,t3:0.5792821093):0.1520969824):1.006905704):0.2124778189,(t26:0.0779496967,t1:0.0779496967):1.872812918):1.112718379,((t2:0.2260480306,t28:0.2260480306):0.4132907245,(t4:0.4333564491,t27:0.4333564491):0.205982306):2.424142239):0.552413319,(((t18:0.2201775509,t13:0.2201775509):0.9306335212,((t25:0.1353047758,t9:0.1353047758):0.8814800543,(t15:0.9332319252,((t14:0.6998770598,t19:0.6998770598):0.01361878319,(((t12:0.04957447065,t29:0.04957447065):0.1465879386,t30:0.1961624093):0.3427887637,t24:0.5389511729):0.17454467):0.2197360823):0.08355290485):0.1340262421):1.403635958,(t21:2.160076859,(t20:0.03696571724,t5:0.03696571724):2.123111142):0.3943701706):1.061447283):0.2810976168;
28|2.15019087728579|0.162168590524234|0.700315211201087|((t23:0.700230581,((t25:0.1512148696,t17:0.1512148696):0.4303166171,(t13:0.4216238197,(((t14:0.1126713122,t26:0.1126713122):0.04489469193,(t2:0.06296966257,t6:0.06296966257):0.09459634152):0.2200210862,t7:0.3775870903):0.04403672934):0.159907667):0.1186990944):0.4611912632,(((t24:0.2440688092,t9:0.2440688092):0.4560179744,(((t22:0.3582471722,(t5:0.1455517385,t15:0.1455517385):0.2126954338):0.3070353795,(t1:0.0266348987,t16:0.0266348987):0.638647653):0.03179835451,(((t12:0.03611204514,t3:0.03611204514):0.07889315633,t8:0.1150052015):0.522014657,(t28:0.3325407316,t4:0.3325407316):0.304479127):0.0600610477):0.00300587738):0.4490925336,((t10:0.1165422315,t20:0.1165422315):0.992595848,((t18:0.4165269111,t11:0.4165269111):0.254198924,((t27:0.305737131,t21:0.305737131):0.312381895,t19:0.618119026):0.0526068091):0.4384122445):0.04004123764):0.01224252697):0.04774329223;
31|3.30515439035138|0.236599074250553|0.573284125537612|((t16:0.4099449132,(t13:0.1793662716,t11:0.1793662716):0.2305786416):1.103207095,(((((t25:0.3422943478,(t5:0.1655647085,t27:0.1655647085):0.1767296393):0.1118446165,t20:0.4541389643):0.178560726,(((t28:0.4690180374,t10:0.4690180374):0.05593316022,(t29:0.4534073737,((t7:0.05148278197,t3:0.05148278197):0.3044384617,t17:0.3559212437):0.09748613002):0.07154382389):0.0946397416,t12:0.6195909392):0.0131087511):0.0391686176,((((t2:0.2069229063,t18:0.2069229063):0.2359322865,(t19:0.1017922722,t31:0.1017922722):0.3410629206):0.01734988176,(t21:0.1704795033,((t4:0.1219517938,(t22:0.04664532174,t23:0.04664532174):0.07530647208):0.01661119946,(t15:0.04102130903,t1:0.04102130903):0.09754168424):0.03191651006):0.2897255712):0.1875104244,(t26:0.001567137313,t24:0.001567137313):0.6461483617):0.02415280892):0.2058605928,((((t9:0.06751689846,t30:0.06751689846):0.04102830776,t14:0.1085452062):0.1701698657,t6:0.2787150719):0.07324378433,t8:0.3519588563):0.5257700444):0.6354231076):0.04193780705;
20|0.314890532507561|0.321574910134077|0.609283957863227|(((t5:2.38549464,(t2:0.7501573326,t17:0.7501573326):1.635337308):2.615435402,(t16:3.356895508,(t20:0.7009522187,(t13:0.2325073302,t6:0.2325073302):0.4684448884):2.655943289):1.644034535):4.273366105,(((t9:0.8008002535,t4:0.8008002535):7.935191687,((t15:0.7471549515,t11:0.7471549515):2.744641636,(t14:3.13178095,t10:3.13178095):0.360015638):5.244195353):0.2003205052,((t7:5.111610268,(t3:1.679239391,t12:1.679239391):3.432370877):2.200935589,((t1:5.323223027,(t8:4.174162864,t19:4.174162864):1.149060163):0.388829818,t18:5.712052845):1.600493013):1.623766588):0.3379837017):2.254236879;
33|1.53943179776194|0.407480562038254|0.918081273557618|((((t28:1.321035571,((t13:0.2587519594,(t27:0.2428015634,((t31:0.128793111,t12:0.128793111):0.08860231951,t24:0.2173954305):0.02540613296):0.01595039597):0.001604585994,(t30:0.2005523248,(t21:0.08527354385,t6:0.08527354385):0.1152787809):0.05980422064):1.060679025):0.04730411734,t14:1.368339688):0.01023279644,(t2:1.22233971,(((((t26:0.01476674912,(t32:0.00347666905,t11:0.00347666905):0.01129008007):0.03538502623,t4:0.05015177535):0.1325439122,t1:0.1826956876):0.6433249756,(t17:0.4209700365,(t33:0.1755264266,t25:0.1755264266):0.2454436099):0.4050506267):0.2815915353,((t7:0.315359054,t18:0.315359054):0.3994723927,(((t19:0.0603531554,t10:0.0603531554):0.1747515543,(t3:0.102082232,(t22:0.01340362719,t9:0.01340362719):0.08867860477):0.1330224777):0.05353505478,(t5:0.09305138203,t20:0.09305138203):0.1955883825):0.4261916823):0.3927807518):0.1147275113):0.1562327746):0.7609505336,(t8:0.4277482829,((t29:0.2339091451,(t15:0.121955032,t16:0.121955032):0.1119541131):0.05359864507,t23:0.2875077902):0.1402404927):1.711774735):0.9613085825;
22|0.302980444172863|0.437287312964909|0.538282368215732|(((t4:6.473407245,(((t5:1.783114911,(t22:0.3367268598,t1:0.3367268598):1.446388051):1.951720181,(t3:2.17931004,(((t11:0.5932345425,t7:0.5932345425):0.1638244111,(t6:0.39548198,t10:0.39548198):0.3615769736):0.3611371259,t14:1.118196079):1.06111396):1.555525052):2.650692775,(t13:4.427501594,t21:4.427501594):1.958026273):0.08787937779):0.1523295666,(((t8:0.4401104305,t20:0.4401104305):0.0760023269,t12:0.5161127574):3.374291173,(t17:2.885544214,t9:2.885544214):1.004859716):2.735332881):0.0005602220875,(t19:5.33626681,(t15:4.425796435,(t18:2.163478169,(t16:0.02452506411,t2:0.02452506411):2.138953105):2.262318265):0.9104703758):1.290030223):9.002715562;
40|3.24075358692324|0.13028877972858|0.536735158413649|((t19:0.3001600433,t6:0.3001600433):0.9660954614,((t26:0.4276701239,((t40:0.1492055847,t11:0.1492055847):0.1082403028,(t10:0.1051872005,t23:0.1051872005):0.152258687):0.1702242364):0.4678736129,(((((t17:0.2121068649,((t32:0.03663157852,t35:0.03663157852):0.1318009109,(t21:0.1629121707,t15:0.1629121707):0.005520318671):0.04367437552):0.3249558863,((t9:0.2263999659,t18:0.2263999659):0.2880728058,(t37:0.06572318709,t3:0.06572318709):0.4487495845):0.02258997953):0.2242610481,(((t38:0.3164008143,t4:0.3164008143):0.07008357038,t24:0.3864843847):0.3135421247,((t20:0.124716922,t5:0.124716922):0.5139704324,(((t29:0.02156126458,t39:0.02156126458):0.07485039429,t2:0.09641165887):0.06143565976,(t12:0.1158353758,t31:0.1158353758):0.04201194287):0.4808400358):0.06133915494):0.06129728986):0.1217178047,((((t1:0.4629283297,(((t25:0.01169918133,t36:0.01169918133):0.03272427529,t33:0.04442345662):0.08209248241,t27:0.126515939):0.3364123907):0.1259700778,t14:0.5888984075):0.006910501144,(t8:0.02082962088,t7:0.02082962088):0.5749792878):0.0217419743,((t34:0.1405851126,t22:0.1405851126):0.2787796225,(t13:0.3225671055,(t30:0.04272603338,t28:0.04272603338):0.2798410721):0.09679762963):0.1981861478):0.265490721):0.008310929432,t16:0.8913525334):0.00419120344):0.3707117679):0.1294168977;
13|1.51771161449375|0.436010667625815|0.986013440298848|((t9:0.6272224578,t13:0.6272224578):0.6297418762,(((t8:0.1026005338,t7:0.1026005338):0.08900460367,(t1:0.1272161944,((t3:0.02605568022,t2:0.02605568022):0.07430701905,t11:0.1003626993):0.02685349514):0.06438894302):0.4688601329,((t5:0.3720092534,(t12:0.2069100085,t6:0.2069100085):0.1650992449):0.09856416157,(t4:0.1043305955,t10:0.1043305955):0.3662428194):0.1898918554):0.5964990637):0.1133204552;
46|2.19260369626805|0.481403229855932|0.73538171837572|(((((t41:0.137456192,t19:0.137456192):0.1418218713,(t10:0.09787764884,t12:0.09787764884):0.1814004145):0.1654690355,((t34:0.2034208789,t20:0.2034208789):0.09146953747,(t32:0.1580861443,t38:0.1580861443):0.1368042721):0.1498566824):0.05986730975,(t22:0.07805952444,t3:0.07805952444):0.4265548841):1.271106096,(t2:1.536011905,(((((t1:0.06300549637,t13:0.06300549637):0.4836601949,t26:0.5466656912):0.2883546549,((t8:0.02003755377,t40:0.02003755377):0.2196087615,(t44:0.1863180725,t36:0.1863180725):0.05332824272):0.5953740309):0.4332757022,(((t5:0.03165190831,t42:0.03165190831):0.1468681602,t15:0.1785200685):0.4768285521,(((t27:0.3602718842,t37:0.3602718842):0.08598346458,((t21:0.06190259137,((t45:0.04398609262,t6:0.04398609262):0.0002887352121,t30:0.04427482783):0.01762776354):0.2327634833,(t7:0.1372999566,t14:0.1372999566):0.157366118):0.1515892741):0.05524352852,((t18:0.003316213748,t35:0.003316213748):0.4892511017,(t43:0.3501261226,(t9:0.2068880926,(t28:0.1725680077,t23:0.1725680077):0.03432008482):0.1432380301):0.1424411928):0.008931561897):0.1538497432):0.6129474278):0.08449018329,(t25:1.152014519,(t29:0.7074407361,(((((t31:0.05204313377,t39:0.05204313377):0.1748552907,(t46:0.04617486242,t17:0.04617486242):0.180723562):0.08238824132,t11:0.3092866658):0.1040872986,t24:0.4133739644):0.1779814256,((t16:0.2575498121,t4:0.2575498121):0.1053028081,t33:0.3628526202):0.2285027697):0.1160853462):0.4445737826):0.2007717129):0.1832256732):0.2397085999):0.8835975404;
26|3.11274064882193|0.266417984000873|0.684441349585541|((((((t17:0.04959090493,t2:0.04959090493):0.1842889808,t24:0.2338798857):0.09913803385,((t1:0.1614840922,t15:0.1614840922):0.03009732443,((t13:0.06966364474,t12:0.06966364474):0.1063878039,t5:0.1760514486):0.01552996802):0.1414365029):0.1290688338,(((t26:0.2582258468,t8:0.2582258468):0.003967025852,t19:0.2621928727):0.1032381049,(t6:0.08423178436,t7:0.08423178436):0.2811991932):0.09665577578):0.1482677212,(((t25:0.254272237,t14:0.254272237):0.1207916489,((t9:0.195426602,t10:0.195426602):0.1619640567,((t22:0.2350684202,t4:0.2350684202):0.01610231352,(t18:0.1616468937,t21:0.1616468937):0.08952383995):0.106219925):0.01767322718):0.005839900424,((t3:0.05727024472,t20:0.05727024472):0.04495436692,(t16:0.01364424615,t23:0.01364424615):0.08858036549):0.2786791747):0.2294506883):0.2007566137,t11:0.8111110882):0.5377188365;
26|2.32202604501741|0.473126326526981|0.937181616900489|((((t25:0.06203946304,t6:0.06203946304):0.6654618134,t15:0.7275012764):0.8418773736,(((((t5:0.1974841938,(t4:0.003806830109,t12:0.003806830109):0.1936773637):0.1075594491,(t18:0.1878689146,t9:0.1878689146):0.1171747283):0.06704771789,t8:0.3720913607):0.09419288793,(t19:0.415279362,((t20:0.05694671845,t17:0.05694671845):0.03474392753,t1:0.09169064598):0.323588716):0.05100488671):0.2939871691,t13:0.7602714177):0.8091072324):0.101856911,(((t24:0.286563323,t21:0.286563323):0.03849000863,(t2:0.07408268602,t10:0.07408268602):0.2509706456):0.5803753352,(t16:0.3324073679,(((t7:0.05545102481,t22:0.05545102481):0.2261924302,(((t3:0.001201230975,t14:0.001201230975):0.06776766234,t11:0.06896889332):0.1759832138,t26:0.2449521071):0.03669134782):0.01226674157,t23:0.2939101965):0.03849717138):0.5730212989):0.7658068942):0.3516856677;
20|3.07651313499082|0.45011119000148|0.613948825164698|((((t1:0.1922837291,((t11:0.05205009486,t15:0.05205009486):0.01155771991,t12:0.06360781477):0.1286759143):0.1832600251,t3:0.3755437542):0.1495171,(((((t14:0.04734750039,t16:0.04734750039):0.04958161476,(t7:0.0304996926,t10:0.0304996926):0.06642942255):0.020575776,t8:0.1175048911):0.06789659605,t6:0.1854014872):0.1357779271,(t18:0.01600717677,t2:0.01600717677):0.3051722375):0.20388144):0.01426204886,(t9:0.3932127378,((t20:0.2882524934,((t19:0.1036415415,t4:0.1036415415):0.05732270373,(t5:0.06145146289,t13:0.06145146289):0.09951278232):0.1272882482):0.00673689577,t17:0.2949893892):0.09822334867):0.1461101653):0.3115347198;
27|0.519476958394516|0.060080597915221|0.622639765264466|((((((t10:1.124454139,t27:1.124454139):1.423806842,((t3:0.3593192527,t2:0.3593192527):1.275146957,t26:1.634466209):0.9137947718):0.2827776317,((t14:0.09626908841,t18:0.09626908841):0.4466609478,t11:0.5429300362):2.288108577):1.272498248,(t5:2.959171855,((t25:1.481014638,(t13:0.6598253201,(t17:0.1826255058,t9:0.1826255058):0.4771998143):0.8211893176):0.648021921,(t19:0.1260816422,t12:0.1260816422):2.002954917):0.8301352963):1.144365006):2.868435005,((t1:2.374007331,(t8:1.30141087,t24:1.30141087):1.072596461):2.060397523,(t15:0.1733611555,t21:0.1733611555):4.261043698):2.537567012):2.894736262,((t6:1.213593404,(t23:0.01505794404,t16:0.01505794404):1.19853546):2.446755939,(((t20:1.110727696,t22:1.110727696):0.3487099888,t7:1.459437685):0.7710097451,t4:2.23044743):1.429901913):6.206358785):0.1419617463;
15|1.17086609553313|0.451326653668657|0.642489676363766|(t5:2.756349381,(((((t9:0.0927148546,t14:0.0927148546):0.009697664408,(t13:0.004258324503,t6:0.004258324503):0.0981541945):0.3237468176,((t8:0.210111162,(t7:0.08252986677,t1:0.08252986677):0.1275812952):0.1842073258,(t11:0.313014561,t15:0.313014561):0.08130392675):0.03184084891):0.1275851185,t12:0.5537444552):0.5966162063,(t4:0.9872007381,((t3:0.174602554,t10:0.174602554):0.2563750553,t2:0.4309776093):0.5562231288):0.1631599234):1.605988719):1.523753623;
26|2.67972947619157|0.44305273976177|0.508582153823227|(((t17:0.4176314287,((t13:0.3336161978,((t18:0.2731693321,t10:0.2731693321):0.05440376524,(t22:0.2954143519,(t16:0.05616785865,t11:0.05616785865):0.2392464932):0.03215874543):0.006043100467):0.07955884079,t6:0.4131750386):0.004456390127):0.2808712165,((t15:0.05523143453,t4:0.05523143453):0.4228654063,((t21:0.1423425223,t5:0.1423425223):0.1048654805,(t8:0.03147836101,t1:0.03147836101):0.2157296417):0.2308888381):0.2204058043):1.105316294,(((t7:0.4813066246,((t24:0.01730459709,t23:0.01730459709):0.2412301873,t3:0.2585347844):0.2227718402):0.1106968397,(t2:0.5371579295,t20:0.5371579295):0.05484553479):0.1685271722,((t12:0.1754962418,t25:0.1754962418):0.1066722741,(((t26:0.1494990988,t9:0.1494990988):0.1047725676,t14:0.2542716664):0.01894441953,t19:0.273216086):0.0089524299):0.4783621206):1.043288303):0.1624990466;
48|3.68082381911576|0.0634914056188427|0.838042371440679|((t33:0.3814268011,t29:0.3814268011):0.4542224958,((t19:0.4899434852,((t1:0.3531383954,((t41:0.0731486751,t14:0.0731486751):0.2313326703,t47:0.3044813454):0.04865704995):0.1038331072,((t4:0.1992533733,(t22:0.1758870335,(t10:0.134608867,(t48:0.04214051272,t11:0.04214051272):0.09246835429):0.04127816652):0.02336633974):0.08945887833,(t40:0.190642664,t3:0.190642664):0.09806958759):0.168259251):0.03297198257):0.09039860631,(((t43:0.1517345633,t35:0.1517345633):0.3512424271,(t30:0.1808843625,t42:0.1808843625):0.3220926279):0.01159286814,(((t45:0.2051636814,((t26:0.01219312549,t12:0.01219312549):0.1477051825,t24:0.159898308):0.0452653734):0.2704720984,(t5:0.2795586431,(t6:0.00377644105,t16:0.00377644105):0.275782202):0.1960771367):0.02714481277,(((((t8:0.1635860852,t15:0.1635860852):0.05008498973,t32:0.2136710749):0.06666142461,(((t18:0.05485663251,t7:0.05485663251):0.03691288946,t34:0.09176952197):0.02619263624,((t37:0.01257099123,((t17:0.001587090646,t31:0.001587090646):0.005976484106,t28:0.007563574752):0.005007416481):0.01004283224,t21:0.02261382347):0.09534833474):0.1623703413):0.1173279311,(t36:0.3567774722,((((t38:0.05600697667,t2:0.05600697667):0.0004069076937,t20:0.05641388436):0.05284848262,t13:0.109262367):0.002386728321,t25:0.1116490953):0.2451283769):0.04088295849):0.02035664707,((t9:0.08452545986,t44:0.08452545986):0.02247846256,(t46:0.08842679269,((t39:0.05250821565,t23:0.05250821565):0.01198025894,t27:0.06448847459):0.02393831809):0.01857712973):0.3110131553):0.0847635148):0.01178926601):0.06577223297):0.2553072055):0.01788102243;
28|1.54004968113964|0.0846410204749554|0.577805964625441|(((((t18:1.008145844,(t23:0.5507004405,(t12:0.2373213815,t16:0.2373213815):0.313379059):0.4574454031):0.06199585584,(t21:1.025539266,(t9:0.3395937946,t1:0.3395937946):0.6859454718):0.04460243291):0.03593709298,((t6:0.5845967151,(((t7:0.1121758953,t19:0.1121758953):0.2156038711,(t8:0.0513429469,t3:0.0513429469):0.2764368195):0.1912182182,t24:0.5189979846):0.06559873052):0.06269754295,(t15:0.2922937097,(t26:0.1220664815,t13:0.1220664815):0.1702272281):0.3550005484):0.4587845343):0.4026343358,((t4:0.8393533283,(t28:0.2417077226,(t11:0.0106104284,t22:0.0106104284):0.2310972942):0.5976456057):0.2491001755,((t20:0.08915721626,(t2:0.02073761908,t25:0.02073761908):0.06841959718):0.3708890282,t10:0.4600462445):0.6284072592):0.4202596245):0.05724165376,((t5:0.6771364805,(t14:0.123518283,t27:0.123518283):0.5536181975):0.5102017384,t17:1.187338219):0.378616563):0.7306859276;
37|2.06521161711309|0.0182729555759579|0.693669987842441|((((((t26:0.4019113649,t10:0.4019113649):0.2131560277,(t35:0.1108079601,t3:0.1108079601):0.5042594324):0.03542857866,((t5:0.214873151,(t33:0.1001602939,t11:0.1001602939):0.114712857):0.4066368113,t9:0.6215099623):0.02898600891):0.4696366849,((((t21:0.2875713861,(t7:0.2530181727,t14:0.2530181727):0.03455321344):0.002866539817,(t8:0.2718289137,t13:0.2718289137):0.0186090123):0.01710833185,(t4:0.1913279917,t15:0.1913279917):0.1162182662):0.6369678253,(t36:0.6843782296,((t6:0.05584108061,(t12:0.03979667398,t17:0.03979667398):0.01604440663):0.3862910941,t34:0.4421321747):0.2422460549):0.2601358535):0.175618573):0.4541687254,((((t24:0.4842949724,((t18:0.1690214844,t16:0.1690214844):0.2657437581,((t20:0.01643038897,t32:0.01643038897):0.1346321486,t37:0.1510625376):0.2837027049):0.04952972987):0.140857695,(((t28:0.1023883623,(t1:0.07731984487,t22:0.07731984487):0.02506851739):0.07349252365,t29:0.1758808859):0.1552166141,t25:0.3310975):0.2940551673):0.2090455918,(t23:0.52267779,t27:0.52267779):0.3115204691):0.08245523772,(t2:0.1625684039,t31:0.1625684039):0.754085093):0.6576478846):0.03651824027,(t19:0.4202287202,t30:0.4202287202):1.190590902):0.1385944894;
13|3.62045054492308|0.492647636281326|0.656389564974234|(((((t11:0.03781740246,(t9:0.01351491666,t3:0.01351491666):0.0243024858):0.3680936566,(t1:0.1041118468,(t12:0.05066977919,t5:0.05066977919):0.05344206757):0.3017992123):0.0079172264,((t7:0.2233196725,(t6:0.07605205512,t8:0.07605205512):0.1472676174):0.1632947087,(t10:0.02166715382,t2:0.02166715382):0.3649472274):0.02721390429):0.4310364187,t13:0.8448647041):0.1634685661,t4:1.00833327):0.4714395133;
31|3.7770787918102|0.457166975853033|0.881598646286875|((((t7:0.09719969171,t22:0.09719969171):0.3064093931,(((((((((t18:0.02347369495,t13:0.02347369495):0.05948665138,t21:0.08296034633):0.04158958032,(t11:0.01133134347,t5:0.01133134347):0.1132185832):0.008693423906,(t20:0.09803756731,(t25:0.02169081764,t4:0.02169081764):0.07634674967):0.03520578324):0.02845473657,(((t24:0.0001772946364,t28:0.0001772946364):0.0002618650604,t15:0.0004391596968):0.05451086096,(t12:0.008487601755,t26:0.008487601755):0.04646241891):0.1067480665):0.1254162009,((t10:0.04038587857,t3:0.04038587857):0.1027009332,t29:0.1430868118):0.1440274762):0.06344378866,(t1:0.1320069487,t23:0.1320069487):0.2185511279):0.01245844644,t30:0.3630165231):0.01823901238,(t2:0.02559421759,t31:0.02559421759):0.3556613179):0.02235354935):0.01424736238,((t19:0.1108726166,t6:0.1108726166):0.1510779337,(t27:0.1782121942,(t14:0.04732395296,t9:0.04732395296):0.1308882412):0.08373835612):0.1559058969):0.1076765412,(t16:0.1422813732,(t8:0.06820096429,t17:0.06820096429):0.07408040892):0.3832516152):0.06585298838;
13|0.565165591391269|0.0101261414494365|0.567372195888311|(((t8:2.229039877,t3:2.229039877):1.501417038,((t2:1.475536318,(t5:0.7133120224,(t6:0.442544428,t9:0.442544428):0.2707675944):0.762224296):0.5293237933,(t12:0.8768692398,t10:0.8768692398):1.127990872):1.725596804):0.1143328984,(((t11:0.5215132597,t4:0.5215132597):0.7754473872,(t1:0.6578888772,t7:0.6578888772):0.6390717697):0.5342802641,t13:1.831240911):2.013548903):0.7659736635;
48|2.66663768020691|0.292662871452048|0.540209808154032|((((((t10:0.1913714254,t19:0.1913714254):0.3968309908,t1:0.5882024161):0.1595270199,(t41:0.4627746578,(((t29:0.06677681464,t9:0.06677681464):0.01250408323,t23:0.07928089787):0.2014135202,t7:0.280694418):0.1820802398):0.2849547783):0.4900210771,((t11:0.5213140931,(((t28:0.05178973278,t16:0.05178973278):0.2056483491,(((t42:0.04075507283,t34:0.04075507283):0.08045962354,t48:0.1212146964):0.005829614398,t39:0.1270443108):0.1303937711):0.06622284735,t4:0.3236609292):0.1976531639):0.4525449995,((((t30:0.1123095231,(t20:0.09829242958,t5:0.09829242958):0.01401709354):0.1792211974,(t27:0.1468915105,(t12:0.07884963599,((t18:0.03796318695,t6:0.03796318695):0.01292148562,t15:0.05088467257):0.02796496341):0.06804187452):0.14463921):0.08043535227,(t2:0.1064233759,t26:0.1064233759):0.2655426969):0.2226688001,((((t17:0.08589067458,t21:0.08589067458):0.3010840626,(t37:0.3161753814,((t32:0.009859248956,t25:0.009859248956):0.259973149,((t40:0.1417621495,(t22:0.06669409591,((t45:0.004276604091,t47:0.004276604091):0.01020883727,t33:0.01448544136):0.05220865455):0.0750680536):0.07900208135,t36:0.2207642309):0.04906816705):0.04634298345):0.07079935586):0.01637708617,t31:0.4033518234):0.07597311256,t43:0.479324936):0.1153099369):0.3792242197):0.2638914206):0.02049079587,t8:1.258241309):0.08181811198,((t35:0.8774226379,(t46:0.3878881942,(t24:0.08615266548,t13:0.08615266548):0.3017355287):0.4895344437):0.01783740809,(t38:0.04190737837,((t14:0.01555862919,t44:0.01555862919):0.005512025495,t3:0.02107065469):0.02083672368):0.8533526676):0.444799375):1.042621918;
38|0.265792399505153|0.383963595407549|0.890729466220364|((((t28:0.7736114956,(t7:0.708244152,t12:0.708244152):0.06536734353):2.435916081,(((t3:1.526340629,((t37:0.296783248,t21:0.296783248):0.504642712,t9:0.8014259601):0.724914669):0.9383219957,(t6:0.2388369239,(t29:0.07024376288,t38:0.07024376288):0.168593161):2.225825701):0.3555286568,(t17:1.106013561,(t16:0.05527003173,t34:0.05527003173):1.05074353):1.71417772):0.3893362946):1.094217823,((((t1:0.9833713153,t8:0.9833713153):1.488959413,(t15:2.010846845,((t5:0.4069095287,t27:0.4069095287):0.1871092264,t31:0.5940187552):1.416828089):0.4614838842):0.2245783594,(t2:2.097340119,t14:2.097340119):0.5995689696):0.553530275,(t4:2.414601585,t26:2.414601585):0.8358377779):1.053306036):3.688314306,(((((t11:1.642147935,t32:1.642147935):1.000943504,t13:2.643091439):1.957860272,(t30:3.410721781,((t22:0.7541812305,t18:0.7541812305):1.143970296,(t10:0.6092642219,t19:0.6092642219):1.288887305):1.512570254):1.19022993):0.943286636,(t33:5.251433417,(t24:0.4225309467,t20:0.4225309467):4.82890247):0.2928049303):0.3164057483,(t23:2.615019526,((t25:0.2313291916,t36:0.2313291916):1.868916405,t35:2.100245596):0.5147739298):3.245624569):2.131415609):6.369722821;
24|2.47224140824052|0.492906144908629|0.553672920796089|(((((t16:0.01080817332,t21:0.01080817332):0.1354386288,t4:0.1462468021):0.04744244612,t14:0.1936892482):0.1728906308,(t5:0.309797605,((t11:0.01320818633,t23:0.01320818633):0.04524681917,t3:0.0584550055):0.2513425995):0.05678227406):0.8437882357,((((t10:0.2230267244,(t24:0.08626170651,t19:0.08626170651):0.1367650179):0.2231371001,((t7:0.1719212207,t20:0.1719212207):0.1928217689,((((t18:0.1730092074,t6:0.1730092074):0.01877918912,t15:0.1917883965):0.005905555166,t12:0.1976939516):0.02035483392,t8:0.2180487856):0.146694204):0.08142083491):0.04282196949,t17:0.488985794):0.171171422,((t9:0.2603082377,t22:0.2603082377):0.1471339565,((t1:0.02750441446,t13:0.02750441446):0.2693504846,t2:0.2968548991):0.1105872951):0.2527150218):0.5502108988):0.2253901226;
27|3.78934260307346|0.437300866730511|0.972268678015098|(((((t20:0.0003450910909,t16:0.0003450910909):0.09998518391,(t15:0.02339963371,t1:0.02339963371):0.07693064129):0.0914810765,(t10:0.01796003199,t3:0.01796003199):0.1738513195):0.05198458281,((t8:0.01865350328,(t12:0.01485660577,t25:0.01485660577):0.00379689751):0.04267157044,t6:0.06132507372):0.1824708606):0.4081765307,(t4:0.6386960412,(((t5:0.03558032336,t24:0.03558032336):0.3564618841,(t22:0.3788813296,((t2:0.02179587275,(t27:0.01626722048,t23:0.01626722048):0.005528652262):0.248759851,(t14:0.2179761221,((t7:0.0111461982,t17:0.0111461982):0.1927381178,((t18:0.08774600332,t21:0.08774600332):0.00891752446,t13:0.09666352778):0.1072207882):0.01409180605):0.05257960167):0.1083256058):0.01316087791):0.08529040646,((t19:0.03917386246,t9:0.03917386246):0.1714805403,(t11:0.0412072819,t26:0.0412072819):0.1694471209):0.2666782112):0.1613634272):0.01327642385):0.2725853433;
11|2.1796853537322|0.13204079645453|0.613040087628178|((t10:0.3706277315,(t3:0.281835493,t7:0.281835493):0.08879223851):0.8666854632,(((t4:0.09997050907,(t6:0.04975143683,t5:0.04975143683):0.05021907224):0.4526473229,t1:0.552617832):0.09680948332,((t2:0.09462866555,t8:0.09462866555):0.5324083094,(t9:0.3547128744,t11:0.3547128744):0.2723241005):0.02239034038):0.5878858794):0.001596527722;
22|3.02407709306804|0.166167516335845|0.579925238504075|(((t14:0.3046684712,(t1:0.1866059426,((t18:0.1552987049,t22:0.1552987049):0.01236888678,(t13:0.1546717529,t3:0.1546717529):0.01299583878):0.01893835092):0.1180625286):0.3074797107,(((t11:0.06530722728,t16:0.06530722728):0.2010892093,(t17:0.1164886089,((t2:0.02031227335,t20:0.02031227335):0.07993311657,t6:0.1002453899):0.01624321899):0.1499078277):0.3196085161,((t5:0.1010843728,t19:0.1010843728):0.09983245879,(t4:0.02963998703,t8:0.02963998703):0.1712768446):0.3850881211):0.02614322916):0.09310409257,(t12:0.6614298804,((t10:0.1980525612,((t9:0.1197184903,t15:0.1197184903):0.03657017807,t7:0.1562886684):0.0417638928):0.2416251449,t21:0.4396777062):0.2217521743):0.04382239398):0.3859562401;
12|1.50888644578634|0.340070300502703|0.545597775606439|((((t3:0.151543313,t8:0.151543313):1.382918506,(t1:0.9576826655,t12:0.9576826655):0.5767791535):0.07424415326,((t11:0.7986364669,((t4:0.08763272013,t7:0.08763272013):0.4673694599,t2:0.55500218):0.2436342869):0.4219901688,t10:1.220626636):0.3880793366):0.4578096485,((t5:0.05217076471,t6:0.05217076471):0.0120402591,t9:0.06421102381):2.002304597):0.07736788013;
20|3.83783062930917|0.377330296477303|0.872153978329152|(((t8:0.02479662113,t10:0.02479662113):0.2195102711,((t6:0.1639845494,t3:0.1639845494):0.006103371688,(t13:0.04025207551,t7:0.04025207551):0.1298358456):0.07421897115):0.6537932165,((t2:0.385745906,(t15:0.380451524,(t14:0.1587943382,(t20:0.01832608737,t19:0.01832608737):0.1404682508):0.2216571858):0.005294381998):0.3050322599,(((t9:0.2399926605,t11:0.2399926605):0.02777590819,((t16:0.02864276218,t17:0.02864276218):0.2014332686,(t1:0.1967396593,((t5:0.04881635748,t18:0.04881635748):0.06391811196,t12:0.1127344694):0.08400518983):0.03333637155):0.03769253792):0.2895292237,t4:0.5572977924):0.1334803735):0.2073219428):0.8244301352;
14|1.8497485579201|0.418332004067488|0.777735390467569|(((t12:0.2184383429,(t13:0.02084222213,t10:0.02084222213):0.1975961208):0.1941929387,((t8:0.2147771621,(t5:0.1915998607,t4:0.1915998607):0.0231773014):0.1707968923,((t9:0.1827559999,(t14:0.1675153558,t7:0.1675153558):0.01524064409):0.04770340203,(t1:0.03432731706,t11:0.03432731706):0.1961320848):0.1551146525):0.02705722715):0.08374864942,((t3:0.1509258929,t2:0.1509258929):0.2539176202,t6:0.4048435131):0.09153641781):0.1228903423;
39|0.484231300463434|0.478032445588615|0.730396079248749|((((((t11:0.3285183683,(t9:0.3191617352,t18:0.3191617352):0.009356633101):0.1829732161,t15:0.5114915843):4.09908708,((t21:0.8867074766,(t31:0.8712663013,t27:0.8712663013):0.01544117536):3.299073804,(((t10:0.1940497456,t2:0.1940497456):0.5089429616,(t7:0.5021485311,t36:0.5021485311):0.2008441761):2.092645171,(t13:2.791130309,(((t22:0.4347534631,t33:0.4347534631):1.416094835,((t24:0.8943195167,t16:0.8943195167):0.4002340289,(t17:0.2305492421,(t19:0.1235111336,t8:0.1235111336):0.1070381085):1.064004303):0.5562947529):0.5935829363,(t3:0.6287249049,(t23:0.4036416707,t32:0.4036416707):0.2250832342):1.81570633):0.3466990741):0.004507569269):1.390143403):0.4247973835):0.1525371817,((t30:0.5724573914,t4:0.5724573914):2.279118986,t29:2.851576377):1.911539469):0.04195265785,((t20:0.1182025293,t14:0.1182025293):3.142333557,(((t25:1.697252664,(t35:1.622410791,t6:1.622410791):0.07484187301):1.138996454,(t39:1.151213814,t26:1.151213814):1.685035304):0.02773845137,(t28:0.051456872,((t12:0.001370943486,t37:0.001370943486):0.03462181645,t34:0.03599275994):0.01546411207):2.812530697):0.396548517):1.544532417):3.644989415,((t5:0.4268493829,t1:0.4268493829):4.648572776,t38:5.075422159):3.37463576):8.302742611;
40|0.0412636596336961|0.112686300969217|0.67219886276871|(((((((((((t14:12.53876858,t10:12.53876858):1.383875386,t35:13.92264397):15.23376833,t16:29.1564123):5.848870968,(t31:0.007711587027,t27:0.007711587027):34.99757168):3.628206927,(t15:27.00184174,t29:27.00184174):11.63164845):1.186377497,t39:39.81986769):6.870162361,((t9:6.306334349,t23:6.306334349):10.65397715,t38:16.9603115):29.72971855):13.55991516,((t40:49.62485861,((t12:29.00807981,(t34:21.75761429,(t26:9.129451326,t28:9.129451326):12.62816297):7.25046552):18.17681025,(t13:34.22163269,((((t7:3.873434803,t11:3.873434803):0.5994013493,t2:4.472836152):4.887463725,t22:9.360299877):15.94490654,t8:25.30520642):8.91642627):12.96325738):2.439968544):2.091523716,(t25:13.81326826,(t3:13.74933956,t20:13.74933956):0.06392870319):37.90311406):8.533562885):3.194529345,((t6:21.5654802,(((t17:5.995727251,(t32:4.349376897,t18:4.349376897):1.646350354):5.32071564,t33:11.31644289):8.880650558,t30:20.19709345):1.368386754):11.43083339,(t24:9.801569105,t5:9.801569105):23.19474448):30.44816097):5.292690142,((t19:45.80161718,(t21:37.27822448,t1:37.27822448):8.523392702):3.73924103,(t37:6.793807506,t4:6.793807506):42.74705071):19.19630649):4.893067551,t36:73.63023225):51.00225507;
47|0.027444917273242|0.123478309139609|0.757075007655658|((t31:40.37349577,(t47:19.96296739,t10:19.96296739):20.41052837):119.353089,((((t26:33.14367379,(t33:2.042160045,t22:2.042160045):31.10151374):24.6171162,t17:57.76078999):15.93628589,((((t16:20.22273697,(t30:11.83584145,t3:11.83584145):8.386895519):8.449588673,(t2:10.27385804,t35:10.27385804):18.3984676):26.36280726,(t29:51.52327402,(((t6:2.60682766,t12:2.60682766):1.209967642,t5:3.816795302):29.62169389,(t14:24.09373139,(t7:13.5422954,t9:13.5422954):10.55143598):9.344757803):18.08478483):3.511858887):4.870561375,(t43:27.68120296,t46:27.68120296):32.22449132):13.7913816):65.26175366,((((((t13:10.99304189,t25:10.99304189):9.533242028,t37:20.52628392):7.904989706,t1:28.43127363):7.585097945,t36:36.01637157):15.53369312,(((t42:2.048092796,t39:2.048092796):1.044980846,t19:3.093073642):12.52752875,t8:15.62060239):35.9294623):86.11241149,((((t38:2.846048721,t11:2.846048721):33.98886603,(t24:18.97491518,(t45:7.784050106,(t18:6.174960066,t4:6.174960066):1.60909004):11.19086507):17.85999957):6.174553888,(t40:16.59358863,t27:16.59358863):26.41588001):32.38388587,((t15:43.65360692,(t32:37.64747715,(t41:3.2101687,t21:3.2101687):34.43730845):6.006129768):9.78704944,((t28:4.28562202,t20:4.28562202):26.55635397,(t23:19.26148879,(t34:2.324194386,t44:2.324194386):16.93729441):11.58048719):22.59868037):21.95269816):62.26912166):1.296353368):20.76775526):61.65916815;
17|2.34082783459686|0.433079661992379|0.879155210219324|((((t15:0.3379372128,((t14:0.1280795383,t11:0.1280795383):0.09929063532,t17:0.2273701737):0.1105670392):0.1200962003,(t6:0.129475039,((t8:0.02511031393,t13:0.02511031393):0.03395535487,t2:0.0590656688):0.07040937021):0.3285583742):0.01575862017,(((t4:0.02341466602,t3:0.02341466602):0.3826023103,(t1:0.1563747815,t10:0.1563747815):0.2496421948):0.02654448109,t7:0.4325614574):0.041230576):0.05486556655,(t12:0.2555043622,((t16:0.1551261975,t5:0.1551261975):0.03472162743,t9:0.1898478249):0.06565653728):0.2731532377):0.2042845739;
17|1.13091983808437|0.41008531143656|0.597679286496714|((t5:0.238837442,t3:0.238837442):2.343721304,(((t13:0.5587188387,t14:0.5587188387):0.09376426693,t7:0.6524831056):1.684448142,((((((t2:0.04552998877,t16:0.04552998877):0.04542583092,t6:0.09095581969):0.2779765239,t11:0.3689323435):0.02743538105,(t4:0.2043271206,(t9:0.1936007801,t17:0.1936007801):0.01072634048):0.192040604):0.4486206912,((t15:0.3563512281,t8:0.3563512281):0.2800070194,(t10:0.3421398266,t1:0.3421398266):0.2942184208):0.2086301683):0.5500148339,t12:1.39500325):0.9419279984):0.2456274984):0.1697409735;
32|0.155483879290987|0.280457709177863|0.66205501742661|((((t30:3.20698359,t29:3.20698359):7.356772319,((t17:2.281867279,(t14:1.679097348,t26:1.679097348):0.602769931):1.250096791,t7:3.53196407):7.031791838):4.240489782,((((t15:5.06489308,t3:5.06489308):3.928158333,(t25:7.447737278,t13:7.447737278):1.545314136):2.130211431,(((((t22:1.195690502,t20:1.195690502):4.877247006,t1:6.072937508):2.211770266,((t27:5.875216187,(t11:0.8410718444,t16:0.8410718444):5.034144342):0.3111032228,t21:6.186319409):2.098388365):2.044879923,t2:10.3295877):0.6479079784,(((t18:0.8620946652,t32:0.8620946652):3.592194277,t6:4.454288943):0.930526356,(t12:2.910264793,(t10:2.336172725,t8:2.336172725):0.5740920672):2.474550506):5.592680377):0.145767169):2.162107769,(((t23:0.4640576743,(t5:0.3967129861,t24:0.3967129861):0.06734468815):3.847759438,(t4:1.649440003,t19:1.649440003):2.662377109):6.675111601,(t31:4.514609883,t28:4.514609883):6.47231883):2.298441901):1.518875076):0.1330631704,t9:14.93730886):1.200198787;
31|1.13576283663046|0.106253346367739|0.681258321274072|((t12:1.490698813,(t26:0.5408490981,t30:0.5408490981):0.9498497148):1.721317071,(((t13:0.5360136739,t7:0.5360136739):1.632386642,(((t15:0.217170296,t1:0.217170296):0.4857597531,(t4:0.6022790765,t19:0.6022790765):0.1006509727):0.7311534297,t27:1.434083479):0.7343168366):0.4742475115,(((t6:0.5293579235,((t22:0.1166389501,(t20:0.08650155774,t31:0.08650155774):0.03013739238):0.2677254822,(t10:0.03600840451,t23:0.03600840451):0.3483560278):0.1449934912):1.711714186,(t24:1.346163696,(t5:0.01655497403,t3:0.01655497403):1.329608722):0.8949084134):0.04539669912,(((t28:0.838416431,((t25:0.3575464266,t9:0.3575464266):0.4128692328,(t21:0.007864629376,t2:0.007864629376):0.7625510301):0.0680007715):0.5683264319,((t8:0.2804201781,t16:0.2804201781):1.05432037,t11:1.334740549):0.07200231433):0.01913647575,(t14:0.6295525666,(t18:0.4078762007,(t17:0.01073134489,t29:0.01073134489):0.3971448559):0.2216763659):0.796326772):0.8605894699):0.3561790185):0.5693680565):0.7700836229;
15|2.76633399232756|0.0435626117279753|0.600649911677465|((t7:0.4711802628,t4:0.4711802628):1.024246334,(((t3:0.3996481516,t13:0.3996481516):0.5097830315,((((t15:0.08290137797,t11:0.08290137797):0.172231967,t6:0.255133345):0.07265574881,(t1:0.1002927771,t10:0.1002927771):0.2274963167):0.3102675914,(t12:0.1726553164,(t2:0.05376250661,t14:0.05376250661):0.1188928098):0.4654013689):0.2713744978):0.2938577906,((t8:0.3084576493,t5:0.3084576493):0.03556139614,t9:0.3440190454):0.8592699282):0.292137623):0.09518759096;
31|2.60302303260425|0.386845847095829|0.812134508858435|(((((t15:0.07362913292,t12:0.07362913292):0.4807630886,(t17:0.1178900717,t4:0.1178900717):0.4365021498):0.4397082548,(t3:0.5003878854,t13:0.5003878854):0.4937125909):0.09480993809,t6:1.088910414):0.0008728222111,((t2:0.03969340672,(t18:0.03498644761,t20:0.03498644761):0.00470695911):1.047048819,(((t30:0.3098204582,(t28:0.08482510694,((t31:0.04293660854,(t9:0.04259881575,t14:0.04259881575):0.000337792792):0.03501976747,t1:0.07795637601):0.006868730927):0.2249953513):0.3491873834,(t16:0.5980709331,((t8:0.3318192972,(t21:0.2145369533,t24:0.2145369533):0.1172823439):0.04254174977,t23:0.374361047):0.2237098862):0.06093690846):0.08472487871,((((t11:0.1846864212,t10:0.1846864212):0.1604800812,t26:0.3451665024):0.01552479687,t5:0.3606912992):0.3598936167,(((t22:0.06703182203,t29:0.06703182203):0.07040308959,(t7:0.1286870795,t25:0.1286870795):0.008747832137):0.2124529876,(t19:0.1099788529,t27:0.1099788529):0.2399090463):0.3706970167):0.02314780441):0.3430095053):0.00304101101):0.1718268547;
28|2.81674303750275|0.199727697782218|0.792519603972323|((((((t6:0.2411771396,((t20:0.05401216697,t18:0.05401216697):0.1287164646,t1:0.1827286316):0.05844850804):0.3708817807,t4:0.6120589203):0.08434705618,((t11:0.06514046871,t2:0.06514046871):0.06614186719,(t9:0.03081750575,t16:0.03081750575):0.1004648301):0.5651236406):0.06892243321,((t28:0.3326993188,(t12:0.02424058411,t23:0.02424058411):0.3084587347):0.0093385901,(t17:0.2857748893,(t24:0.02244261215,t3:0.02244261215):0.2633322772):0.05626301961):0.4232905008):0.3973750831,t22:1.162703493):0.01337417574,(((((((t10:0.002631388796,t8:0.002631388796):0.1000398872,t26:0.102671276):0.1571537674,(t21:0.1239970338,t19:0.1239970338):0.1358280096):0.04465299363,(t14:0.2173801683,t15:0.2173801683):0.08709786881):0.5548865362,t7:0.8593645733):0.1841261373,(t27:0.1298711088,t13:0.1298711088):0.9136196018):0.04581521678,(t25:0.3644346388,t5:0.3644346388):0.7248712886):0.08677174112):0.1344993689;
35|1.45457314984407|0.0625844754534774|0.995343987364322|(((((t33:0.04708003002,t31:0.04708003002):0.7823356314,((t7:0.07617251267,t22:0.07617251267):0.003040022094,(t13:0.04838920248,t6:0.04838920248):0.03082333228):0.7502031267):0.3819154668,((t30:0.5084096934,((t21:0.1973723,t25:0.1973723):0.03027226768,t9:0.2276445676):0.2807651258):0.5353939565,(((((t12:0.1412141123,t29:0.1412141123):0.3561457083,(t15:0.1445534479,t27:0.1445534479):0.3528063727):0.3814510264,((t10:0.2732048679,t2:0.2732048679):0.3688956066,t34:0.6421004746):0.2367103725):0.001381426384,(t28:0.2753976935,t14:0.2753976935):0.6047945799):0.04924162089,t26:0.9294338943):0.1143697556):0.1675274783):0.06422008061,((((t16:0.123415113,t35:0.123415113):0.2342078713,((t32:0.1499520372,(t11:0.1025673162,t17:0.1025673162):0.04738472108):0.1161768567,((t19:0.009252202714,t24:0.009252202714):0.09457693072,t18:0.1038291334):0.1622997605):0.09149409035):0.2284486008,t20:0.5860715851):0.1466150588,(((t8:0.06187899098,t23:0.06187899098):0.06167829206,(t1:0.0299933066,t5:0.0299933066):0.09356397644):0.06224596798,t3:0.185803251):0.5468833928):0.542864565):0.2910659366,t4:1.566617145):0.264213199;
48|1.17876750206808|0.495218940386549|0.545511024305597|(((t12:0.2091242994,t31:0.2091242994):1.858870579,((((t6:1.092356217,(((t33:0.290491238,t11:0.290491238):0.1265088003,(t22:0.1051645367,t4:0.1051645367):0.3118355015):0.2388553724,(t44:0.5496525962,(t5:0.4112246697,((t26:0.2585047746,(t25:0.1106397524,t43:0.1106397524):0.1478650222):0.08974232598,t30:0.3482471006):0.06297756917):0.1384279265):0.1062028144):0.4365008068):0.5439473717,t48:1.636303589):0.0115608401,((((t23:0.1835248743,t14:0.1835248743):0.1366248067,t27:0.3201496811):0.07122393986,t2:0.3913736209):0.2032516469,(t20:0.204815434,t40:0.204815434):0.3898098338):1.053239161):0.3979182318,((t28:0.7031901972,(t35:0.152720193,t39:0.152720193):0.5504700043):0.7484520006,(t13:0.8909005046,(t45:0.549591784,(t36:0.4623217229,t16:0.4623217229):0.08727006102):0.3413087206):0.5607416932):0.5941404632):0.0222122169):1.605573496,((((t7:0.1830111686,t24:0.1830111686):0.8242449261,t29:1.007256095):0.8971622451,(t38:0.6438738017,(t9:0.2044285371,t41:0.2044285371):0.4394452646):1.260544538):0.9121454959,((((t46:0.1967098097,t8:0.1967098097):0.1891769531,(t37:0.02646880106,t15:0.02646880106):0.3594179617):0.6557037742,((t17:0.07278868934,t1:0.07278868934):0.5907220543,(t21:0.1014268465,t18:0.1014268465):0.5620838971):0.3780797932):0.7706980062,(((t32:0.2722280448,(t34:0.03563540496,t3:0.03563540496):0.2365926398):0.606587322,t47:0.8788153668):0.6188882752,((t19:0.3730452859,t42:0.3730452859):0.493877662,t10:0.8669229479):0.6307806941):0.3145849011):1.004275293):0.8570045386):1.163250451;
32|1.38540077452315|0.333482588576153|0.705589498393238|(((((t13:0.3055602681,t4:0.3055602681):0.5038149033,(t14:0.04587570737,t3:0.04587570737):0.763499464):0.4712006205,t10:1.280575792):0.3771706835,((t29:0.9600813596,(t6:0.6170311461,(t28:0.2069705226,(t2:0.01474266223,t20:0.01474266223):0.1922278603):0.4100606235):0.3430502135):0.1088858909,(((t17:0.1847872232,t15:0.1847872232):0.7884181941,(((t24:0.5256941597,((t5:0.01647635137,t25:0.01647635137):0.2631763088,(t22:0.1302267969,t16:0.1302267969):0.1494258633):0.2460414996):0.3900864841,((t27:0.003471200852,t32:0.003471200852):0.2073254408,t21:0.2107966416):0.7049840022):0.03645013359,(t31:0.2196496409,t19:0.2196496409):0.7325811365):0.02097463992):0.04212506366,t18:1.015330481):0.05363676942):0.5887792249):0.2854689017,((((t26:0.1197298401,t23:0.1197298401):0.3014185379,(t9:0.3649164526,(t1:0.07675467994,t12:0.07675467994):0.2881617726):0.05623192546):0.1534370957,t11:0.5745854737):0.7196338925,(t30:0.9177739667,(t8:0.4703360948,t7:0.4703360948):0.4474378719):0.3764453995):0.6489960108):0.3007824791;
26|0.491428898153827|0.19383761574747|0.618067530798726|((t19:6.47914702,(((t14:2.462403214,t26:2.462403214):2.231979022,(t1:4.06055965,((t15:0.003304185156,t11:0.003304185156):0.5430867172,(t9:0.3793207602,t5:0.3793207602):0.1670701422):3.514168747):0.633822586):1.61758396,((((t24:0.4357365409,t6:0.4357365409):0.6905036128,(t12:0.1617740188,t18:0.1617740188):0.9644661349):2.365838601,(t20:0.6221309451,t7:0.6221309451):2.86994781):2.102226376,((t22:1.438943482,((t10:0.45064935,t16:0.45064935):0.4583654278,t25:0.9090147778):0.5299287039):1.33486993,(((t13:0.3636759135,t17:0.3636759135):1.074597043,t3:1.438272957):0.539963235,t2:1.978236192):0.7955772194):2.82049172):0.7176610642):0.1671808247):1.019973318,(t8:1.284961789,(t4:0.862257711,(t23:0.8018235811,t21:0.8018235811):0.06043412992):0.4227040778):6.21415855):4.565199442;
45|3.36349302031565|0.4080374205322|0.749858881928958|(((((t30:0.1482642524,(t38:0.008151463141,t43:0.008151463141):0.1401127893):0.2840738217,t44:0.4323380741):0.3094798088,((((t19:0.02446890168,t20:0.02446890168):0.09926644838,t22:0.1237353501):0.04653404533,t4:0.1702693954):0.07091793202,((t9:0.1004957857,t42:0.1004957857):0.03280822583,t21:0.1333040116):0.1078833158):0.5006305556):0.1635327208,(t11:0.1212776785,(t34:0.0128538,t33:0.0128538):0.1084238785):0.7840729253):0.03778724255,((((t14:0.3736374252,t23:0.3736374252):0.3343000842,(t26:0.4824383834,(t32:0.3182848182,t45:0.3182848182):0.1641535652):0.225499126):0.01483544515,(((t37:0.3149436491,t5:0.3149436491):0.09364132058,(t17:0.1993241609,((t31:0.09449157415,t41:0.09449157415):0.03496646523,(t10:0.1213594811,t12:0.1213594811):0.008098558319):0.06986612148):0.2092608088):0.2527047729,((t40:0.2897928144,(t25:0.08165444493,t3:0.08165444493):0.2081383695):0.220454287,((t27:0.1861870498,(t29:0.143530903,t39:0.143530903):0.04265614679):0.07236916217,(t7:0.2284485106,t36:0.2284485106):0.03010770134):0.2516908894):0.1510426412):0.06148321194):0.1634103087,(((t1:0.1313237966,((t2:0.03191246939,t6:0.03191246939):0.03455317969,(t28:0.05804620049,t15:0.05804620049):0.00841944858):0.06485814751):0.03707804051,((t16:0.117400096,(t13:0.06482683838,t8:0.06482683838):0.0525732576):0.04410040428,t35:0.1615005003):0.006901336833):0.4716813178,(t24:0.5738055159,t18:0.5738055159):0.06627763893):0.2461001083):0.05695458312):0.542105952;
25|0.654075845289044|0.206513715530746|0.535459719598293|(((t5:0.9425208496,t22:0.9425208496):3.99951678,(((((t11:0.1720803029,t19:0.1720803029):0.2564359628,t16:0.4285162657):1.421873957,t24:1.850390223):0.648817038,(t2:0.2685200476,t14:0.2685200476):2.230687213):1.042029184,((t9:1.769308284,t10:1.769308284):1.108423954,(t1:1.895047667,((t17:0.6215532458,t13:0.6215532458):0.6727747968,((t20:0.01410073424,t6:0.01410073424):0.9248633073,(t4:0.1491192068,t7:0.1491192068):0.7898448347):0.3553640011):0.6007196247):0.9826845704):0.6635042067):1.400801186):0.07522458444,((t8:1.7771774,(t21:1.68805353,((t23:0.1659183311,t18:0.1659183311):0.4627205812,t25:0.6286389123):1.059414618):0.08912386951):0.8709662807,(t12:1.66031688,(t15:0.2766215541,t3:0.2766215541):1.383695326):0.9878268):2.369118534):1.419914874;
11|1.09187869417714|0.345117552161682|0.883164710947312|(((t3:0.1096286735,t11:0.1096286735):0.4906015969,t6:0.6002302704):0.6776545663,(((t9:0.3854260135,t5:0.3854260135):0.1837114334,(t1:0.2528211869,t4:0.2528211869):0.31631626):0.2872959937,(t2:0.7276178007,((t7:0.215981864,t10:0.215981864):0.2173190628,t8:0.4333009268):0.2943168739):0.1288156399):0.4214513961):1.308144075;
40|3.99248546848306|0.098219350038562|0.647733314312063|((((((t20:0.2672934381,(((t15:0.0199665944,t2:0.0199665944):0.1223842305,t39:0.1423508249):0.01722931071,t18:0.1595801356):0.1077133025):0.1717744598,(t8:0.04374639386,t30:0.04374639386):0.3953215041):0.2964202747,t36:0.7354881727):0.1519818326,(((((t24:0.1368324809,(t1:0.09843836672,t16:0.09843836672):0.03839411418):0.09362330255,t37:0.2304557834):0.2100408535,t29:0.440496637):0.2006066041,((t22:0.08192429139,(t33:0.01315645921,t19:0.01315645921):0.06876783218):0.4679256258,(t6:0.4348978186,((t21:0.06987817735,t12:0.06987817735):0.1369093839,(t27:0.1822733365,t23:0.1822733365):0.02451422472):0.2281102573):0.1149520986):0.09125332389):0.2119406376,((((t5:0.04107969906,t9:0.04107969906):0.2286836061,((t32:0.0661646318,t31:0.0661646318):0.003473634658,t13:0.06963826646):0.2001250387):0.3743882012,(t11:0.06647180286,t28:0.06647180286):0.5776797036):0.1213873855,t34:0.765538892):0.08750498665):0.0344261266):0.07215483487,t26:0.9596248401):0.006794826329,(((t38:0.005800271364,t3:0.005800271364):0.2696736524,t4:0.2754739238):0.1821113913,(t25:0.4540891548,((t10:0.1636550848,(t40:0.02678642364,t14:0.02678642364):0.1368686611):0.2406096048,((t17:0.2206078719,t7:0.2206078719):0.02625350083,t35:0.2468613728):0.1574033168):0.04982446527):0.003496160247):0.5088343513):0.6140631282;
37|0.318540158951655|0.170594355959911|0.6814162095543|(((((t13:1.208473383,t25:1.208473383):0.8093109809,t6:2.017784364):3.896191884,((((t11:1.020519484,t14:1.020519484):0.4124943503,t37:1.433013834):0.7804199797,t33:2.213433814):1.878903496,(t21:1.802641215,t3:1.802641215):2.289696095):1.821638938):3.640371164,(((t4:3.993200524,(((t8:2.201716709,t24:2.201716709):0.3816895184,t20:2.583406228):0.8577154453,t15:3.441121673):0.5520788508):0.8536566848,((t34:2.943948638,((t1:0.7502443374,(t18:0.3503974798,t27:0.3503974798):0.3998468576):0.9832679094,(t36:0.156186984,t29:0.156186984):1.577325263):1.210436391):0.1328888016,t26:3.076837439):1.770019769):3.001150371,((t19:1.39411799,t30:1.39411799):5.183988384,(t10:3.839847424,(((t12:0.751091306,t2:0.751091306):1.085799323,t23:1.83689063):1.338545744,(t28:0.4318316923,t31:0.4318316923):2.743604681):0.6644110504):2.73825895):1.269901206):1.706339832):0.4737629608,(t32:4.926207729,((t22:2.212280806,((t7:1.307527247,t35:1.307527247):0.7276322835,(t17:1.795195463,t9:1.795195463):0.2399640682):0.1771212753):0.840266846,(t16:1.229672638,t5:1.229672638):1.822875015):1.873660076):5.101902644):2.126352565;
26|2.16793661590898|0.172731409973931|0.977323388913646|(((t24:0.2140537271,t13:0.2140537271):0.9428028702,((t10:0.1907317742,t8:0.1907317742):0.4975810099,((t23:0.4180222971,((t1:0.1024793791,t7:0.1024793791):0.2155375427,t3:0.3180169218):0.1000053753):0.2672789243,t2:0.6853012214):0.003011562704):0.4685438132):0.2003780893,((((t4:0.6244986408,t22:0.6244986408):0.07236979883,(t5:0.6751144503,((((t21:0.01586145015,t19:0.01586145015):0.07392412288,t16:0.08978557303):0.02231351475,(t26:0.01933288674,t20:0.01933288674):0.09276620103):0.3562567457,t11:0.4683558335):0.2067586168):0.02175398938):0.007857382995,(t15:0.6843996699,(t18:0.4640151558,t25:0.4640151558):0.2203845141):0.02032615277):0.5891517424,((t17:0.2259098981,t14:0.2259098981):0.6613470711,(t12:0.3260329852,(t9:0.1912215093,t6:0.1912215093):0.134811476):0.561223984):0.4066205959):0.06335712157):1.101475508;
34|1.5631093849591|0.424377441015095|0.75744864740409|(((((t29:0.0672708774,t23:0.0672708774):1.186571518,(((t6:0.09051741376,t30:0.09051741376):0.6242984789,t20:0.7148158926):0.5106598515,(t10:0.4103537713,t15:0.4103537713):0.8151219729):0.02836665142):0.1104075472,((t3:0.05993526731,t21:0.05993526731):1.252308035,((t28:0.2906558887,((t7:0.03134022599,t14:0.03134022599):0.07487052591,t33:0.1062107519):0.1844451368):1.000175137,((t24:0.2285370581,t31:0.2285370581):0.7696395266,((t26:0.4273759659,(t1:0.2004033632,t5:0.2004033632):0.2269726028):0.4838695737,(((t12:0.05316229548,t32:0.05316229548):0.2447121303,(t18:0.01488460293,t27:0.01488460293):0.2829898228):0.01473927548,(t17:0.06458981774,t9:0.06458981774):0.2480238835):0.5986318384):0.08693104497):0.2926544414):0.02141227637):0.0520066404):0.5606597537,(t16:0.7638142334,((t4:0.350462928,t8:0.350462928):0.2238776054,((t34:0.2424758083,t25:0.2424758083):0.08957302031,((t11:0.139399348,(t22:0.005218751737,t2:0.005218751737):0.1341805963):0.009005773166,t19:0.1484051212):0.1836437074):0.2422917047):0.1894737001):1.161095463):0.3879782114,t13:2.312887908):0.8928914008;
37|1.73762932661688|0.0798953933222219|0.615279276971705|(((t7:0.08306712317,t9:0.08306712317):1.328187428,((((((t14:0.03416348552,t36:0.03416348552):0.2298940704,t25:0.2640575559):0.08609029488,t13:0.3501478508):0.3217418403,((t20:0.6077622223,(t8:0.5759297471,(t11:0.437248485,t29:0.437248485):0.1386812621):0.03183247525):0.0289267449,t37:0.6366889672):0.03520072385):0.361355693,(((t22:0.2863597987,t35:0.2863597987):0.01923817509,t31:0.3055979738):0.04623423232,(t28:0.2426580393,(t34:0.232882254,t18:0.232882254):0.009775785287):0.1091741668):0.6814131779):0.2023081054,(((t23:0.03896417007,t21:0.03896417007):0.4249844569,t10:0.463948627):0.6153564612,((t5:0.8126507094,t15:0.8126507094):0.07980303254,(t27:0.2968847544,(t24:0.06467850757,t16:0.06467850757):0.2322062468):0.5955689876):0.1868513462):0.1562484012):0.1757010616):0.9820491102,(((t32:0.3780028161,(t4:0.01919234906,t6:0.01919234906):0.358810467):0.7811383371,((t26:0.8768694286,t2:0.8768694286):0.09698267365,t3:0.9738521022):0.1852890509):0.3248550154,(t17:1.138874166,((t12:0.3580200954,(t30:0.2996433918,t33:0.2996433918):0.05837670361):0.4293064464,(t1:0.6800762217,t19:0.6800762217):0.10725032):0.351547624):0.3451220027):0.9093074926):0.1001936602;
25|0.222565041135531|0.0798384253401309|0.942613144870847|(((((((t20:0.3714639073,t3:0.3714639073):2.497443634,t12:2.868907542):0.8284340347,t25:3.697341576):0.9456077034,(t17:3.714870852,t6:3.714870852):0.9280784278):2.327745196,(t4:6.282196679,t22:6.282196679):0.6884977973):1.919090442,((t7:5.406101744,(t13:5.018172757,((((t19:0.7125396448,t2:0.7125396448):0.8592510806,((t18:0.6332826381,t5:0.6332826381):0.5043803284,t16:1.137662967):0.4341277589):1.615334453,t14:3.187125178):0.5110413474,t1:3.698166526):1.320006231):0.3879289869):0.2372793166,t8:5.643381061):3.246403857):1.325930958,((t9:5.560157723,(t15:2.155034194,(t21:0.2376496483,t24:0.2376496483):1.917384545):3.40512353):4.603029959,((t11:0.197377591,t10:0.197377591):1.542828776,t23:1.740206367):8.422981315):0.05252819341):17.36998139;
11|0.6964664938231|0.277968770535663|0.795962150557898|((((t5:1.336541702,((t3:1.270826346,t6:1.270826346):0.007862339414,(t9:0.1898274804,t2:0.1898274804):1.088861205):0.05785301649):0.1984164355,(((t10:0.2546767503,t4:0.2546767503):0.003373384993,t7:0.2580501353):1.252282601,t11:1.510332736):0.02462540128):0.4295962625,t8:1.9645544):1.416964667,t1:3.381519067):0.2168739163;
11|3.94794644824229|0.20955923486501|0.626484766718931|(((((t1:0.03056050174,t9:0.03056050174):0.07254827344,t2:0.1031087752):0.318254093,(t3:0.1204014254,(t5:0.06086042704,t7:0.06086042704):0.05954099832):0.3009614429):0.06995556488,(t4:0.2753573451,t10:0.2753573451):0.215961088):0.1034143297,((t8:0.1875586479,t11:0.1875586479):0.0538099585,t6:0.2413686064):0.3533641564):0.1028178149;
45|1.29972904295195|0.200227926904336|0.93541866412852|((((((t6:0.1804092292,t27:0.1804092292):0.1226686694,t4:0.3030778985):1.630711503,(((((t33:0.4203603056,t5:0.4203603056):0.0699692106,t19:0.4903295162):0.003474384247,(t1:0.2903705965,t13:0.2903705965):0.203433304):1.220398848,((t23:0.2100026804,(t14:0.02581096423,(t39:0.01436298421,t35:0.01436298421):0.01144798002):0.1841917162):1.003661635,(t42:0.9653074085,t31:0.9653074085):0.2483569068):0.5005384331):0.1654722778,t18:1.879675026):0.05411437526):0.2923424662,(((t25:1.000152674,(t41:0.3107108577,t15:0.3107108577):0.6894418159):0.141949802,(t12:0.4932539558,t20:0.4932539558):0.6488485198):0.09139013749,t21:1.233492613):0.9926392545):0.3546421735,((((t2:0.9956342135,((t10:0.6282115576,(t40:0.6039259071,(t30:0.3486209558,t38:0.3486209558):0.2553049513):0.02428565048):0.1016029364,(t22:0.3370565199,(t28:0.09933644845,(t37:0.04696723809,t24:0.04696723809):0.05236921036):0.2377200715):0.392757974):0.2658197196):0.2785577595,(t44:0.5556002032,(t9:0.1747208663,t16:0.1747208663):0.3808793369):0.7185917698):0.3582278971,(t8:0.1473358099,t3:0.1473358099):1.48508406):0.6713892173,((t32:0.2145216385,t17:0.2145216385):0.9659313869,t26:1.180453025):1.123356062):0.2769649536):0.9080491221,(((t29:0.370234741,t34:0.370234741):0.9234477264,(t7:0.5502638012,t43:0.5502638012):0.7434186663):0.1662578182,(t11:0.02907511537,(t36:0.01272968728,t45:0.01272968728):0.01634542809):1.43086517):2.028882878):1.653240406;
46|3.91188608277589|0.482363247561734|0.654438182711601|((((((((t31:0.01734200415,(t15:0.01723763577,t25:0.01723763577):0.0001043683795):0.03767633836,t40:0.05501834251):0.03583102535,(t4:0.08699352194,t3:0.08699352194):0.00385584593):0.0169250952,t45:0.1077744631):0.4049845694,(t32:0.09485583958,t28:0.09485583958):0.4179031929):0.06997394088,((((((t29:0.009163680346,t46:0.009163680346):0.07184097325,t41:0.0810046536):0.0009460507038,(t36:0.07652649431,((t17:0.004189634046,t10:0.004189634046):0.007279993458,t12:0.0114696275):0.0650568668):0.005424209996):0.0802602054,(((t7:0.05105571613,t34:0.05105571613):0.07933854904,(t11:0.03677684042,t43:0.03677684042):0.09361742474):0.0218133408,t37:0.152207606):0.01000330374):0.1104816859,((t9:0.03397280343,t44:0.03397280343):0.09524804352,(t26:0.1118426805,(t27:0.0557977943,t1:0.0557977943):0.0560448862):0.01737816644):0.1434717486):0.06368363452,(t38:0.1864258435,(t8:0.1558586659,t39:0.1558586659):0.03056717762):0.1499503866):0.2463567433):0.01828947899,((t18:0.1137013796,(t42:0.04219344522,t23:0.04219344522):0.07150793442):0.03869889824,t14:0.1524002779):0.4486221744):0.1683793756,((t5:0.2118405215,t33:0.2118405215):0.4202321154,((t2:0.505386037,(((t35:0.219637668,(t6:0.03618244914,t24:0.03618244914):0.1834552189):0.006430281027,(t21:0.01729654173,t16:0.01729654173):0.2087714073):0.06964755007,((t20:0.2205657647,(t13:0.1782804968,t19:0.1782804968):0.04228526786):0.03877752632,t30:0.259343291):0.03637220811):0.2096705379):0.02313812046,t22:0.5285241574):0.1035484794):0.137329191):0.08088764133;
45|1.34877860348905|0.332774964319542|0.579511816962622|((((((t41:0.2541730011,t10:0.2541730011):0.3295483707,t45:0.5837213718):0.04990286944,(t19:0.1012843675,t37:0.1012843675):0.5323398738):0.2659333871,t8:0.8995576284):1.335704494,((t20:0.5426151378,t32:0.5426151378):0.4576130238,t7:1.000228162):1.235033961):1.280404273,(((t25:0.9494805639,t13:0.9494805639):1.756113241,(((((t15:0.1487272786,t1:0.1487272786):0.2014007577,t4:0.3501280362):0.4144913794,t24:0.7646194156):0.4474537173,(t11:0.2285915689,t42:0.2285915689):0.983481564):0.8865721294,t26:2.098645262):0.606948543):0.7579326567,((((t17:1.568287156,(t33:0.5287463362,t6:0.5287463362):1.03954082):0.1441750029,((((((t29:0.6875454764,t5:0.6875454764):0.0905043937,(t39:0.77573869,t22:0.77573869):0.002311180129):0.01414092332,(t9:0.3438968387,t36:0.3438968387):0.4482939547):0.343186442,(((t16:0.4390652937,t23:0.4390652937):0.05721386855,(t21:0.1176287104,t31:0.1176287104):0.3786504518):0.1214693401,t12:0.6177485023):0.5176287331):0.3419840107,t27:1.477361246):0.1794647298,(t3:0.8017455086,(((t44:0.309433729,t18:0.309433729):0.04569835383,t14:0.3551320828):0.004142096675,t2:0.3592741795):0.4424713291):0.8550804673):0.05563618312):0.06061500529,t40:1.773077164):0.494228117,((t35:0.7736801958,t34:0.7736801958):0.01946754303,(((t30:0.008588640085,t43:0.008588640085):0.01268840194,t38:0.02127704203):0.1522865089,t28:0.1735635509):0.6195841879):1.474157543):1.196221181):0.05213993314):0.434659431;
42|1.79018916538684|0.0763284002663568|0.826116631855257|((((t19:0.01182269609,t34:0.01182269609):0.641096746,((t9:0.04875952996,t15:0.04875952996):0.07370594189,t39:0.1224654719):0.5304539702):0.6832966718,(((((t38:0.2573229567,(t27:0.1232428231,t40:0.1232428231):0.1340801336):0.08496831178,((t22:0.2483779652,((t10:0.01804392195,t23:0.01804392195):0.1778833905,(t16:0.1413757955,t29:0.1413757955):0.05455151701):0.05245065272):0.0106687528,(t1:0.1377154956,(t42:0.05276180607,t7:0.05276180607):0.08495368948):0.1213312224):0.08324455051):0.4947759374,(t24:0.08942841166,t30:0.08942841166):0.7476387943):0.05819025023,(((t20:0.1042582617,(t5:0.09860816789,t11:0.09860816789):0.005650093791):0.4772875694,((t31:0.3096702665,(t41:0.1190566894,t14:0.1190566894):0.1906135771):0.25253957,t37:0.5622098365):0.01933599462):0.1006301478,t13:0.6821759789):0.2130814773):0.1922753283,(t6:0.494957874,((t25:0.01108095644,t3:0.01108095644):0.06498175297,(t33:0.008265433306,t4:0.008265433306):0.0677972761):0.4188951646):0.5925749104):0.2486833294):0.7559553724,((t17:0.4163037697,(t21:0.08548586347,t2:0.08548586347):0.3308179062):1.643648409,(((t35:0.2737021323,t18:0.2737021323):1.224337295,(t28:0.1328883245,t26:0.1328883245):1.365151102):0.4920248108,(t12:0.5319211316,(t8:0.5006844425,(t32:0.2156822388,t36:0.2156822388):0.2850022037):0.03123668909):1.458143106):0.06988794132):0.03221930719):0.1339262359;
30|1.03992448535049|0.298856573374942|0.694607729790732|(((((t30:1.416846857,(t12:0.5498303236,(t14:0.4711741735,(((t21:0.08277521757,t15:0.08277521757):0.3307473135,((t18:0.1913501011,t7:0.1913501011):0.06909216347,t19:0.2604422645):0.1530802665):0.001835059176,(t16:0.3133812191,t17:0.3133812191):0.1019763711):0.05581658328):0.07865615007):0.8670165332):0.1759212621,(t23:1.411349858,t8:1.411349858):0.1814182608):1.129637878,t26:2.722405996):0.323793223,(t4:0.5121682438,(((t13:0.03499352021,t25:0.03499352021):0.03523852459,t20:0.07023204481):0.1391138944,t11:0.2093459392):0.3028223046):2.534030976):0.9240076935,((t10:1.059504443,(t29:0.7354738369,(t24:0.1676872949,t1:0.1676872949):0.567786542):0.3240306064):1.685622273,((t3:1.822334356,(t2:0.8034204369,t22:0.8034204369):1.018913919):0.7663663833,(((t6:0.3674188096,t9:0.3674188096):0.1353632697,t28:0.5027820793):1.102786361,(t27:0.007729374033,t5:0.007729374033):1.597839066):0.9831322992):0.1564259774):1.225080196):0.9218605616;
28|2.39971265373519|0.177249202504754|0.516461748746224|((((t1:0.5566916563,(t17:0.2142763327,t19:0.2142763327):0.3424153236):0.2166858114,((t10:0.1162112908,t16:0.1162112908):0.1928456247,t23:0.3090569155):0.4643205522):0.3255089311,(((t8:0.1606128107,t21:0.1606128107):0.7274476837,(t2:0.4424541404,t5:0.4424541404):0.445606354):0.1313108299,(t20:0.5581871721,t12:0.5581871721):0.4611841522):0.07951507452):0.07977372667,(((t27:0.01070039123,t3:0.01070039123):0.9954175392,(((t4:0.2898118909,((t13:0.0173877693,t7:0.0173877693):0.05061689324,t24:0.06800466254):0.2218072284):0.1544742934,(t25:0.184104737,t28:0.184104737):0.2601814473):0.4960649433,(t18:0.1714130544,t6:0.1714130544):0.7689380732):0.06576680289):0.1333824942,(((t15:0.3943147203,t11:0.3943147203):0.1231465634,(t26:0.4845983493,t14:0.4845983493):0.03286293437):0.3315494018,(t9:0.8407343413,t22:0.8407343413):0.008276344195):0.2904897391):0.03915970085):0.5836815986;
47|0.475732676028274|0.233261323308107|0.641662694164552|((t44:0.5437081294,t22:0.5437081294):4.5363688,((((t10:0.894445436,t34:0.894445436):0.3458298456,t14:1.240275282):2.078895641,((t16:1.815070744,t26:1.815070744):0.755812468,(t6:2.051324562,t42:2.051324562):0.5195586499):0.7482877111):1.67823899,(((((t31:0.4615253125,t9:0.4615253125):0.9755534086,t5:1.437078721):1.439779254,(((t27:1.242064245,t45:1.242064245):0.7598557172,t8:2.001919963):0.8074485041,(t23:0.2842809707,t35:0.2842809707):2.525087496):0.06748950848):0.6030382343,(t11:2.382682836,(t21:1.718789982,(t2:1.095449497,t1:1.095449497):0.6233404853):0.6638928532):1.097213374):1.128604643,((((t36:1.355911582,(t4:1.297573908,t17:1.297573908):0.05833767383):0.345296849,((t29:1.464892888,t19:1.464892888):0.002104320706,t39:1.466997209):0.2342112226):0.9975284272,(((t24:0.7855238955,t30:0.7855238955):1.016453756,t33:1.801977652):0.63551663,((t13:1.839387394,t15:1.839387394):0.2441525801,(t32:1.852552296,t37:1.852552296):0.2309876779):0.3539543077):0.2612425766):1.270581489,((t28:2.270815222,((t3:0.4728698506,t43:0.4728698506):0.6968387892,t20:1.16970864):1.101106583):1.351143804,(((t12:0.8404595619,(t41:0.5548383261,t46:0.5548383261):0.2856212358):0.3826076213,(t7:0.2513235457,(t38:0.03433958764,t40:0.03433958764):0.2169839581):0.9717436374):1.284889377,((t47:1.211661192,t18:1.211661192):0.2440473306,t25:1.455708523):1.052248038):1.114002466):0.3473593209):0.6391825051):0.3889090607):0.08266701613):3.031623419;
28|2.59705507030711|0.348882624120452|0.842836736352183|((t15:0.5251230333,((t19:0.01907188166,t11:0.01907188166):0.383754493,(t27:0.3202456534,((((t7:0.1248264232,(t22:0.1073726088,t28:0.1073726088):0.01745381431):0.0158556352,(((t16:0.04801069534,t6:0.04801069534):0.07056389506,(t4:0.0121918357,t1:0.0121918357):0.1063827547):0.01672245597,t26:0.1352970464):0.005385011988):0.02292685137,t3:0.1636089097):0.1331242488,((t20:0.1425778299,t9:0.1425778299):0.005158449309,(t23:0.1459188876,t12:0.1459188876):0.001817391617):0.1489968793):0.02351249484):0.08258072132):0.1222966586):0.05840479163,(((t5:0.1650907598,(t8:0.03797151394,t2:0.03797151394):0.1271192458):0.1628624327,((t25:0.1032859739,t17:0.1032859739):0.114113745,(t18:0.07134664057,t13:0.07134664057):0.1460530783):0.1105534736):0.0952212211,((t24:0.1205060584,t10:0.1205060584):0.06754085192,(t14:0.0442491044,t21:0.0442491044):0.1437978059):0.2351275033):0.1603534114):0.1921906708;
13|3.70291286234511|0.304497657304164|0.627215587999672|(((t2:0.43066775,((t6:0.1133855917,(t8:0.05607761238,t11:0.05607761238):0.05730797936):0.2647227397,((((t1:0.1032610472,t10:0.1032610472):0.04230695041,t9:0.1455679976):0.0518932913,t3:0.1974612889):0.1088792607,t4:0.3063405497):0.07176778177):0.05255941854):0.09091958092,t12:0.5215873309):0.0845324094,((t7:0.009089970707,t5:0.009089970707):0.3362049029,t13:0.3452948736):0.2608248667):0.3362100987;
18|1.67436038379325|0.269928472382017|0.875330275623128|(((((((((t4:0.1502580654,(t14:0.1437410404,t5:0.1437410404):0.006517025003):0.08482268315,t9:0.2350807485):0.1478954605,(t7:0.1260652567,t13:0.1260652567):0.2569109523):0.04500076157,t16:0.4279769706):0.02589400127,(t15:0.0440237737,t12:0.0440237737):0.4098471982):0.1100808437,(t2:0.2118225665,t10:0.2118225665):0.3521292491):0.09590172757,t11:0.6598535431):0.4785527047,(((t8:0.02745970388,t3:0.02745970388):0.2163440535,t6:0.2438037574):0.1698040966,t1:0.413607854):0.7247983938):0.1567331216,(t17:0.07376495279,t18:0.07376495279):1.221374417):0.3893352719;
43|1.53570785642136|0.0332761664758436|0.730392546160147|(((t5:1.346271598,(t22:1.145787262,(t29:0.9202169223,t27:0.9202169223):0.2255703397):0.2004843362):0.7876155466,((((t38:0.07851746823,t21:0.07851746823):0.02426042471,t32:0.1027778929):0.5708167566,((t12:0.3165301269,t7:0.3165301269):0.2799113967,t36:0.5964415237):0.0771531259):0.7873724809,(((((t9:0.4674499288,t23:0.4674499288):0.2630590274,(t37:0.6920477772,(((t4:0.2491537367,t35:0.2491537367):0.07506207735,t2:0.3242158141):0.2544176308,t28:0.5786334449):0.1134143323):0.03846117901):0.498213278,t15:1.228722234):0.006625811872,t3:1.235348046):0.09748180981,((((t31:0.1342714288,t17:0.1342714288):0.1935163255,(t30:0.05399154644,t40:0.05399154644):0.2737962079):0.5475689099,t42:0.8753566642):0.2679806363,(t11:0.8813241444,t19:0.8813241444):0.2620131562):0.1894925553):0.1281372745):0.6729200145):0.1363864279,((((t26:0.5258137367,t25:0.5258137367):0.1270087026,t34:0.6528224394):0.09883971686,t1:0.7516621562):1.440160441,(((((t39:0.4019407831,(t6:0.07939186267,t14:0.07939186267):0.3225489205):0.1547270576,t20:0.5566678407):0.1824181768,((((t13:0.06987156982,t43:0.06987156982):0.03756068337,t10:0.1074322532):0.334488227,(t16:0.4175272042,(t18:0.16491409,t41:0.16491409):0.2526131142):0.024393276):0.04234878599,t8:0.4842692662):0.2548167513):0.5571876391,t24:1.296273657):0.65239694,t33:1.948670597):0.2431520003):0.07845097596):1.02342159;
42|2.66571683321847|0.164559247423895|0.976516892202199|((((((t42:0.3399417273,t19:0.3399417273):0.1870710252,(t23:0.1594329597,(t37:0.07727747383,t3:0.07727747383):0.08215548583):0.3675797928):0.02412551456,(((((t33:0.03610358484,t39:0.03610358484):0.04268811826,((t32:0.00168556823,t1:0.00168556823):0.07363222767,t18:0.0753177959):0.003473907195):0.008167587699,t26:0.08695929079):0.1867591743,t15:0.2737184651):0.1879946122,(t24:0.3517934386,(t38:0.1466397159,(((t27:0.07294897308,(t14:0.03065133301,t7:0.03065133301):0.04229764006):0.01020105925,t11:0.08315003232):0.0415933912,(t20:0.07123969974,t13:0.07123969974):0.05350372378):0.02189629241):0.2051537227):0.1099196387):0.08942518976):0.002477689737,t9:0.5536159568):0.2071170517,((t10:0.6315111665,((t6:0.2795822525,(t34:0.2503211909,(t29:0.1714813875,t21:0.1714813875):0.07883980345):0.02926106157):0.1627424974,((t25:0.1747393244,(t16:0.1651425691,(t30:0.1229698343,(t40:0.02518793477,t17:0.02518793477):0.09778189956):0.0421727348):0.00959675532):0.03231529936,t4:0.2070546238):0.2352701261):0.1891864166):0.007372279153,(t22:0.3684460113,(t35:0.2998321588,(t2:0.01442558321,t8:0.01442558321):0.2854065755):0.06861385254):0.2704374344):0.1218495628):0.1402506185,((t41:0.6029007466,t31:0.6029007466):0.1450438945,((t36:0.1712736233,(t5:0.1395869137,t12:0.1395869137):0.03168670955):0.212179606,t28:0.3834532292):0.3644914119):0.1530389858):0.01755919597;
23|1.04312731571728|0.456912184979301|0.601441902224906|(((((((t14:0.09675708507,t17:0.09675708507):0.9309605029,(t10:0.2787730321,t2:0.2787730321):0.7489445558):0.03651684437,((t12:0.2695916221,t20:0.2695916221):0.3113384263,((t16:0.08524939979,t9:0.08524939979):0.1562165179,(t15:0.06224184867,t11:0.06224184867):0.1792240691):0.3394641307):0.4833043839):0.239350088,(t7:0.4209335655,(t19:0.3650688121,t6:0.3650688121):0.05586475338):0.8826509548):0.5382866778,((t4:0.7631775243,t8:0.7631775243):0.6984518473,t1:1.461629372):0.3802418265):0.07180029489,t13:1.913671493):1.357304313,((t21:0.2976194245,(t23:0.110036959,t18:0.110036959):0.1875824654):1.967269569,((t22:0.05418626382,t3:0.05418626382):1.37084386,t5:1.425030124):0.8398588701):1.006086812):1.239340712;
26|3.52233891587006|0.213558992599137|0.611498990678228|((((t13:0.2732363917,t22:0.2732363917):0.277058156,(t16:0.3334103667,((t1:0.02209457006,t25:0.02209457006):0.2064915457,(t12:0.1543558955,t11:0.1543558955):0.07423022027):0.1048242509):0.216884181):0.02379915495,((t5:0.3866639342,((t4:0.2730781357,(t20:0.2557436974,t2:0.2557436974):0.01733443831):0.04349124344,t17:0.3165693792):0.070094555):0.1683032118,(t21:0.5190995081,(t14:0.2319790152,((t23:0.02158894798,t18:0.02158894798):0.1071684849,t3:0.1287574329):0.1032215823):0.2871204929):0.0358676378):0.01912655677):0.06011104971,(((((t15:0.03986229217,t10:0.03986229217):0.1647118851,t24:0.2045741772):0.0277137828,(t6:0.0472742464,t19:0.0472742464):0.1850137136):0.06558020792,((t8:0.02706277471,t7:0.02706277471):0.08485074109,t9:0.1119135158):0.1859546521):0.1006349107,t26:0.3985030787):0.2357016737):0.03214696287;
27|1.99917103196727|0.474666293140035|0.542435595183633|((((t10:0.0196222877,t21:0.0196222877):0.6699182521,(t14:0.07371257118,t25:0.07371257118):0.6158279686):0.2110322199,(t19:0.03680637701,t18:0.03680637701):0.8637663826):0.4196185196,((((((t6:0.06821371168,t8:0.06821371168):0.03783040926,t3:0.1060441209):0.2749804492,(t5:0.1181661979,t16:0.1181661979):0.2628583723):0.1008371006,(t26:0.4173292819,((t12:0.1993564186,t7:0.1993564186):0.1968376142,t17:0.3961940328):0.02113524908):0.06453238884):0.3152161818,(t20:0.5568906273,(t27:0.2504359922,((t11:0.03248072551,t22:0.03248072551):0.08849077927,t24:0.1209715048):0.1294644874):0.3064546351):0.2401872253):0.2482422636,(((t23:0.1702409993,t4:0.1702409993):0.4287301274,(((t15:0.2579963378,t1:0.2579963378):0.02151357774,t9:0.2795099156):0.2133029722,t2:0.4928128878):0.1061582389):0.1299539152,t13:0.7289250419):0.3163950742):0.2748711631):0.7267086593;
13|0.0795460000936873|0.26163457282586|0.929188446607441|((t11:14.02354927,(t10:4.265931467,t12:4.265931467):9.757617805):0.2380851165,(((((t9:1.432732691,(t13:1.274113806,t4:1.274113806):0.1586188848):2.966889084,t3:4.399621775):4.520644667,t7:8.920266442):0.332164971,(t5:5.291371081,(t6:1.04665298,t1:1.04665298):4.244718101):3.961060332):0.8394334876,(t8:2.40312263,t2:2.40312263):7.688742271):4.169769488):1.036759039;
28|1.69342700269772|0.170298409906682|0.758890278055333|((t11:1.817944717,(((t22:0.2252151866,t19:0.2252151866):0.315265533,t7:0.5404807195):1.18448359,(t13:1.367937934,(t24:0.7898059486,(t21:0.4803491296,(t25:0.2900542956,t6:0.2900542956):0.190294834):0.309456819):0.5781319858):0.3570263749):0.09298040803):0.6927883345,((t3:0.9272714972,((t23:0.2659507685,t8:0.2659507685):0.5095627626,(t16:0.4645437863,t28:0.4645437863):0.3109697448):0.1517579662):1.138985498,(t17:1.937116461,(((((t5:0.115832896,t2:0.115832896):0.210498278,t1:0.3263311741):0.4388422247,((t4:0.0265699548,t9:0.0265699548):0.0710297663,t15:0.0975997211):0.6675736777):0.2189977458,((t18:0.2103192462,t20:0.2103192462):0.541162924,t12:0.7514821702):0.2326889744):0.1167807723,(t10:0.8100599678,((t14:0.4428397146,t27:0.4428397146):0.1269471277,t26:0.5697868423):0.2402731255):0.290891949):0.8361645442):0.1291405341):0.4444760566):0.3897809213;
29|2.88525087349582|0.364664611127228|0.60467995190993|((((t11:0.1283543325,t27:0.1283543325):0.2081356159,((t4:0.2805165359,(t21:0.1103956789,(t6:0.05455210199,(t5:0.03162403293,t1:0.03162403293):0.02292806906):0.05584357688):0.170120857):0.01739719169,((t8:0.09799999849,t17:0.09799999849):0.01114373924,t2:0.1091437377):0.1887699898):0.0385762208):0.2922806408,((t25:0.3868206536,(t29:0.3524991885,((t18:0.01002711749,t7:0.01002711749):0.1446664671,t15:0.1546935846):0.1978056039):0.03432146514):0.2008328721,(t9:0.1192478631,(t20:0.03338857517,t22:0.03338857517):0.08585928791):0.4684056626):0.04111706341):0.3027502371,((t3:0.4513828115,((t19:0.05285093148,t28:0.05285093148):0.1116357232,t24:0.1644866547):0.2868961567):0.3546139471,((t26:0.4704880651,(t12:0.3628108995,((t14:0.07288403254,(t23:0.06166705648,t10:0.06166705648):0.01121697606):0.09442083568,t13:0.1673048682):0.1955060313):0.1076771656):0.1277522271,t16:0.5982402922):0.2077564663):0.1255240677):0.2142095347;
35|2.93206404569326|0.407620965847746|0.705587238073349|(((t3:0.2007142376,(t26:0.1541570047,t10:0.1541570047):0.04655723285):0.2920771083,(((t5:0.1071746692,t15:0.1071746692):0.07524946021,(t8:0.03159714235,t27:0.03159714235):0.1508269871):0.2312848332,((t2:0.1583393392,(t32:0.1379401652,(t7:0.09655766409,t18:0.09655766409):0.04138250116):0.0203991739):0.09596739664,(t16:0.06477162948,t22:0.06477162948):0.1895351063):0.1594022268):0.07908238329):0.6892594988,(((t12:0.2999482139,(t35:0.2562722064,(t20:0.03080844569,t17:0.03080844569):0.2254637607):0.04367600742):0.09442787657,(t19:0.1948241832,((t9:0.09682070382,t11:0.09682070382):0.01034877217,t34:0.107169476):0.08765470725):0.1995519072):0.2866271275,((t21:0.1136241732,((t23:0.08569175451,t25:0.08569175451):0.01170859405,t1:0.09740034855):0.01622382465):0.3638880388,(t4:0.3709086499,((t6:0.2229802604,((t31:0.1622583399,(t29:0.03801528887,t33:0.03801528887):0.124243051):0.0178538756,(t13:0.124710064,t30:0.124710064):0.05540215148):0.04286804489):0.01006884472,(t14:0.1668133567,(t24:0.02685613024,t28:0.02685613024):0.1399572265):0.06623574841):0.1378595448):0.1066035621):0.2034910059):0.5010476268):0.3120012732;
41|2.49014245240949|0.237148879200686|0.927683732821606|((((t28:0.3894151072,t6:0.3894151072):0.9875214431,((t12:0.2022967186,(t8:0.05414237173,t29:0.05414237173):0.1481543468):0.01747730677,(t19:0.05111148307,t16:0.05111148307):0.1686625423):1.157162525):0.1967890453,(((t37:0.08451663603,t33:0.08451663603):0.2995006235,(t13:0.268441359,(t39:0.1921773968,(((t26:0.06074714789,t41:0.06074714789):0.01535250671,t22:0.0760996546):0.0216538579,t2:0.0977535125):0.09442388427):0.07626396224):0.1155759005):0.1682407014,(((t14:0.01586666354,t31:0.01586666354):0.3934645934,(t25:0.2657319243,(t34:0.03401519874,t27:0.03401519874):0.2317167255):0.1435993327):0.1332928731,(t1:0.1296852768,t32:0.1296852768):0.4129388533):0.009633830788):1.021467635):0.5249767293,((t17:0.05940309189,(t23:0.04599632024,t35:0.04599632024):0.01340677164):1.302872792,((((t3:0.005033746562,t30:0.005033746562):0.09716813456,t11:0.1022018811):0.100361367,(t9:0.09430965367,t38:0.09430965367):0.1082535945):0.6612196683,((((t7:0.1767361594,t21:0.1767361594):0.118478906,t20:0.2952150654):0.4149936181,((t24:0.3632814709,((t18:0.1639278196,t36:0.1639278196):0.1309543728,t4:0.2948821924):0.06839927842):0.007950103976,(t40:0.2600119527,t10:0.2600119527):0.1112196221):0.3389771087):0.131410457,(t5:0.0937824702,t15:0.0937824702):0.7478366703):0.02216377595):0.4984929674):0.7364264411):0.4427112159;
11|0.265224888983648|0.296549379911739|0.896479594754055|(((t3:2.652731128,(t7:2.244752017,t5:2.244752017):0.4079791104):0.3640814163,t8:3.016812544):3.208075004,((((t1:1.457506807,t2:1.457506807):1.928685437,(t11:1.292015008,(t9:1.233184436,t4:1.233184436):0.05883057198):2.094177236):1.034327718,t10:4.420519962):0.8803026589,t6:5.300822621):0.9240649271):0.3195821868;
19|1.69779915907886|0.30060909014428|0.612431019544601|((((((t9:0.506295357,t13:0.506295357):0.0809463689,((t15:0.06331535814,(t17:0.04811679343,t12:0.04811679343):0.01519856472):0.2866919515,t5:0.3500073097):0.2372344162):0.0703833694,(t8:0.1423396607,t7:0.1423396607):0.5152854346):0.5199480794,t10:1.177573175):0.2552322892,(t4:0.8784095062,((t3:0.2855842693,t14:0.2855842693):0.2366094305,(t16:0.364004802,(t2:0.06733782583,t18:0.06733782583):0.2966669761):0.1581888978):0.3562158064):0.5543959577):0.1144683063,(t1:0.745857497,(t19:0.7051187135,(t11:0.4161154178,t6:0.4161154178):0.2890032957):0.04073878349):0.8014162731):0.5720334583;
46|1.0087478446099|0.165033396254294|0.68522963533178|(((t12:1.100421839,t5:1.100421839):0.8868433556,((t1:0.4453792245,t6:0.4453792245):0.89123737,((t16:0.7287725695,(t2:0.4876148251,((t27:0.1848135578,t36:0.1848135578):0.1477726367,t17:0.3325861945):0.1550286305):0.2411577445):0.4924310963,(t28:0.998183112,(t42:0.2001751711,(t10:0.117634368,t4:0.117634368):0.08254080308):0.7980079409):0.2230205539):0.1154129286):0.6506486003):0.2432293381,(((((((t25:0.1453288905,t13:0.1453288905):0.1293842941,t7:0.2747131845):0.1324102819,t9:0.4071234664):1.381614075,t20:1.788737541):0.2152305455,((((t35:0.5042907952,(t34:0.03467103177,t45:0.03467103177):0.4696197634):0.9180535459,((t41:1.064018917,((t38:0.3583045551,t37:0.3583045551):0.1619968795,t11:0.5203014346):0.5437174826):0.1212860498,t18:1.185304967):0.2370393741):0.0002639359123,(t21:0.6405641948,t29:0.6405641948):0.7820440823):0.2656688701,((t24:0.3894668281,(t19:0.120293005,t40:0.120293005):0.2691738231):0.3714543638,((t23:0.3375683217,t39:0.3375683217):0.2749569678,(t33:0.2224416248,t30:0.2224416248):0.3900836647):0.1483959024):0.9273559552):0.3156909392):0.07923155874,(t43:0.9100889646,(t31:0.3556287901,t46:0.3556287901):0.5544601745):1.173110681):0.007939134244,(((((t15:0.2153849678,t44:0.2153849678):0.06577985294,t22:0.2811648208):0.2215534569,t3:0.5027182777):0.4767785673,((t26:0.2831070692,t8:0.2831070692):0.0763389799,t32:0.3594460491):0.6200507959):0.4189235133,t14:1.398420358):0.6927184211):0.1393557535):1.175329679;
38|3.46660002062563|0.301588060555514|0.760062525630929|((((t33:0.01314520598,t6:0.01314520598):0.01079313937,t31:0.02393834535):0.1871069781,(t22:0.1765715749,t17:0.1765715749):0.03447374854):0.6846489265,(((((((t29:0.06089797861,(t34:0.03762900784,t30:0.03762900784):0.02326897077):0.08173203938,t10:0.142630018):0.09229793565,(((t7:0.01602729558,t13:0.01602729558):0.07245396616,(t15:0.01727996766,t18:0.01727996766):0.07120129407):0.06732768589,t3:0.1558089476):0.07911900603):0.08106449884,t37:0.3159924525):0.06151747764,t38:0.3775099301):0.0236764049,(t27:0.198175887,(t35:0.1157131001,t5:0.1157131001):0.08246278695):0.203010448):0.3797368406,(((t24:0.3186603578,(((t2:0.1886335638,t20:0.1886335638):0.06385375629,(t14:0.2080044025,((t25:0.03335745499,t28:0.03335745499):0.07143258775,t8:0.1047900427):0.1032143597):0.04448291764):0.0515694164,(t4:0.2390052008,((t16:0.1347011802,t32:0.1347011802):0.05895187734,(t23:0.03437119596,t1:0.03437119596):0.1592818615):0.04535214331):0.06505153569):0.01460362134):0.2606720147,(t9:0.4759515147,(t12:0.08543215245,t11:0.08543215245):0.3905193622):0.1033808579):0.004171259147,((t19:0.06539924502,t26:0.06539924502):0.1317750203,(t21:0.08431354674,t36:0.08431354674):0.1128607186):0.3863293664):0.1974195439):0.1147710743):0.2848982359;
49|2.58733441243879|0.0349174715648405|0.833650968736038|(((t12:0.05450066171,t13:0.05450066171):0.8511781394,(((t34:0.5489547798,((t24:0.2958734433,(t14:0.1756282509,(t15:0.1130407602,(t8:0.1042421823,(t31:0.005935633287,t48:0.005935633287):0.09830654898):0.008798577881):0.06258749079):0.1202451923):0.09880925471,(t5:0.2529613004,((t47:0.09163033359,t11:0.09163033359):0.0007230772335,t28:0.09235341082):0.1606078896):0.1417213975):0.1542720818):0.1931024274,((t9:0.3399500787,((t40:0.1176499578,t19:0.1176499578):0.02410242841,t33:0.1417523862):0.1981976925):0.1965897725,(t20:0.2435894051,t23:0.2435894051):0.292950446):0.205517356):0.09829711823,((t6:0.5369385886,((t16:0.05230056486,t44:0.05230056486):0.102838049,(t21:0.06446415989,t39:0.06446415989):0.09067445397):0.3817999747):0.1311580687,(t35:0.3226037412,(t27:0.01294809542,t49:0.01294809542):0.3096556458):0.3454929161):0.1722576681):0.06532447571):0.3100694905,((t41:0.3107458752,(((t3:0.1852488099,((t32:0.01066926688,t17:0.01066926688):0.1420923791,(t22:0.1456848604,(t38:0.1298154115,(((t26:0.003807642423,t18:0.003807642423):0.04185748493,t1:0.04566512735):0.004240442004,t45:0.04990556935):0.07990984212):0.01586944894):0.007076785597):0.0324871639):0.05592929658,t43:0.2411781065):0.01855923181,(t36:0.06354316467,t42:0.06354316467):0.1961941736):0.05100853686):0.5079096008,((t25:0.508531677,(t46:0.2073267598,t7:0.2073267598):0.3012049172):0.2841989073,((t10:0.03882778945,t30:0.03882778945):0.5641979405,((t4:0.05255831136,t29:0.05255831136):0.3023179363,(t2:0.0305013652,t37:0.0305013652):0.3243748825):0.2481494823):0.1897048543):0.02592489167):0.3970928157):0.2239946828;
27|2.41058315567905|0.485171887683682|0.658750898670405|(((((t21:0.07729346764,(t17:0.06265615251,(t5:0.03781685048,t2:0.03781685048):0.02483930203):0.01463731513):0.28333426,(t6:0.333578082,(((t19:0.07994223003,t24:0.07994223003):0.03044572744,t16:0.1103879575):0.1768040757,t15:0.2871920332):0.04638604879):0.02704964569):0.2971391444,(t8:0.3641136231,((t14:0.06561711702,(t23:0.01854582169,t27:0.01854582169):0.04707129533):0.04818137205,t22:0.1137984891):0.250315134):0.293653249):0.3310500672,((((t12:0.2132554648,t25:0.2132554648):0.1381908629,t13:0.3514463277):0.1353452438,(t3:0.3872643599,(t9:0.2636021177,(t4:0.2468943316,t7:0.2468943316):0.01670778609):0.1236622422):0.09952721167):0.2528081879,(((t26:0.1612101731,(t1:0.06654093864,t11:0.06654093864):0.09466923448):0.02277561056,t20:0.1839857837):0.2376736536,t10:0.4216594373):0.3179403221):0.2492171798):0.5896298049,t18:1.578446744):0.6191766284;
24|1.61744552394142|0.0789306063228287|0.503071439568885|((((t7:0.3007483743,t2:0.3007483743):1.077849471,((((t20:0.07455643569,t11:0.07455643569):0.824091509,t10:0.8986479447):0.0204367374,(t19:0.3451067371,t1:0.3451067371):0.573977945):0.2274994483,((t5:0.4361312917,t22:0.4361312917):0.4452217789,t17:0.8813530706):0.2652310597):0.2320137151):0.07153596328,((t13:0.3210083309,(t16:0.1533398198,t8:0.1533398198):0.1676685111):0.002548247631,t12:0.3235565786):1.12657723):0.2499214841,((((t6:0.1182672308,t18:0.1182672308):0.9283018673,(((t21:0.2463595405,t15:0.2463595405):0.6832970271,(t9:0.6944311892,t24:0.6944311892):0.2352253784):0.05711020624,t4:0.9867667738):0.05980232434):0.02322973233,t23:1.06979883):0.6090106505,(t14:1.067941728,t3:1.067941728):0.6108677527):0.02124581182):0.1639076679;
46|2.79459101682296|0.10419860818889|0.920023281709291|(((t11:0.580118681,(t13:0.06767907445,t29:0.06767907445):0.5124396065):0.2085987705,((t38:0.3950210004,((t41:0.09440592755,t7:0.09440592755):0.1608112461,(t10:0.05222910124,t31:0.05222910124):0.2029880724):0.1398038268):0.2118383347,(t2:0.5905461561,(t20:0.4032723038,(t43:0.3066599146,t15:0.3066599146):0.09661238919):0.1872738523):0.01631317901):0.1818581164):0.04231273037,((((t14:0.1418849056,t1:0.1418849056):0.3856799127,(t32:0.04440598386,t44:0.04440598386):0.4831588345):0.2090725732,(((((t6:0.01486848938,t40:0.01486848938):0.1958817515,(t22:0.09122434543,t3:0.09122434543):0.1195258954):0.04044668058,(((t28:0.01669105645,t18:0.01669105645):0.01365536538,t21:0.03034642183):0.0639984032,t30:0.09434482503):0.1568520964):0.3021869334,(((t23:0.1357449018,(t34:0.02396163754,t17:0.02396163754):0.1117832643):0.04869028519,(t24:0.02132754988,t37:0.02132754988):0.1631076371):0.2950486899,(t4:0.122367352,(t27:0.05836972659,t45:0.05836972659):0.06399762544):0.3571165249):0.07389997793):0.005320383995,t5:0.5587042388):0.1779331527):0.02212004924,(((((t39:0.09141341497,t36:0.09141341497):0.0758823171,t19:0.1672957321):0.03139239492,(t25:0.1648646091,t16:0.1648646091):0.03382351788):0.06894130649,(((t26:0.007416622188,t9:0.007416622188):0.2329974648,((t8:0.004314225336,t35:0.004314225336):0.08192198741,t46:0.08623621275):0.1541778743):0.02381333077,t42:0.2642274178):0.003402015696):0.2308208879,(t12:0.02051393394,t33:0.02051393394):0.4779363874):0.2603071194):0.0722727411):0.100377587;
33|2.95313185760053|0.108077629345935|0.603725725202821|((((t16:0.05860258902,t4:0.05860258902):0.4412832374,((t3:0.3163913956,t24:0.3163913956):0.08101299402,((t15:0.05061514167,t32:0.05061514167):0.04767655915,t31:0.09829170082):0.2991126888):0.1024814368):0.05504034103,t17:0.5549261674):0.4472757656,((((((((t27:0.1468290332,t23:0.1468290332):0.007682760553,t6:0.1545117938):0.1197160763,t8:0.2742278701):0.06584929024,(t13:0.3088541121,(t28:0.1074147495,(t11:0.1043495197,t22:0.1043495197):0.003065229764):0.2014393627):0.03122304821):0.168011337,(((t25:0.01700230229,t14:0.01700230229):0.2987611473,t30:0.3157634496):0.1810469754,(t9:0.192949485,(t19:0.05449325942,t20:0.05449325942):0.1384562256):0.30386094):0.01127807235):0.1851639409,t21:0.6932524383):0.1657983609,((t33:0.4701857783,t5:0.4701857783):0.2171565147,((t10:0.06133367072,t18:0.06133367072):0.02693969323,t2:0.08827336395):0.5990689291):0.1717085061):0.04660956708,((t12:0.3538051634,(t29:0.1502291812,t1:0.1502291812):0.2035759822):0.331463108,(t7:0.346079567,t26:0.346079567):0.3391887044):0.2203920948):0.09654156685):0.09519175762;
32|0.30626821620157|0.387353166954126|0.659911217400804|(((t3:3.690317358,t32:3.690317358):1.894753023,(((t27:2.180926231,((t4:0.1613959909,t16:0.1613959909):0.4518505599,t21:0.6132465508):1.56767968):0.1986786106,(t19:1.845287568,(t31:1.54564314,(t30:0.2356069939,t20:0.2356069939):1.310036146):0.2996444284):0.5343172737):1.187760617,(((t15:0.4496339762,t6:0.4496339762):2.358304417,t12:2.807938394):0.3315626228,((t25:2.580259474,t1:2.580259474):0.06444526513,(((t17:0.07204194963,t28:0.07204194963):1.629757905,((t14:0.4536817589,t9:0.4536817589):1.032588078,t7:1.486269837):0.2155300177):0.679473719,((t11:1.539382779,(t18:0.3456044781,t8:0.3456044781):1.193778301):0.3784946613,t5:1.91787744):0.4633961334):0.2634311657):0.4947962769):0.4278644421):2.017704922):7.498276516,(t22:7.879019795,((((t29:0.4879324587,t24:0.4879324587):0.01719775326,t13:0.505130212):0.2101971034,t26:0.7153273153):5.30476823,((t23:1.993598181,t10:1.993598181):1.3742126,t2:3.367810782):2.652284763):1.85892425):5.204327101):1.438891982;
40|1.93526719959686|0.160290104805026|0.562446659780107|((((((t16:0.09526311129,t26:0.09526311129):0.4568144025,((t20:0.0702516884,(t4:0.00552128144,t11:0.00552128144):0.06473040696):0.1982887307,t12:0.2685404191):0.2835370947):0.7432814941,t35:1.295359008):0.06233381677,t23:1.357692825):0.2827520395,(((t9:1.467471306,(t30:0.3005849032,(t6:0.03586785187,t8:0.03586785187):0.2647170513):1.166886402):0.03973760732,((t19:0.07962782567,t18:0.07962782567):0.1473458185,t13:0.2269736441):1.280235269):0.08244393452,((((t10:0.4020153512,t24:0.4020153512):0.3332401042,(t14:0.3457979123,t5:0.3457979123):0.3894575431):0.2453881586,(t15:0.05564598871,t36:0.05564598871):0.9249976252):0.02484227877,((t25:0.8470512684,(((t31:0.1775506747,t29:0.1775506747):0.3208793841,((t39:0.2505417313,t2:0.2505417313):0.07552617778,t17:0.326067909):0.1723621498):0.05606913204,(t38:0.2406950878,(t27:0.1704170102,t37:0.1704170102):0.07027807764):0.313804103):0.2925520775):0.06333346553,(t32:0.4332738735,t34:0.4332738735):0.4771108604):0.0951011588):0.5841669548):0.05079201673):0.0901335126,((t3:0.625155375,t7:0.625155375):0.5361968419,(((t33:0.1478862157,t21:0.1478862157):0.09198175128,t22:0.2398679669):0.07649746514,((t1:0.109282161,t40:0.109282161):0.0657635061,t28:0.1750456671):0.141319765):0.8449867849):0.5692261598):0.3097666399;
11|3.81782266051276|0.409576032818295|0.745783560560085|(((t4:0.07132850408,t5:0.07132850408):0.1249878429,t3:0.196316347):0.1012804404,((t11:0.1720759325,t9:0.1720759325):0.03909809892,(((t2:0.06095834191,t6:0.06095834191):0.02941389352,t7:0.09037223543):0.08288393551,(t1:0.00682053121,(t8:0.00541363294,t10:0.00541363294):0.001406898271):0.1664356397):0.0379178605):0.08642275597):0.2773393934;
33|1.73747711926699|0.484987288846169|0.802932794904336|(((t31:0.498394453,((t10:0.2218481737,(t20:0.1078618148,(t24:0.06065076694,t11:0.06065076694):0.04721104782):0.1139863589):0.07150638621,t9:0.2933545599):0.2050398932):0.5610826879,(((((t8:0.007726762327,t28:0.007726762327):0.3968343162,((t1:0.01094217373,t30:0.01094217373):0.02256502536,t12:0.03350719909):0.3710538794):0.2370299425,t26:0.641591021):0.1475675456,(((t21:0.007625033094,t27:0.007625033094):0.1912782716,t15:0.1989033047):0.1463003639,((t13:0.01171581827,t5:0.01171581827):0.3237105177,t6:0.335426336):0.009777332565):0.443954898):0.1908739782,((t19:0.02562345447,t2:0.02562345447):0.3011198385,t3:0.326743293):0.6532892518):0.07944459622):0.07373583143,((((((t22:0.03452343626,t33:0.03452343626):0.0857068977,(t23:0.001717448774,t18:0.001717448774):0.1185128852):0.02920441744,t25:0.1494347514):0.2613702037,(t16:0.2200489883,t29:0.2200489883):0.1907559668):0.1439520253,((t4:0.1861989998,t14:0.1861989998):0.07915275786,t7:0.2653517577):0.2894052227):0.2052149457,(t32:0.02577180497,t17:0.02577180497):0.7342001212):0.3732410463):0.1049684235;
28|0.40040979568148|0.137841925185639|0.938380190171301|((t3:1.588913474,(((t18:0.2243277329,t15:0.2243277329):0.4179743749,(t9:0.2609231348,t25:0.2609231348):0.381378973):0.3439568874,t22:0.9862589952):0.6026544787):3.015486937,(t10:4.327196763,(((t19:0.1707351077,t12:0.1707351077):0.5975974541,(t27:0.03111972661,t2:0.03111972661):0.7372128352):2.481176745,((((t13:1.497808087,t20:1.497808087):0.196808622,((t11:0.8626195688,((t4:0.03996346624,t17:0.03996346624):0.5632235802,t23:0.6031870464):0.2594325224):0.1974397525,t8:1.060059321):0.6345573882):0.154610495,(t14:1.189333545,(t28:0.6356761913,((t16:0.379217571,(t24:0.1641563455,t6:0.1641563455):0.2150612255):0.1415077963,((t7:0.2056793835,t26:0.2056793835):0.3000924862,t1:0.5057718697):0.01495349765):0.114950824):0.5536573536):0.6598936596):0.9210119579,(t21:0.5320111479,t5:0.5320111479):2.238228014):0.4792701444):1.077687456):0.2772036479):2.466919567;
16|3.28453577875858|0.45068333113566|0.597682439256459|(((((t11:0.02051341575,t10:0.02051341575):0.0009806114174,t16:0.02149402717):0.3372137428,(t13:0.3363255412,t2:0.3363255412):0.02238222875):0.2989611289,(t4:0.1555634012,t14:0.1555634012):0.5021054977):0.1306549158,((((t12:0.2626729147,t3:0.2626729147):0.009186141951,((t6:0.06466985626,t5:0.06466985626):0.06232344468,(t15:0.09640312,(t7:0.005020169448,t1:0.005020169448):0.09138295055):0.03059018094):0.1448657557):0.1919101462,t9:0.4637692029):0.2784106732,t8:0.742179876):0.04614393862):0.003233730676;
32|1.73311660318403|0.305444188099355|0.808536406373605|((t7:0.3909766898,(t30:0.02108828652,t29:0.02108828652):0.3698884033):1.340382554,((t20:1.376976287,(((t18:0.1702466521,t9:0.1702466521):0.2594300245,((t21:0.3513357469,((t12:0.2310659369,t6:0.2310659369):0.1020181852,t4:0.3330841221):0.0182516248):0.02971970584,t31:0.3810554528):0.04862122383):0.1383922823,((t25:0.0967048573,t8:0.0967048573):0.1446100211,(t19:0.1786782095,t16:0.1786782095):0.06263666887):0.3267540805):0.8089073286):0.2012827109,(((t1:0.1288632579,t11:0.1288632579):0.2294608106,(t13:0.2471288322,t32:0.2471288322):0.1111952364):0.497173103,(t23:0.6130744014,(t15:0.5350385177,((((t24:0.05568701513,t22:0.05568701513):0.2375888665,t28:0.2932758816):0.1892536737,(t5:0.03294888147,t10:0.03294888147):0.4495806739):0.01490567172,((t17:0.335553482,t27:0.335553482):0.1255333071,((t14:0.1806578739,(t2:0.1590338523,t26:0.1590338523):0.0216240216):0.009945194976,t3:0.1906030688):0.2704837202):0.03634843801):0.03760329066):0.07803588368):0.2424227702):0.7227618268):0.1531002457):0.4736397994;
19|3.99207398905186|0.244589204122312|0.886761854635552|(((t16:0.6061679959,(t10:0.5260194052,((t7:0.2748419291,t11:0.2748419291):0.1350081166,(t8:0.1604429917,((t19:0.1241704077,((t5:0.01281986426,t3:0.01281986426):0.1013364087,t12:0.114156273):0.01001413474):0.01237213258,t6:0.1365425403):0.02390045143):0.2494070539):0.1161693595):0.08014859075):0.3126483904,(((t14:0.1489536017,t9:0.1489536017):0.2780948526,(t13:0.2424557851,((t18:0.0149101664,t4:0.0149101664):0.07254244036,t15:0.08745260676):0.1550031783):0.1845926692):0.03231153594,t1:0.4593599902):0.4594563961):0.06097182,(t17:0.05957173563,t2:0.05957173563):0.9202164707):0.1720869128;
15|0.350491954367608|0.270579261681996|0.864381460123695|((((t8:1.288632629,(t15:1.008157298,t12:1.008157298):0.2804753313):0.1692668958,t3:1.457899525):0.2492170892,t7:1.707116614):2.402150983,(((((t1:0.2594268963,t2:0.2594268963):2.032578608,t11:2.292005504):0.7307281542,t13:3.022733658):0.1741312539,(t6:0.4322001387,t5:0.4322001387):2.764664773):0.5277530386,((t14:1.843948351,(t4:0.01956003209,t9:0.01956003209):1.824388319):1.341032351,t10:3.184980702):0.5396372491):0.3846496472):2.621842363;
37|0.213512905193493|0.380153982394841|0.812106233322993|(t36:14.23794628,((t24:1.968239044,t3:1.968239044):11.01118195,((((((t31:2.701185936,(t29:0.9503536128,t35:0.9503536128):1.750832323):0.6782873957,t6:3.379473332):3.988597518,(t37:6.486962188,t10:6.486962188):0.8811086612):1.937427229,(((((t4:0.8952652988,t26:0.8952652988):1.083489443,((t7:0.9711647979,t2:0.9711647979):0.2522768663,t25:1.223441664):0.7553130775):0.9288013631,(t11:2.43471979,((t19:0.1237496543,t33:0.1237496543):0.8797255015,t1:1.003475156):1.431244634):0.4728363149):4.236426945,t23:7.14398305):0.3755753199,((((((t13:0.5223755195,t5:0.5223755195):0.5837929412,t9:1.106168461):0.4633012864,(t12:0.7999923135,t30:0.7999923135):0.7694774336):0.4048401605,(t32:1.605409471,((t34:0.2578442768,t16:0.2578442768):0.232410889,t8:0.4902551659):1.115154305):0.3689004368):0.1691536212,t21:2.143463529):0.06897783953,t28:2.212441368):5.307117001):1.785939709):1.69598925,t18:11.00148733):0.01512753982,((t27:5.813864475,(t22:5.139189496,(t17:2.093915405,t15:2.093915405):3.045274091):0.6746749789):1.770319188,(t14:3.146196405,t20:3.146196405):4.437987258):3.432431206):1.96280613):1.258525282):1.160744434;
47|2.01364577898523|0.0221559541486204|0.80145600263495|(((t21:0.3609146471,t9:0.3609146471):1.051641604,(((t10:0.9871458643,(((t4:0.08406001294,(t38:0.06493480954,t37:0.06493480954):0.01912520339):0.4521892915,t13:0.5362493044):0.1435191145,(t6:0.6755889067,((t22:0.07559989537,t43:0.07559989537):0.5321055382,t39:0.6077054336):0.06788347312):0.004179512136):0.3073774455):0.0003445060814,(t20:0.260604711,((t40:0.01251186734,(t1:0.004631559222,t42:0.004631559222):0.007880308119):0.05430410633,t47:0.06681597367):0.1937887373):0.7268856594):0.06487996036,(t27:0.8522198964,t29:0.8522198964):0.2001504344):0.3601859207):0.3531870982,((t31:1.273207615,(t32:0.1964447136,t45:0.1964447136):1.076762901):0.1932095703,(((t2:0.7337032042,t44:0.7337032042):0.4583394021,((t7:0.4127686859,t33:0.4127686859):0.601406605,((t11:0.4820051508,(t34:0.4320922343,t16:0.4320922343):0.04991291641):0.4771764136,t15:0.9591815644):0.0549937264):0.1778673155):0.2560497724,(((((t18:0.1405345526,t3:0.1405345526):0.1010258661,t26:0.2415604187):0.5626852827,(t23:0.1670226057,(t30:0.1304117435,t5:0.1304117435):0.03661086221):0.6372230957):0.05881903406,((t35:0.6377583464,(t19:0.3990855344,t14:0.3990855344):0.238672812):0.1516334302,((t28:0.412947383,((t41:0.2508475887,t24:0.2508475887):0.03304773913,t8:0.2838953279):0.1290520551):0.2642874497,((t25:0.09196539402,t17:0.09196539402):0.03853655572,t36:0.1305019497):0.546732883):0.1121569439):0.07367295887):0.4787523277,(t12:0.5722074255,t46:0.5722074255):0.7696096376):0.1062753156):0.01832480611):0.2993261649):0.02595220281;
10|3.5222522797226|0.114275487686973|0.693133715540171|(t7:0.5341390046,(((t10:0.08445881053,t8:0.08445881053):0.1533230178,(t6:0.2370338081,((t5:0.08840970306,t1:0.08840970306):0.07381673484,(t9:0.117220923,t2:0.117220923):0.04500551488):0.07480737024):0.0007480201883):0.2046743457,(t3:0.2849170156,t4:0.2849170156):0.1575391584):0.09168283061):0.8619765083;
41|1.81054195084376|0.313381574288942|0.565331601188518|((((t25:0.9355579693,((t34:0.01398388553,t6:0.01398388553):0.3967822948,(t12:0.1900943952,t15:0.1900943952):0.2206717852):0.524791789):0.006007053852,((t31:0.3093295467,(t11:0.2176633996,(t23:0.01975143123,t20:0.01975143123):0.1979119684):0.09166614703):0.517899912,(t4:0.003892452361,t17:0.003892452361):0.8233370063):0.1143355646):0.1602355027,(t37:0.973527549,(((t33:0.5187880369,(t21:0.3231752812,t22:0.3231752812):0.1956127557):0.2014908496,((t36:0.4603103226,t38:0.4603103226):0.02527833464,(t7:0.3615418847,(((t26:0.03626737214,t30:0.03626737214):0.02795447678,t28:0.06422184892):0.1530174492,t2:0.2172392982):0.1443025865):0.1240467725):0.2346902292):0.1585759886,((t29:0.1628753424,(t13:0.1552955592,t10:0.1552955592):0.007579783208):0.08851065734,t3:0.2513859997):0.6274688754):0.0946726739):0.1282729769):0.03691380588,((((t41:0.08714095446,t39:0.08714095446):0.1784950609,t40:0.2656360153):0.5270694576,(((t8:0.1898657856,t35:0.1898657856):0.1323248394,t14:0.322190625):0.2500857877,(t19:0.2699119954,t32:0.2699119954):0.3023644173):0.2204290602):0.03762261658,((t27:0.1322123771,t1:0.1322123771):0.5967995188,(t5:0.5281224285,(t9:0.4546114857,((t24:0.03422840217,t16:0.03422840217):0.1948193551,t18:0.2290477573):0.2255637284):0.07351094274):0.2008894674):0.1013161936):0.3083862423):0.7978580811;
34|2.784751662286|0.104068919317797|0.667971495655365|(((((t17:0.357572919,t9:0.357572919):0.1234746164,(((t13:0.08887916321,t31:0.08887916321):0.1250815671,(t29:0.177219114,t27:0.177219114):0.03674161636):0.04545375882,t11:0.2594144891):0.2216330463):0.2419669663,(t1:0.5547348004,(t32:0.01790377291,t23:0.01790377291):0.5368310275):0.1682797013):0.6799201681,(((((((t10:0.03510279399,(t5:0.02355366735,t19:0.02355366735):0.01154912664):0.09253034108,(t24:0.08156032385,t15:0.08156032385):0.04607281122):0.04530387908,t4:0.1729370142):0.08192871469,t14:0.2548657288):0.0646508208,((t30:0.1471676388,t16:0.1471676388):0.03775800896,t2:0.1849256478):0.1345909019):0.1038589684,(t26:0.259657908,(t12:0.2308408103,(t25:0.1265552791,t3:0.1265552791):0.1042855312):0.02881709771):0.16371761):0.3412063418,((t28:0.3290850067,t34:0.3290850067):0.3918797508,t20:0.7209647574):0.0436171024):0.63835281):0.06509998153,(t22:0.8220452032,((t21:0.230932958,(t18:0.06521164104,t6:0.06521164104):0.165721317):0.3858724145,(t8:0.470852019,(t33:0.1718925329,t7:0.1718925329):0.2989594861):0.1459533534):0.2052398308):0.6459894481):1.116720968;
47|3.74045214302372|0.0381802962021902|0.99540797166992|((((((((((((t15:0.03462403363,t42:0.03462403363):0.0728242547,t4:0.1074482883):0.03363454747,t34:0.1410828358):0.08552060394,(t36:0.1535096476,(t21:0.003470073433,t6:0.003470073433):0.1500395742):0.07309379216):0.04480055327,(((t11:0.04670164631,t39:0.04670164631):0.1140702583,t10:0.1607719046):0.08713364794,t26:0.2479055526):0.02349844047):0.01674203255,t44:0.2881460256):0.07024748905,((t5:0.3159033028,(t46:0.02634397623,t33:0.02634397623):0.2895593265):0.01393163505,(((t31:0.09594516003,t41:0.09594516003):0.1331591585,t7:0.2291043186):0.08931795924,t18:0.3184222778):0.01141265999):0.02855857681):0.1465460323,t23:0.5049395469):0.01172005058,((((t9:0.02130722723,t28:0.02130722723):0.2030107381,(t1:0.09467325479,t38:0.09467325479):0.1296447105):0.07811141793,((t24:0.04170012706,t3:0.04170012706):0.01151081641,t40:0.05321094347):0.2492184398):0.02236734603,(t32:0.02796727936,t22:0.02796727936):0.2968294499):0.1918628682):0.04682246242,(t45:0.0679892257,t25:0.0679892257):0.4954928343):0.1894428573,(((t16:0.06557287911,(t19:0.05853580249,t20:0.05853580249):0.007037076627):0.03201406154,t30:0.09758694066):0.3577964818,t43:0.4553834224):0.2975414948):0.2294590696,(((t47:0.07536820084,(t17:0.004530645673,t13:0.004530645673):0.07083755516):0.257035003,t35:0.3324032039):0.02114831535,((t29:0.01593688929,t12:0.01593688929):0.306888697,(t2:0.2727934584,(t37:0.03562123403,(t14:0.01725505697,(t27:0.01539076219,t8:0.01539076219):0.001864294773):0.01836617706):0.2371722243):0.05003212796):0.0307259329):0.6288324677):0.3892658675;
48|2.36725889298832|0.456314349395689|0.552078534732573|((((((t29:0.06262209375,t9:0.06262209375):0.6595350484,(t39:0.144653659,t10:0.144653659):0.5775034832):0.007359226919,(t6:0.5471191015,(t3:0.07810364972,t7:0.07810364972):0.4690154518):0.1823972676):0.1391070348,t30:0.8686234039):0.09526795861,((((t47:0.04456506275,t41:0.04456506275):0.1377926905,(t12:0.1410377195,t43:0.1410377195):0.04132003377):0.1764207706,t37:0.3587785238):0.1306731515,((((t20:0.03246469644,(t31:0.004875576006,t17:0.004875576006):0.02758912043):0.04123569723,t21:0.07370039367):0.03617740179,t40:0.1098777955):0.2161588309,(((t32:0.1288636171,t23:0.1288636171):0.1157295437,t38:0.2445931608):0.07473487483,(t33:0.0747766118,t19:0.0747766118):0.2445514239):0.0067085907):0.163415049):0.4744396872):0.3199363129,(((((t11:0.009943520879,t13:0.009943520879):0.8551227837,((t25:0.3174035001,t36:0.3174035001):0.4822822618,(t5:0.04824596109,t45:0.04824596109):0.7514398008):0.06538054267):0.09167625202,((t44:0.3561048923,((t14:0.09861662774,t24:0.09861662774):0.0001455439926,(t4:0.06428164085,(t16:0.02130401097,t35:0.02130401097):0.04297762989):0.03448053088):0.2573427206):0.1126085582,t34:0.4687134506):0.488029106):0.1765171677,((t28:0.1101332303,t26:0.1101332303):0.1664309164,(t27:0.2456329015,(t1:0.1792710699,t15:0.1792710699):0.0663618316):0.03093124523):0.8566955775):0.04251217344,(((((t48:0.127125153,t18:0.127125153):0.04131389715,t2:0.1684390501):0.296418612,t8:0.4648576621):0.03687381437,t22:0.5017314765):0.2690918817,(t42:0.1047406396,t46:0.1047406396):0.6660827186):0.4049485395):0.1080557777):0.7309284667;
22|1.96841356923338|0.123120714912657|0.731169734615833|((((((t16:0.3907967181,(t10:0.2496338848,t6:0.2496338848):0.1411628332):0.07937732682,(t8:0.1580742853,t7:0.1580742853):0.3120997596):0.2243601019,t3:0.6945341468):0.2118069986,t13:0.9063411454):0.3409717494,((((t19:0.04380645967,t18:0.04380645967):0.5727628187,(t15:0.1341027669,t22:0.1341027669):0.4824665114):0.3375214294,t1:0.9540907077):0.2276693125,((t9:0.04767356111,t2:0.04767356111):1.021938911,(t17:1.059489891,((t11:0.1244329751,(t5:0.09306151944,t14:0.09306151944):0.03137145565):0.4101761907,t20:0.5346091658):0.5248807247):0.01012258196):0.1121475477):0.06555287452):0.3248996939,((t12:0.0338846149,t21:0.0338846149):0.3981933565,t4:0.4320779714):1.140134617):0.00466385217;
16|2.16915817462606|0.459797944729216|0.94931548833847|((((t14:0.0512161263,t9:0.0512161263):0.05966361904,t3:0.1108797453):1.104490264,(((t8:0.2707181095,t7:0.2707181095):0.00935344816,(t10:0.2418537077,(t16:0.2339738581,(t1:0.01829251358,t2:0.01829251358):0.2156813445):0.007879849561):0.03821784996):0.2717678054,(t13:0.05652970559,t5:0.05652970559):0.4953096575):0.6635306465):0.1507151016,(t4:0.7707092483,(t6:0.2828900517,((t12:0.03791342805,t15:0.03791342805):0.204467017,t11:0.2423804451):0.04050960663):0.4878191967):0.5953758628):0.2122670932;
13|2.4091784782568|0.266916738206055|0.568087427993305|((((t12:0.2746973713,(t1:0.1429576993,(t3:0.1026025776,t8:0.1026025776):0.04035512171):0.131739672):0.140762666,((t13:0.2086052626,t5:0.2086052626):0.0100399899,(t10:0.09054135769,t2:0.09054135769):0.1281038948):0.1968147847):0.09882996798,t7:0.5142900052):0.01882933592,(t9:0.1891232107,(t6:0.1137789649,(t4:0.1056961584,t11:0.1056961584):0.008082806452):0.07534424576):0.3439961305):0.7239464179;
42|1.82017869637581|0.309314423643518|0.795635513612069|((((((t14:0.1591280183,t27:0.1591280183):0.2624658055,((t34:0.2415985475,(t38:0.1910667951,t4:0.1910667951):0.05053175244):0.09568474152,(t42:0.2998389175,t23:0.2998389175):0.03744437155):0.08431053477):0.2404343125,((((((t11:0.01517216186,t28:0.01517216186):0.1196620128,t20:0.1348341747):0.0507071228,t18:0.1855412975):0.05377983498,t5:0.2393211324):0.08605526233,t17:0.3253763948):0.3084611215,((t26:0.2031572062,t8:0.2031572062):0.3722844115,((t21:0.2803383447,(t35:0.1181940633,t31:0.1181940633):0.1621442814):0.1043965372,(t19:0.2804544889,t13:0.2804544889):0.1042803929):0.1907067359):0.05839589858):0.02819062008):0.07559122852,((((t9:0.3049753469,t37:0.3049753469):0.02165298557,t7:0.3266283325):0.008081320378,(t1:0.2943536175,t12:0.2943536175):0.04035603534):0.3853773961,(t41:0.5097493995,((t15:0.03337436773,t25:0.03337436773):0.03077245938,t30:0.06414682711):0.4456025724):0.2103376494):0.01753231591):0.08382691966,(t3:0.6247072359,(t22:0.4599246027,((t39:0.06186850499,t16:0.06186850499):0.2251937163,t2:0.2870622213):0.1728623814):0.1647826333):0.1967390486):0.4197647696,((t6:0.6575191576,(t32:0.2157143731,(t24:0.05128450894,(t33:0.03175940762,t36:0.03175940762):0.01952510132):0.1644298642):0.4418047845):0.2177742216,((t10:0.01658644432,t40:0.01658644432):0.06262043256,t29:0.07920687687):0.7960865023):0.365917675):0.09922670229;
11|2.59524617911782|0.190255931136198|0.574687564047053|(t10:1.13956417,((t3:0.9067758773,(t1:0.8301987835,(((t11:0.1934201973,t7:0.1934201973):0.225775484,t2:0.4191956813):0.2771331629,t5:0.6963288442):0.1338699393):0.07657709382):0.2038331654,((t6:0.1460292711,t9:0.1460292711):0.2029444123,(t4:0.1025633567,t8:0.1025633567):0.2464103267):0.7616353593):0.0289551277):0.1394003446;
36|2.49772323701065|0.195916239982471|0.772936577675864|((((t18:0.3592200054,(t4:0.2924516611,t31:0.2924516611):0.06676834431):0.2325975978,(t26:0.4284173936,(t8:0.4097555408,(t15:0.3698758916,(t36:0.336511375,((t32:0.2345219682,((t35:0.06262641506,(t11:0.00732848196,t14:0.00732848196):0.0552979331):0.01302629391,(t25:0.06778624353,t33:0.06778624353):0.007866465434):0.1588692592):0.07265209648,(((t10:0.03059448245,t27:0.03059448245):0.09889624464,(t2:0.1198614832,t12:0.1198614832):0.009629243878):0.1549173459,(t16:0.2054264497,t9:0.2054264497):0.0789816233):0.02276599168):0.0293373104):0.03336451658):0.03987964922):0.01866185273):0.1634002096):0.302428075,t29:0.8942456782):0.03891370198,((t1:0.2852577941,((t23:0.09445742969,t13:0.09445742969):0.09256053624,(t17:0.04309609663,t28:0.04309609663):0.1439218693):0.09823982816):0.3990311046,((t21:0.4268513999,t19:0.4268513999):0.0174014512,((t34:0.1862355591,((t30:0.1488019111,t3:0.1488019111):0.007049332604,(t7:0.1253835523,t22:0.1253835523):0.03046769143):0.03038431535):0.2546109912,(((t20:0.01467684834,t6:0.01467684834):0.08718188698,t5:0.1018587353):0.2685109703,t24:0.3703697057):0.07047684464):0.003406300767):0.2400360476):0.2488704815):0.5405690145;
43|2.60119246519171|0.0410501294047572|0.963758616009727|(((((t32:0.1831457172,((t1:0.003300667545,t42:0.003300667545):0.1249793679,t2:0.1282800355):0.05486568173):0.4713432559,((t14:0.3825844168,((t23:0.06112142234,t9:0.06112142234):0.04369798859,t11:0.1048194109):0.2777650059):0.09855927143,(t24:0.325309824,(t35:0.2507502773,t27:0.2507502773):0.0745595467):0.1558338643):0.1733452849):0.1235514685,(t20:0.6738854248,((t21:0.6106744538,(t37:0.3412174672,(t18:0.02213089006,t41:0.02213089006):0.3190865771):0.2694569866):0.01376411627,(t36:0.3644359738,(t6:0.008230107694,t4:0.008230107694):0.3562058661):0.2600025963):0.04944685473):0.1041550168):0.04879455262,(t17:0.3855827228,(t12:0.2044367914,t40:0.2044367914):0.1811459314):0.4412522714):0.176721265,(t13:0.8232733855,((((t28:0.1003955657,(t16:0.07215167904,t8:0.07215167904):0.02824388665):0.4973558422,(((t38:0.32327902,(t5:0.2337172411,((t43:0.006625682803,t10:0.006625682803):0.02928106314,t29:0.03590674594):0.1978104952):0.08956177885):0.08111323115,t26:0.4043922511):0.1734739209,(((t34:0.1385818273,t31:0.1385818273):0.385501642,t25:0.5240834693):0.01056332959,(t30:0.5071309296,t7:0.5071309296):0.02751586929):0.04321937313):0.01988523584):0.04177269259,((t22:0.1280532388,t39:0.1280532388):0.2508696551,t19:0.3789228939):0.2606012065):0.05699170371,(t33:0.6577338135,(t15:0.4830717485,t3:0.4830717485):0.174662065):0.03878199065):0.1267575813):0.1802828737):0.6881090649;
27|1.07482705176342|0.326909527133685|0.90619829739444|(((((t24:0.7038435595,((t26:0.4306866811,t10:0.4306866811):0.2280607911,((t20:0.06562092215,t22:0.06562092215):0.4017668593,t23:0.4673877815):0.1913596907):0.04509608735):0.0367300441,t12:0.7405736036):0.3357976589,((t9:0.4819321662,((t8:0.106632605,t13:0.106632605):0.2573721164,t5:0.3640047215):0.1179274447):0.2283208758,((t1:0.005743463313,t14:0.005743463313):0.3815616514,t15:0.3873051147):0.3229479273):0.3661182205):0.493380933,(t4:0.04953656078,t21:0.04953656078):1.520215635):0.7104561753,((t6:0.575806891,t27:0.575806891):0.938305832,(((t11:0.1623826029,t19:0.1623826029):0.04749348561,(t16:0.000848896707,t18:0.000848896707):0.2090271918):1.103555655,(((t2:0.03330070118,t25:0.03330070118):0.05946302716,t3:0.09276372834):0.6642338947,(t17:0.2575716531,t7:0.2575716531):0.49942597):0.5564341201):0.2006809799):0.7660956477):1.100928727;
45|3.09738684469368|0.0685970637830906|0.626532836584374|(((((t31:0.5004804774,((((t14:0.1198098117,t5:0.1198098117):0.1504812312,t32:0.2702910429):0.130956959,(t22:0.1030852983,t36:0.1030852983):0.2981627036):0.05219436832,t40:0.4534423703):0.04703810712):0.2113032526,((t13:0.06568842583,(t2:0.01175936694,t44:0.01175936694):0.05392905888):0.3981639875,(t38:0.2821703957,(t18:0.2730565786,(t24:0.2393187638,t7:0.2393187638):0.03373781486):0.009113817119):0.1816820176):0.2479313167):0.04967702411,((t6:0.1458799396,t39:0.1458799396):0.3186442762,((t20:0.2287151297,t35:0.2287151297):0.1910841213,(((t4:0.2225000352,t9:0.2225000352):0.07283545078,t41:0.295335486):0.06054522174,(t34:0.1697051568,t42:0.1697051568):0.1861755509):0.06391854334):0.04472496472):0.2969365384):0.274850721,((t19:0.3789750478,t23:0.3789750478):0.000533281172,t17:0.379508329):0.6568031462):0.1752757341,(((((t29:0.1026945702,t30:0.1026945702):0.462657811,(t11:0.4890633015,(((t16:0.1764813315,(t25:0.1727099599,t37:0.1727099599):0.003771371603):0.07286928465,((t12:0.02189857335,t8:0.02189857335):0.02291761351,t45:0.04481618686):0.2045344292):0.09754562836,t10:0.3468962445):0.142167057):0.07628907976):0.1069831663,(t26:0.6362345099,((t15:0.07347430752,t21:0.07347430752):0.4675498633,t27:0.5410241708):0.09521033908):0.0361010377):0.2531380535,(t3:0.08836206491,t33:0.08836206491):0.8371115362):0.1822358505,((t1:0.07402211352,t28:0.07402211352):0.1410124251,t43:0.2150345386):0.8926749129):0.1038777577):0.003276622062;
41|0.862676994225476|0.0194158125552349|0.717151565826498|((((t33:1.351557117,t35:1.351557117):0.4085938718,(t24:0.6950188345,t4:0.6950188345):1.065132154):0.2874665199,(((t10:1.351415205,((t19:0.07505902289,t41:0.07505902289):1.208489504,(((t22:0.3585372647,t20:0.3585372647):0.2949897309,(t13:0.2608325423,(t5:0.226121631,t14:0.226121631):0.03471091133):0.3926944532):0.4741085393,(t6:1.019924879,t25:1.019924879):0.1077106559):0.1559129916):0.06786667837):0.1045041297,((t16:0.1245014847,t29:0.1245014847):0.6376027844,t34:0.7621042691):0.6938150655):0.3148970279,t39:1.770816362):0.2768011461):1.272025844,(((((((t38:0.2319897152,t36:0.2319897152):0.1557005525,t31:0.3876902677):0.3234397078,t1:0.7111299754):0.4885361616,(t28:0.4534279355,(t32:0.3460989337,t2:0.3460989337):0.1073290018):0.7462382015):0.2487093003,(t8:1.111701777,t11:1.111701777):0.3366736606):0.5663586434,((t23:0.0193832154,t3:0.0193832154):1.938986323,((((t18:0.1628668142,t30:0.1628668142):0.2853755927,(t40:0.03792755556,t27:0.03792755556):0.4103148513):1.173299211,((t17:0.0479817143,t21:0.0479817143):0.9756654278,(t26:0.3884473021,t9:0.3884473021):0.63519984):0.5978944762):0.2427336023,((t37:1.532845212,t7:1.532845212):0.1714263354,t15:1.704271548):0.1600036728):0.09409431824):0.05636454198):0.5602902612,t12:2.575024342):0.7446190101):0.04837178426;
49|0.400317904213443|0.0794261933583766|0.563407153706066|(((t13:3.20592801,((t25:1.550022834,t35:1.550022834):0.02601248651,t21:1.576035321):1.629892689):1.998077452,(((t43:0.8135458237,t37:0.8135458237):2.048258804,(t2:2.497286497,(t39:1.009543759,(t28:0.506154296,t3:0.506154296):0.5033894629):1.487742738):0.3645181311):0.6572221113,t41:3.519026739):1.684978723):7.270054447,((t8:1.221519748,t9:1.221519748):9.95858085,(((((((t23:1.811382422,(t42:0.8850548958,t15:0.8850548958):0.9263275262):0.0137604675,(t26:1.359795256,t4:1.359795256):0.4653476331):1.453482198,t29:3.278625088):2.024000675,(t18:2.803887534,t47:2.803887534):2.498738229):4.062927148,(((t40:0.3764214226,t16:0.3764214226):1.551128544,t17:1.927549967):3.368750952,((((t12:0.07448323596,t6:0.07448323596):2.42930849,t49:2.503791726):0.2814289115,(t44:0.7541076806,t30:0.7541076806):2.031112957):2.046302017,((t36:1.994100759,t10:1.994100759):1.592683408,(t7:1.282148808,t48:1.282148808):2.304635359):1.244738487):0.4647782646):4.069251992):0.2152197601,((t19:1.100453148,t27:1.100453148):5.151515974,(t20:5.888095108,((((t11:2.355077573,t22:2.355077573):0.7179326372,(t24:2.703725562,(t45:1.427667678,t33:1.427667678):1.276057884):0.369284649):0.4218455137,t46:3.494855724):0.5224495316,t5:4.017305256):1.870789852):0.363874014):3.32880355):0.6942741231,(((t38:0.8510151572,t34:0.8510151572):0.2283619352,t31:1.079377092):2.819128951,(t1:2.257176603,(t14:0.9131244082,t32:0.9131244082):1.344052195):1.64132944):6.376540751):0.905053804):1.293959311):5.834099026;
14|0.451264065075666|0.0607576014450751|0.511616456438787|(t12:4.028968878,((t4:3.592680291,(((t11:0.5104671207,(t8:0.4653326017,t5:0.4653326017):0.04513451901):0.1612956146,t7:0.6717627352):2.489884522,t3:3.161647257):0.4310330344):0.2026202702,(t6:3.629661048,((t10:0.5807645615,t1:0.5807645615):2.313604926,((t9:1.696290495,t2:1.696290495):0.6488205564,(t13:1.930245656,t14:1.930245656):0.4148653956):0.5492584363):0.7352915606):0.1656395132):0.2336683168):4.782445177;
46|2.50439703707583|0.107794237998314|0.927642577444203|(((t29:0.834623693,(((t21:0.04884539029,t14:0.04884539029):0.1043602647,(t9:0.1410533136,t1:0.1410533136):0.01215234138):0.2945628515,t10:0.4477685065):0.3868551865):0.1410176119,(t40:0.8053702461,(((t33:0.1601873052,t25:0.1601873052):0.09981480964,(t6:0.1793278238,((t11:0.01536110175,t37:0.01536110175):0.1262340682,((t5:0.01227937654,t46:0.01227937654):0.02283423812,(t17:0.03144426998,t13:0.03144426998):0.003669344684):0.1064815553):0.03773265385):0.080674291):0.3020019442,(t27:0.4304050081,((((t31:0.0520784148,t8:0.0520784148):0.02792595863,t44:0.08000437342):0.0661853472,(t41:0.1305471892,t42:0.1305471892):0.01564253141):0.2449095969,(t35:0.0002850624065,t3:0.0002850624065):0.3908142551):0.03930569059):0.1315990509):0.2433661871):0.1702710588):0.05408471641,((((t38:0.5399438237,(((t28:0.02335377656,t23:0.02335377656):0.04277927127,t2:0.06613304782):0.07133237726,(t19:0.002526987488,t30:0.002526987488):0.1349384376):0.4024783987):0.09985662917,((t39:0.1003339023,t45:0.1003339023):0.1300813288,(t22:0.01660074939,t32:0.01660074939):0.2138144818):0.4093852218):0.1346249383,(t24:0.377800635,t16:0.377800635):0.3966247563):0.01324283199,((((t7:0.1236331528,t12:0.1236331528):0.1293567137,t26:0.2529898665):0.02878881795,(t20:0.113738454,t4:0.113738454):0.1680402305):0.2122163898,((t36:0.3552299718,(t34:0.1267309589,(t18:0.1144373393,t43:0.1144373393):0.01229361953):0.228499013):0.02916579679,t15:0.3843957686):0.1095993056):0.293673149):0.242057798):0.2822515416;
11|0.605971502047032|0.122559650714975|0.531928138807416|(((t3:0.7275919695,t9:0.7275919695):1.563648587,((t7:0.01394956239,t4:0.01394956239):1.324924502,(t6:1.054679863,t5:1.054679863):0.2841942015):0.9523664915):0.1731303501,((t2:1.625706651,t11:1.625706651):0.6304316211,((t8:0.2539519605,t10:0.2539519605):1.878910441,t1:2.132862402):0.1232758707):0.2082326337):0.4612544872;
25|0.346763744298369|0.297507720652502|0.92822873685509|(((((t2:0.5531544248,t17:0.5531544248):1.470860039,(t7:0.4123484558,(t15:0.2035081107,t24:0.2035081107):0.2088403452):1.611666008):3.93167754,((t22:0.8731305042,t9:0.8731305042):3.751895166,(((t4:0.1386351654,(t19:0.0941315004,t16:0.0941315004):0.04450366504):2.753549229,(((t21:0.4793076285,((t20:0.04907208172,t11:0.04907208172):0.00302087769,t14:0.05209295941):0.4272146691):0.5758620437,t5:1.055169672):1.196503595,t3:2.251673268):0.6405111272):1.654439634,(t8:3.453069584,t23:3.453069584):1.093554445):0.0784016413):1.330666334):0.5137451483,(t1:3.600983712,(((t18:0.2452828855,t12:0.2452828855):0.5499157984,t6:0.7951986839):1.504951865,t13:2.300150548):1.300833164):2.86845344):0.2044949504,(t25:1.546892284,t10:1.546892284):5.127039819):0.2645619481;
35|3.58755039314041|0.301137317246757|0.67968728847336|(((t26:0.1568260214,((((t20:0.05643958782,t28:0.05643958782):0.02543032794,t5:0.08186991576):0.01333150581,t33:0.09520142157):0.01008469051,t10:0.1052861121):0.05153990929):0.3035327346,((t24:0.3453116592,((t9:0.2290620207,(t32:0.01793941943,t8:0.01793941943):0.2111226013):0.0230159238,t14:0.2520779445):0.09323371473):0.04535867615,((t30:0.05727793639,t18:0.05727793639):0.2534412577,(((t35:0.1212534791,t16:0.1212534791):0.06284575494,t19:0.184099234):0.09116038566,t21:0.2752596197):0.03545957437):0.07995114133):0.06968842054):0.229028431,((((t25:0.02129160734,t29:0.02129160734):0.2008827686,t2:0.2221743759):0.1598535398,(t3:0.334037249,t13:0.334037249):0.04799066667):0.3014943345,((t4:0.2557352116,((t34:0.1770302985,t23:0.1770302985):0.02791570856,((t11:0.005939605308,t17:0.005939605308):0.07415402885,(t27:0.02011716142,(t15:0.0200602296,t31:0.0200602296):5.693182204e-05):0.05997647273):0.1248523729):0.05078920457):0.3029615757,((((t7:0.004150208957,t1:0.004150208957):0.04109549821,t6:0.04524570717):0.1349518254,t12:0.1801975325):0.05196530008,t22:0.2321628326):0.3265339547):0.1248254629):0.005864936694):0.2092465395;
21|1.0949152875226|0.0431130818487145|0.771775918430649|(((t4:0.3700470285,t20:0.3700470285):1.011336591,(t1:0.7997033876,(t19:0.7316759997,(t11:0.1696702794,t9:0.1696702794):0.5620057204):0.06802738789):0.5816802314):1.39870732,(((((t2:0.536462176,t12:0.536462176):0.8193493303,(t10:0.8694439964,t3:0.8694439964):0.4863675098):0.2437017515,((t7:0.8627331068,((t15:0.341007844,t21:0.341007844):0.05464970808,t8:0.3956575521):0.4670755546):0.3649128695,(t5:0.1633180409,t13:0.1633180409):1.064327935):0.3718672816):0.4695963419,(t14:0.3789268064,t6:0.3789268064):1.690182793):0.5523210922,(t18:0.07803295343,(t16:0.04985915021,t17:0.04985915021):0.02817380322):2.543397739):0.1586602467):0.3219712539;
23|0.435493128586095|0.17330383552704|0.612901509855874|((((t20:1.804563492,(t13:1.587983275,t14:1.587983275):0.2165802173):3.084256572,(t21:2.35018453,(t1:0.07374766862,t2:0.07374766862):2.276436861):2.538635534):0.3689014324,(((t18:1.670828981,t23:1.670828981):1.664948661,((t12:2.686643249,((t17:0.3268496066,t16:0.3268496066):0.3606093142,t19:0.6874589208):1.999184328):0.507987833,((t9:1.582117111,(t4:0.4514189371,(t7:0.3757533187,t3:0.3757533187):0.07566561835):1.130698174):0.1822421893,t10:1.7643593):1.430271782):0.1411465597):0.97263411,((t6:2.370213961,t8:2.370213961):1.044875352,t5:3.415089313):0.8933224393):0.9493097445):1.328582687,(t22:4.573075128,(t15:4.078050815,t11:4.078050815):0.4950243139):2.013229055):3.745732404;
43|3.56802062785951|0.487712175864726|0.663171571097337|(((t15:0.06135396503,t1:0.06135396503):0.5318077868,(((((t33:0.06791589321,t36:0.06791589321):0.05840846304,(t8:0.07837599768,(t3:0.02810809914,t21:0.02810809914):0.05026789854):0.04794835857):0.02464430651,(t31:0.03757835686,t28:0.03757835686):0.1133903059):0.0810900257,((t24:0.03964756689,t14:0.03964756689):0.1223001479,t17:0.1619477147):0.07011097373):0.3281785695,(((((t13:0.006547997268,t41:0.006547997268):0.01354334033,t37:0.0200913376):0.0328396629,t22:0.0529310005):0.09966901769,t9:0.1526000182):0.02684069012,t7:0.1794407083):0.3807965496):0.03292449389):0.1318643375,(((((((t16:0.03200587358,t20:0.03200587358):0.00358986994,t34:0.03559574352):0.1417804821,(t29:0.06954137878,(t23:0.02670120897,t35:0.02670120897):0.04284016981):0.1078348468):0.09569756554,(t27:0.2334030766,t4:0.2334030766):0.03967071453):0.06616674605,(t11:0.04369500881,t25:0.04369500881):0.2955455284):0.008315276561,((((t30:0.006201920182,t6:0.006201920182):0.007888267155,t5:0.01409018734):0.1898507633,t32:0.2039409507):0.007086111314,(t38:0.06466679223,t19:0.06466679223):0.1463602697):0.1365287517):0.1247040084,(((t18:0.02806476592,t12:0.02806476592):0.232127914,(((t43:0.1594784859,t2:0.1594784859):0.03544039296,t10:0.1949188788):0.05693944337,((t40:0.04285872788,t26:0.04285872788):0.006267897601,t39:0.04912662548):0.2027316967):0.008334357743):0.09565232826,t42:0.3558450082):0.1164148139):0.2527662672):0.01353242953;
29|0.896529550002888|0.151727413388435|0.804967779084109|(((((t3:0.2965449279,((t18:0.1028014606,t4:0.1028014606):0.09989985001,t24:0.2027013106):0.09384361732):0.2800252661,(t29:0.1307235962,(t20:0.01603091731,t13:0.01603091731):0.1146926789):0.4458465979):0.7141487827,((t2:0.7744359055,t21:0.7744359055):0.2481890916,t12:1.022624997):0.2680939796):0.5890902027,(((t22:0.1450300909,t10:0.1450300909):0.07468004347,t16:0.2197101344):1.457146897,(t28:0.7904269293,t25:0.7904269293):0.8864301024):0.2029521477):1.575154491,((((t8:0.668992507,t5:0.668992507):0.8218274183,((t11:0.6488312963,t7:0.6488312963):0.1089335655,(t23:0.02201502446,t9:0.02201502446):0.7357498373):0.7330550635):0.06481234078,((t17:0.04065558479,t14:0.04065558479):0.7804964998,t27:0.8211520846):0.7344801815):0.7412312089,(t26:0.5482724597,((t15:0.2594060407,t6:0.2594060407):0.1886011756,(t1:0.3285446499,t19:0.3285446499):0.1194625664):0.1002652434):1.748591015):1.158100196):0.9453049609;
33|3.82444093551952|0.160426914189011|0.526660987408832|(((t9:0.0004812248,t1:0.0004812248):0.2424667756,t28:0.2429480004):0.7926592411,(((t26:0.2314815992,t25:0.2314815992):0.2312866918,(t22:0.3564084291,t7:0.3564084291):0.1063598619):0.4410371402,((t18:0.4132955075,(t3:0.3595359473,t17:0.3595359473):0.05375956024):0.190289612,(((((t29:0.1141215249,t15:0.1141215249):0.2563206534,(((t23:0.002531727924,t32:0.002531727924):0.1931531277,t11:0.1956848556):0.02064254252,((t5:0.1592125556,t24:0.1592125556):0.05702817133,(t31:0.09433325803,t16:0.09433325803):0.1219074689):8.667116457e-05):0.1541147801):0.03952142144,t19:0.4099635997):0.04499429887,(t30:0.4535143925,(((t13:0.08989078536,t2:0.08989078536):0.01646186598,t33:0.1063526513):0.318691344,((t8:0.1634818663,t10:0.1634818663):0.0622324616,(t20:0.2086518106,t6:0.2086518106):0.01706251739):0.1993296674):0.02847039723):0.001443506026):0.03518742505,(t14:0.4709845938,((t4:0.2808352931,t21:0.2808352931):0.1247035486,(t12:0.3427922653,t27:0.3427922653):0.06274657647):0.06544575199):0.01916072985):0.113439796):0.3002203116):0.1318018103):0.6771894829;
47|2.69797247200273|0.194133948897943|0.977072907728143|(((t25:0.7405943383,(t31:0.4865007964,((t34:0.1073072935,(t37:0.08959501091,t20:0.08959501091):0.01771228256):0.1584655354,t16:0.2657728289):0.2207279675):0.2540935419):0.2627406977,(((t27:0.00693550751,t38:0.00693550751):0.7004764634,((((t17:0.2275537217,(t4:0.02682547669,t12:0.02682547669):0.200728245):0.1507343838,t2:0.3782881055):0.09765044911,(((t21:0.01857783272,t18:0.01857783272):0.1939132539,(t22:0.001038773614,t11:0.001038773614):0.211452313):0.05016932704,t10:0.2626604136):0.213278141):0.1670954881,((t1:0.2698273751,(t43:0.06422461663,t40:0.06422461663):0.2056027585):0.103856633,(t6:0.05868254653,t8:0.05868254653):0.3150014616):0.2693500346):0.06437792818):0.2781776843,(t46:0.4957222855,((t29:0.3035681786,t3:0.3035681786):0.1037090992,t23:0.4072772778):0.08844500768):0.4898673697):0.01774538084):0.1473409781,(((t19:0.4118085224,(t24:0.192297336,t7:0.192297336):0.2195111864):0.3217306005,(t42:0.2835501408,t15:0.2835501408):0.4499889821):0.03767915453,((((t45:0.1350303791,(t26:0.08852486974,t32:0.08852486974):0.04650550931):0.1208081315,(((t39:0.007679715621,t35:0.007679715621):0.03545101045,t36:0.04313072607):0.07156038228,(t9:0.1042435559,t5:0.1042435559):0.01044755246):0.1411474022):0.2970457794,(t13:0.5037746316,((t14:0.2368952556,t44:0.2368952556):0.1079689078,t28:0.3448641634):0.1589104682):0.04910965842):0.2088477499,(t47:0.2488562635,(t30:0.03174214079,(t33:0.01458651214,t41:0.01458651214):0.01715562865):0.2171141227):0.5128757764):0.009486237539):0.3794577367):0.05999558551;
45|0.956142290960997|0.361984412563033|0.714558613952249|(((t33:0.6212083724,t44:0.6212083724):2.465658353,(((t16:1.463848202,((t28:0.267485416,(t10:0.1390722391,t20:0.1390722391):0.1284131769):0.06516333865,t7:0.3326487546):1.131199448):0.4640795631,(((t32:0.4076225058,t3:0.4076225058):0.6757337828,((((t36:0.06598928583,t27:0.06598928583):0.6191422581,(t5:0.5089429192,t4:0.5089429192):0.1761886248):0.04905486138,((t26:0.278133483,t37:0.278133483):0.202754522,t19:0.480888005):0.2532984003):0.2421837226,t23:0.9763701279):0.1069861606):0.7959652536,((t31:0.08581339883,t21:0.08581339883):0.1781599914,t17:0.2639733903):1.615348152):0.04860622336):0.174466862,(((t38:0.1774593051,t14:0.1774593051):0.3711420673,(t43:0.06485987349,t30:0.06485987349):0.4837414989):1.191283166,(((t42:0.6204560102,t35:0.6204560102):0.2239659446,(t34:0.5865580874,(t13:0.1124078997,t2:0.1124078997):0.4741501877):0.2578638674):0.8894676722,(t18:1.625754666,(((t15:0.4479491096,t41:0.4479491096):0.3171174672,t22:0.7650665769):0.2309874126,t11:0.9960539895):0.6297006766):0.1081349609):0.00599491148):0.362510089):0.9844720983):0.6531714032,((t29:1.677943064,(t25:0.6090905096,t9:0.6090905096):1.068852554):0.4836929599,((((t8:0.1928837759,t1:0.1928837759):0.02569808667,t39:0.2185818626):0.2370380423,(t40:0.1691469791,t45:0.1691469791):0.2864729258):0.8048326356,(t24:1.037218986,(t6:0.3538921158,t12:0.3538921158):0.6833268697):0.2232335549):0.9011834833):1.578402105):1.661607792;
35|3.00858118440257|0.207087157485075|0.740126637974754|((((t16:0.1528472896,t24:0.1528472896):0.7967725808,((t12:0.0649056586,t8:0.0649056586):0.8234714779,((((((t1:0.259328376,((t5:0.1785086975,t33:0.1785086975):0.06744286625,(t20:0.02125181956,t11:0.02125181956):0.2246997442):0.01337681226):0.03835163311,((t2:0.06666295033,t28:0.06666295033):0.1337352524,t9:0.2003982028):0.09728180635):0.09849557649,(((t34:0.2079266039,(t18:0.1999193986,(t15:0.1116963708,t31:0.1116963708):0.08822302778):0.008007205321):0.1331556981,t29:0.341082302):0.008326502448,t4:0.3494088044):0.04676678119):0.1364005297,(t25:0.1176981236,t21:0.1176981236):0.4148779917):0.1487778076,(t23:0.3913064551,((t26:0.0905218292,(t27:0.05537140305,t10:0.05537140305):0.03515042615):0.03393806427,t6:0.1244598935):0.2668465616):0.2900474678):0.1046530572,(t17:0.7563796099,t14:0.7563796099):0.0296273702):0.1023701564):0.06124273393):0.1865826666,(((t22:0.0340397229,t19:0.0340397229):0.2037702382,t13:0.2378099611):0.02578757976,t7:0.2635975408):0.8726049962):0.1878428911,(t32:0.1742394253,((t3:0.01889396658,t30:0.01889396658):0.05819415411,t35:0.07708812069):0.09715130456):1.149806003):0.2251277607;
22|1.12854945346946|0.349786335092504|0.507111648330465|(((t11:0.6210460716,(t18:0.6038671002,t6:0.6038671002):0.01717897144):0.8617056329,((((t8:0.1298678442,t20:0.1298678442):0.5433322173,t4:0.6732000615):0.4215911381,(t19:0.9971328696,((t14:0.1438822102,t3:0.1438822102):0.2351246555,t21:0.3790068657):0.6181260039):0.09765832998):0.1368717306,t13:1.23166293):0.2510887744):0.1937990472,(((t10:0.9704848179,t5:0.9704848179):0.4750569817,(t15:0.9383060155,((t22:0.1141865665,t16:0.1141865665):0.2965938736,t17:0.41078044):0.5275255755):0.5072357841):0.06474290402,(t12:1.469664322,(((t1:0.303916162,t9:0.303916162):0.4066352131,t2:0.7105513751):0.7401762467,t7:1.450727622):0.01893670023):0.04062038165):0.1662660481):0.5290921402;
46|2.87198166561779|0.462269481222611|0.569832989014685|((((((t28:0.2824000239,(t8:0.1641030165,(t43:0.1381916572,t23:0.1381916572):0.02591135928):0.1182970074):0.1231705164,(t3:0.08073182382,(t7:0.004294374086,t12:0.004294374086):0.07643744973):0.3248387165):0.4301515713,((((t32:0.1691621337,(((t25:0.004845641659,t18:0.004845641659):0.06325412282,((t9:0.007023838074,t6:0.007023838074):0.01300369779,t37:0.02002753586):0.04807222862):0.04449695221,t42:0.1125967167):0.05656541702):0.0211111552,t20:0.1902732889):0.4033708372,t26:0.5936441262):0.03112329153,(((t40:0.1113719022,t33:0.1113719022):0.1672280325,t36:0.2785999347):0.1234059986,(t27:0.1134390824,(t15:0.009957033105,t2:0.009957033105):0.1034820492):0.288566851):0.2227614844):0.2109546939):0.0803342978,((t13:0.1587180761,t45:0.1587180761):0.6337493572,(((t22:0.411891883,t5:0.411891883):0.186854702,((t34:0.01959640067,t4:0.01959640067):0.3389586823,t24:0.3585550829):0.240191502):0.01398615802,((t17:0.334492234,(t46:0.0559965735,t16:0.0559965735):0.2784956605):0.2290456598,(t44:0.01573525373,t11:0.01573525373):0.5478026401):0.04919484915):0.1797346903):0.1235889761):0.569507823,t30:1.485564232):0.09022849214,(((t21:0.1776983383,(t39:0.003285220269,t10:0.003285220269):0.174413118):0.3618576331,(t29:0.1848260859,t19:0.1848260859):0.3547298856):0.06589739379,(((((t14:0.1116922716,t1:0.1116922716):0.1012023344,t41:0.212894606):0.0403514821,t31:0.2532460881):0.02860015949,t38:0.2818462476):0.2544752304,t35:0.5363214779):0.0691318873):0.9703393593):0.6086707186;
22|1.26821006968152|0.100249684434384|0.710404534591362|((t16:1.383461441,(t10:0.8510822286,((t3:0.3299860531,((t13:0.1269693684,(t9:0.08225686188,t6:0.08225686188):0.04471250653):0.09803533849,t21:0.2250047069):0.1049813462):0.27792187,t17:0.6079079231):0.2431743055):0.532379212):0.8371519773,((((t12:0.250227694,t7:0.250227694):0.4656695057,(t8:0.6500349488,t11:0.6500349488):0.06586225089):0.1302776016,(((t5:0.2121458475,t19:0.2121458475):0.07789158309,t15:0.2900374306):0.3213322931,(t20:0.5689141984,t1:0.5689141984):0.04245552526):0.2348050777):0.914381107,((t14:0.3662547004,(t18:0.2272095825,(t4:0.04330050594,t2:0.04330050594):0.1839090765):0.1390451179):0.6436493118,t22:1.009904012):0.7506518962):0.4600575095):0.3887488323;
13|0.681944944073912|0.441984811939765|0.978980646817945|(((((t8:0.2995807683,t4:0.2995807683):0.4577718953,((t3:0.1920864245,t13:0.1920864245):0.2690816155,t11:0.4611680399):0.2961846237):0.6777918037,t12:1.435144467):0.2692605303,((t7:0.337982055,t10:0.337982055):0.1106149797,((t5:0.12540786,(t2:0.07586497411,t6:0.07586497411):0.04954288589):0.3123708328,t9:0.4377786928):0.01081834184):1.255807963):0.4328267953,t1:2.137231793):3.010668117;
33|3.92575114571955|0.282493663157802|0.921527366735972|(((t20:0.3215074431,(t13:0.03365851544,t18:0.03365851544):0.2878489276):0.2430182901,(((t23:0.3617924863,(t33:0.1432468534,(t10:0.08680306759,t5:0.08680306759):0.05644378582):0.2185456329):0.05959590096,((t32:0.07707469642,((t14:0.04919371648,t15:0.04919371648):0.02739102081,t26:0.07658473729):0.0004899591319):0.2159640418,((t2:0.0533647544,t30:0.0533647544):0.01798348617,t31:0.07134824057):0.2216904977):0.128349649):0.03737677283,(t22:0.3414711129,(((t19:0.1934986214,t24:0.1934986214):0.03209237964,(((t4:0.03141358203,t27:0.03141358203):0.05962048405,(t16:0.0129307392,t17:0.0129307392):0.07810332689):0.0659361441,t8:0.1569702102):0.06862079085):0.003571140411,(t3:0.1210070869,((t6:0.0116721287,t12:0.0116721287):0.0861040985,(t25:0.08046511546,t1:0.08046511546):0.01731111174):0.02323085973):0.1081550545):0.1123089714):0.1172940472):0.1057605732):0.3110710498,(((t7:0.05497684657,t9:0.05497684657):0.3336799425,t11:0.3886567891):0.3754825087,((t29:0.04078345382,t28:0.04078345382):0.2332222894,t21:0.2740057432):0.4901335546):0.1114574853):0.2251165402;
37|2.09620741704246|0.159794795457274|0.613516350858845|((((t14:0.6092849173,t6:0.6092849173):0.3549727623,(t2:0.1970018293,(t28:0.02445714568,t3:0.02445714568):0.1725446836):0.7672558503):0.673647807,((t32:0.6439890481,t26:0.6439890481):0.4905781334,t35:1.134567182):0.503338305):1.001455022,((((t25:0.08119108875,t19:0.08119108875):1.121086546,((t11:0.06803996189,t1:0.06803996189):0.643264223,t17:0.7113041849):0.4909734496):0.3054601676,((t33:0.3302823822,((t12:0.2605876668,t16:0.2605876668):0.06579608134,t20:0.3263837481):0.00389863404):0.3734450275,(t22:0.2180882203,t18:0.2180882203):0.4856391894):0.8040103925):0.1108420826,(((t31:0.09970426399,t21:0.09970426399):0.1451789457,t9:0.2448832097):1.307471554,(t29:1.274551633,(((t37:0.1877092442,t8:0.1877092442):0.5581714255,(t10:0.6519957695,(t23:0.6289172448,t24:0.6289172448):0.02307852474):0.09388490021):0.263453915,((t7:0.2735570742,((t30:0.1444384352,t27:0.1444384352):0.09669180145,((t5:0.08488671765,t34:0.08488671765):0.04118345609,t15:0.1260701737):0.1150600629):0.03242683758):0.4895202992,(t4:0.4416789351,(t13:0.3051761948,t36:0.3051761948):0.1365027403):0.3213984384):0.2462572113):0.2652170483):0.2778031309):0.06622512078):1.020780624):0.03304384243;
35|0.0466446499084123|0.100869770864956|0.758833996718749|(((((t9:39.86030047,t2:39.86030047):15.44193342,(((((((t1:14.39241338,t18:14.39241338):17.09237324,(t8:22.91893791,(t26:12.41915849,t12:12.41915849):10.49977942):8.565848715):2.811852355,(((t7:18.35589505,t35:18.35589505):7.068933532,((t33:9.706275065,t29:9.706275065):3.759433921,t20:13.46570899):11.95911959):7.145077624,(t30:13.88928497,t32:13.88928497):18.68062123):1.726732776):1.828949478,(t23:17.76550014,(t19:7.156168213,t34:7.156168213):10.60933193):18.36008831):1.476841511,t13:37.60242997):3.01340205,t15:40.61583202):5.330747259,(((t14:3.513739248,t22:3.513739248):7.612694774,t4:11.12643402):23.43725413,((t25:10.89102082,t10:10.89102082):15.47389905,t31:26.36491987):8.198768281):11.38289112):9.355654613):2.781005593,(t27:13.66820647,(t3:13.43176488,t28:13.43176488):0.2364415892):44.41503302):7.041709954,t17:65.12494944):11.57093483,(((t24:17.54575574,t6:17.54575574):26.0560688,(t16:0.4109216677,t11:0.4109216677):43.19090287):7.980080427,(t5:3.082585607,t21:3.082585607):48.49931936):25.11397931):56.12748207;
24|1.96033823917853|0.0580235655605793|0.532421773998067|((((t24:0.2135761405,t16:0.2135761405):0.320796143,(t3:0.2018585178,t10:0.2018585178):0.3325137658):1.001041402,(((t9:0.5830523853,t23:0.5830523853):0.5363391258,((t12:0.2850232776,t1:0.2850232776):0.4160630421,((t14:0.05565077883,t8:0.05565077883):0.613921483,(t17:0.6601766216,(t18:0.2709440115,t2:0.2709440115):0.3892326101):0.009395640279):0.03151405784):0.4183051915):0.1687590533,(((t4:0.1597095441,(t11:0.1397258093,t5:0.1397258093):0.01998373486):0.04801401369,t13:0.2077235578):0.3883411819,(t20:0.5134501433,t15:0.5134501433):0.08261459645):0.6920858248):0.2472631212):0.2122509039,((t22:0.3032682316,t7:0.3032682316):0.1391866914,(t21:0.2299929693,(t6:0.02632153327,t19:0.02632153327):0.203671436):0.2124619537):1.305209667):0.02564244151;
27|2.4055700852233|0.107646866666619|0.948731101700105|((((t19:0.3977632308,t26:0.3977632308):0.2457373127,((t22:0.3434232828,t15:0.3434232828):0.06055834732,t5:0.4039816302):0.2395189134):0.2811174333,((t25:0.02219881911,t8:0.02219881911):0.4098734971,(t13:0.2379744858,(t9:0.01788290931,t7:0.01788290931):0.2200915765):0.1940978304):0.4925456606):0.09916079594,(t11:1.00988005,(((((t24:0.2087923991,(t23:0.1824003713,(t3:0.1371165492,t1:0.1371165492):0.04528382206):0.02639202781):0.05250278306,t18:0.2612951821):0.2597440293,(t6:0.2575901985,t21:0.2575901985):0.263449013):0.2519462615,(t12:0.5975483741,t4:0.5975483741):0.1754370989):0.1352651243,((t20:0.2736079901,t17:0.2736079901):0.2368282248,(((t10:0.05066434416,t16:0.05066434416):0.03393503248,t2:0.08459937664):0.3593878557,(t14:0.4309928,t27:0.4309928):0.01299443227):0.06644898251):0.3978143824):0.1016294532):0.0138987224):0.2240901668;
31|2.89575633178698|0.193039686256088|0.893992388737388|(((((t18:0.001109259202,t12:0.001109259202):0.1314855683,t23:0.1325948275):0.5677423628,(((t3:0.03568705477,t11:0.03568705477):0.3888428465,(((t27:0.1201236466,t17:0.1201236466):0.08747579486,(t29:0.2011629886,t10:0.2011629886):0.006436452873):0.1932119288,((t4:0.0334035404,t24:0.0334035404):0.02320821127,t22:0.05661175167):0.3441996187):0.02371853097):0.1988821974,t25:0.6234120987):0.07692509163):0.06529617375,((((t21:0.3240413576,t19:0.3240413576):0.01371884755,t2:0.3377602052):0.08170456202,(((t26:0.2004195131,t15:0.2004195131):0.07493507443,(t1:0.2262760685,t14:0.2262760685):0.04907851896):0.08460967669,((t28:0.1116173006,(t31:0.02288931499,t20:0.02288931499):0.08872798556):0.1671480777,(((t30:0.05582408703,t7:0.05582408703):0.004685454758,t13:0.06050954179):0.1510934638,(t5:0.07848226059,t9:0.07848226059):0.133120745):0.0671623727):0.0811988859):0.05950050303):0.3391077895,t16:0.7585725567):0.007060807325):0.154797766,(t8:0.6092461884,t6:0.6092461884):0.3111849417):0.08556692774;
41|0.185015711525921|0.324506533434615|0.928965494502336|(((t29:9.220376595,(t26:0.8754261216,(t14:0.1324533803,t12:0.1324533803):0.7429727413):8.344950474):0.8727441461,(t28:2.949216423,t11:2.949216423):7.143904319):4.245523258,(((((t34:0.6812573645,(t13:0.6609271999,t38:0.6609271999):0.02033016454):2.928535506,((t16:2.111722677,(t15:1.229563755,t7:1.229563755):0.8821589218):0.6565523309,(t23:1.38140664,t24:1.38140664):1.386868368):0.8415178624):1.488646938,((t41:3.563646712,t2:3.563646712):0.8246413704,((t31:0.3623408917,t8:0.3623408917):0.6266559045,t35:0.9889967962):3.399291286):0.7101517261):0.7106711697,(((t4:0.497067066,t6:0.497067066):0.1890691028,t39:0.6861361688):5.049101727,(t19:2.6084663,(((t37:1.243904381,(t9:0.3265951971,(t10:0.2491831243,t5:0.2491831243):0.07741207288):0.9173091838):1.010940325,t27:2.254844706):0.2043793711,(t32:1.717294961,((t25:0.2050099687,t17:0.2050099687):1.392927285,t20:1.597937253):0.1193577072):0.7419291169):0.1492422226):3.126771596):0.07387308183):0.1431476459,(((t36:0.1306612322,t3:0.1306612322):0.9516068342,t30:1.082268066):4.357763201,((((t40:0.9029309797,t18:0.9029309797):1.357870445,t1:2.260801425):0.7532114076,t22:3.014012832):1.675965179,(t33:2.672881156,t21:2.672881156):2.017096855):0.7500532562):0.5122273566):8.386385376):17.16115976;
37|1.17245968765579|0.0822765084402636|0.6403211572906|(((t17:0.4734263565,t37:0.4734263565):0.9394119823,(t26:1.231138916,t7:1.231138916):0.1816994231):0.7887251422,((((((((t36:0.01603627946,t34:0.01603627946):0.2704584549,t27:0.2864947343):0.4008252228,(t35:0.3809876759,t21:0.3809876759):0.3063322812):0.2474648787,t23:0.9347848359):0.3204067624,((t1:0.5702390598,(t6:0.4628304436,(t22:0.4518359335,(t28:0.363298569,t25:0.363298569):0.08853736446):0.01099451007):0.1074086163):0.3440932801,(t15:0.6971102627,t20:0.6971102627):0.2172220773):0.3408592583):0.01655668097,((t10:0.9004129787,t5:0.9004129787):0.006443412023,(t33:0.3766758765,t8:0.3766758765):0.5301805142):0.3648918885):0.356492085,(((t2:0.7610554409,t31:0.7610554409):0.02365834711,((t9:0.4201076686,t32:0.4201076686):0.2432237619,(t24:0.5086944101,t19:0.5086944101):0.1546370204):0.1213823574):0.4782664449,(t30:0.8539145764,(t29:0.7941935832,((t13:0.0882223941,t18:0.0882223941):0.02462909663,(t16:0.0657610832,(t3:0.04572820578,(t11:0.007584316046,t14:0.007584316046):0.03814388973):0.02003287743):0.04709040752):0.6813420925):0.05972099325):0.4090656565):0.3652601313):0.1442053081,(t4:1.266028865,t12:1.266028865):0.5064168072):0.4291178087):0.3619913174;
13|0.987589509643149|0.404847653568722|0.713926196913235|(((t9:1.14702814,t1:1.14702814):0.1234788988,((((t7:0.2292369471,t2:0.2292369471):0.06527587696,(t13:0.2790478571,t4:0.2790478571):0.0154649669):0.3633274402,t12:0.6578402643):0.182365829,(t5:0.04776975381,t8:0.04776975381):0.7924363394):0.4303009455):0.03696338665,((t6:0.1217474322,t3:0.1217474322):0.9032768324,(t11:0.03359650072,t10:0.03359650072):0.9914277639):0.2824461607):3.93052692;
20|2.92491150979884|0.446959935049526|0.807594288373366|((((t5:0.0886778571,t4:0.0886778571):0.04964139289,(t19:0.09196007989,(t6:0.09048239994,t1:0.09048239994):0.00147767995):0.0463591701):0.5673141348,(t11:0.3027335665,(((t7:0.1246775818,t16:0.1246775818):0.01720022092,t10:0.1418778027):0.1050228119,t13:0.2469006146):0.05583295196):0.4028998183):0.261735634,(t8:0.5696525604,(((((t9:0.004423924003,t20:0.004423924003):0.06975974158,t17:0.07418366559):0.1459004581,t2:0.2200841237):0.05403194454,((t3:0.08287353321,(t18:0.06527911026,t12:0.06527911026):0.01759442295):0.05022026403,t14:0.1330937972):0.141022271):0.08365784676,t15:0.357773915):0.2118786454):0.3977164585):0.1861829151;
38|3.69360828242963|0.271563555963803|0.589942240621895|((((t36:0.05863872745,t5:0.05863872745):0.1874560967,t15:0.2460948241):0.4302383294,((t37:0.02311144413,t7:0.02311144413):0.5175085279,(((((t38:0.1210194591,t9:0.1210194591):0.2115916565,((t31:0.2042325064,t19:0.2042325064):0.04814155381,(t14:0.05135201531,t18:0.05135201531):0.2010220449):0.08023705536):0.01811336911,(t17:0.2345619306,t16:0.2345619306):0.116162554):0.0974699574,((t23:0.2922080266,(((t2:0.1042219589,t20:0.1042219589):0.09014570082,t10:0.1943676597):0.0275141064,(t6:0.06031135887,t35:0.06031135887):0.1615704072):0.07032626045):0.1321626153,(t34:0.2316473831,t33:0.2316473831):0.1927232588):0.02382380017):0.01327252719,(((t4:0.08810111502,(t1:0.04162416209,t24:0.04162416209):0.04647695293):0.1734920719,t12:0.2615931869):0.1384068175,t8:0.4000000044):0.06146696487):0.07915300281):0.1357131815):0.04333697069,(t32:0.4551724982,((((t22:0.06954587401,t21:0.06954587401):0.1311707307,(t29:0.1583405774,t30:0.1583405774):0.04237602735):0.04551004178,t25:0.2462266465):0.06933829011,((t11:0.2078838759,t3:0.2078838759):0.09207149459,(t26:0.2730255713,(t13:0.1931079885,(t27:0.09988965472,t28:0.09988965472):0.09321833375):0.07991758288):0.02692979915):0.01560956612):0.1396075616):0.264497626):0.1188442528;
23|1.08919670165982|0.328167659686878|0.874877365189604|((((((t19:0.6151113128,((t15:0.2404988691,t21:0.2404988691):0.0410104058,t18:0.2815092749):0.3336020379):0.2086706563,t4:0.823781969):0.1044537038,t14:0.9282356729):0.7583613302,(t20:1.125601114,(((t16:0.1915927358,t17:0.1915927358):0.6196062972,t10:0.811199033):0.2964926509,(t6:0.1033537078,t11:0.1033537078):1.004337976):0.01790942973):0.5609958895):0.5080293471,t13:2.19462635):0.6887914698,(((t9:1.576312942,t1:1.576312942):0.1953368409,(t22:0.1692276707,t8:0.1692276707):1.602422112):0.06386279716,((t2:0.8119529446,(t5:0.5494149089,(t12:0.08340706795,t3:0.08340706795):0.466007841):0.2625380357):0.6847176333,(t23:0.36183441,t7:0.36183441):1.134836168):0.3388420018):1.04790524):0.4632721815;
35|1.40774982559728|0.0449277544789948|0.633787940256298|(((((t27:0.7587943809,t33:0.7587943809):0.2033881437,(t10:0.2909290558,(t23:0.2220489086,t16:0.2220489086):0.06888014726):0.6712534687):0.1384086537,((t15:0.3151529822,t25:0.3151529822):0.6096155831,(((t26:0.3258013756,t28:0.3258013756):0.2131924531,t19:0.5389938287):0.06840801631,((t1:0.5355527151,(t20:0.4003027136,t21:0.4003027136):0.1352500015):0.006393336505,t30:0.5419460516):0.06545579337):0.3173667202):0.175822613):0.01042629044,((t12:0.1530370776,t5:0.1530370776):0.4410161108,((t31:0.1079851047,t4:0.1079851047):0.1711981968,(t6:0.1148359096,t8:0.1148359096):0.1643473919):0.3148698869):0.5169642803):0.6474991282,(((t3:0.8937717449,(t29:0.8589214611,(t13:0.02179164209,t14:0.02179164209):0.837129819):0.03485028381):0.4097239258,(((t18:0.04546999651,t17:0.04546999651):0.8349086299,t7:0.8803786264):0.3418192015,(t2:0.8518031491,(t34:0.7084561124,(t11:0.4775248797,(t35:0.2025622022,t22:0.2025622022):0.2749626775):0.2309312327):0.1433470367):0.3703946788):0.08129784284):0.2970288544,((t9:0.08533683655,t32:0.08533683655):1.51060332,t24:1.595940157):0.004584368405):0.1579920718):0.9624279697;
30|2.07282012290321|0.0552416924200952|0.639581599738449|(((t9:0.1473780952,t26:0.1473780952):1.256958291,(((t19:0.05332748501,t7:0.05332748501):0.2770242482,((t25:0.06987285963,t8:0.06987285963):0.1270321591,t24:0.1969050188):0.1334467145):0.8446009472,((t22:0.466735053,((t27:0.1081445269,t15:0.1081445269):0.2725316644,(((t29:0.2369418276,t5:0.2369418276):0.06183839746,t28:0.298780225):0.04894050162,t23:0.3477207266):0.03295546468):0.08605886165):0.5464380213,t13:1.013173074):0.1617796061):0.2293837054):0.1812619285,((t3:0.5903178637,t14:0.5903178637):0.6286162775,(((((t10:0.1110726237,(t1:0.0333001021,t20:0.0333001021):0.07777252157):0.02668351732,t30:0.137756141):0.1311130719,t21:0.2688692129):0.7062839696,((t6:0.1754865117,t11:0.1754865117):0.5416440559,t16:0.7171305676):0.2580226149):0.1002875433,((t17:0.3827135746,(t12:0.3750807505,t18:0.3750807505):0.007632824098):0.07695264362,(t2:0.08953721108,t4:0.08953721108):0.3701290072):0.6157745076):0.1434934153):0.3666641732):0.1627329173;
16|0.675462441579439|0.121044880903792|0.90369106864091|(((((t10:0.9187430172,t7:0.9187430172):0.3032475843,t16:1.221990601):0.2582944789,(t13:0.4779881795,t14:0.4779881795):1.002296901):0.5034076488,((t5:1.587422847,t12:1.587422847):0.2061210608,t6:1.793543908):0.1901488216):0.08700080521,(((t15:0.0883006543,t9:0.0883006543):0.2291090811,t11:0.3174097354):0.7323792395,((t2:1.008226239,((t4:0.06917191796,t1:0.06917191796):0.0410149573,t3:0.1101868753):0.8980393638):0.004725474656,t8:1.012951714):0.03683726113):1.02090456):2.78350529;
39|0.653581197645981|0.45798083816655|0.554738485487178|(((((t10:0.4215473032,(((t12:0.1328315885,t11:0.1328315885):0.1578531564,t20:0.2906847448):0.05615073663,t3:0.3468354815):0.07471182176):0.03576310066,t37:0.4573104039):1.507584627,((t17:0.5915711462,t15:0.5915711462):0.2489084128,(t21:0.5402712532,t35:0.5402712532):0.3002083058):1.124415472):1.721636678,((t36:0.6159989487,t6:0.6159989487):2.531548803,(((((t2:0.227550723,t28:0.227550723):0.01695499835,(t4:0.161473707,t16:0.161473707):0.08303201438):0.293883173,t32:0.5383888943):1.064566016,((t18:0.03703477364,t31:0.03703477364):0.2484061912,t24:0.2854409649):1.317513946):0.7173383578,(t14:0.7673058972,t19:0.7673058972):1.552987371):0.827254483):0.5389839573):2.040121766,((((((t8:0.3998234756,(t7:0.217308854,t22:0.217308854):0.1825146217):0.1441644807,t13:0.5439879564):0.3090751262,(t1:0.6119274076,t39:0.6119274076):0.2411356751):0.4098370277,((t26:0.4572206657,(t34:0.4012164059,t9:0.4012164059):0.05600425978):0.2711222029,t23:0.7283428686):0.5345572418):2.996250575,((t30:1.342873567,t33:1.342873567):0.2960284499,t25:1.638902017):2.620248668):0.9358546786,((t38:1.695267266,(t29:0.8324052131,t5:0.8324052131):0.8628620531):0.04826042961,t27:1.743527696):3.451477668):0.5316481109):0.5380491134;
22|2.54627671089256|0.118609720941167|0.717841910198331|((((t2:0.12478001,t16:0.12478001):0.4532615153,t20:0.5780415253):0.2782891821,(((t19:0.1606367839,(t11:0.05566270879,t8:0.05566270879):0.1049740751):0.05124156858,(t6:0.1011111206,t4:0.1011111206):0.1107672319):0.5021985711,t21:0.7140769235):0.142253784):0.1945598935,(((t10:0.2654060989,t9:0.2654060989):0.2573951498,(((t7:0.2063328552,((t5:0.1698993638,t14:0.1698993638):0.03292613126,(t3:0.1810704356,t1:0.1810704356):0.02175505947):0.003507360153):0.03356264795,(t13:0.02142382968,t22:0.02142382968):0.2184716735):0.08931760204,(t15:0.07862094766,(t17:0.05261054993,t18:0.05261054993):0.02601039773):0.2505921575):0.1935881435):0.2094941503,t12:0.732295399):0.3185952019):0.1282548549;
23|1.36472242766991|0.0232040136028081|0.775520739378408|((((t19:0.7123675031,(t21:0.3500466998,(t15:0.2430801684,t14:0.2430801684):0.1069665314):0.3623208033):0.2262475782,((t20:0.393605599,((t1:0.3082503804,t2:0.3082503804):0.007529061614,(t23:0.09928812475,t7:0.09928812475):0.2164913172):0.07782615706):0.33670237,(t16:0.6384116845,(t11:0.03485451902,t10:0.03485451902):0.6035571654):0.0918962846):0.2083071123):0.5905861776,((t8:0.7704659874,t13:0.7704659874):0.181048573,(t12:0.6399652567,(t18:0.1863721447,t5:0.1863721447):0.453593112):0.3115493037):0.5776866985):0.9268805327,((((t22:0.2789982173,t17:0.2789982173):0.3193038853,t9:0.5983021027):0.9537290174,t6:1.55203112):0.7273215693,(t4:1.491417701,t3:1.491417701):0.7879349882):0.1767291023):0.5849641385;
12|2.73937099274714|0.0735918821906671|0.701055150129832|(t4:1.656833198,(((((t3:0.09215804352,t11:0.09215804352):0.009295784345,(t6:0.07378905817,t2:0.07378905817):0.02766476969):0.03744309099,t7:0.1388969188):0.003342754593,t8:0.1422396734):0.6314416836,((t10:0.2849051759,t1:0.2849051759):0.4017961612,((t5:0.1150291496,t12:0.1150291496):0.2737166471,t9:0.3887457967):0.2979555404):0.08698001987):0.8831518413):0.320648863;
35|0.939507527293172|0.479318684162572|0.818078628741205|((((((((t20:0.2827339645,t17:0.2827339645):0.1736816841,t26:0.4564156486):0.1788619279,(t10:0.5317965231,t12:0.5317965231):0.1034810534):0.1379711047,((t6:0.3551376598,(t11:0.1419646334,t33:0.1419646334):0.2131730264):0.100441459,t8:0.4555791188):0.3176695623):0.08566158349,((((t23:0.2644477772,(t21:0.1568172785,t25:0.1568172785):0.1076304987):0.02905798353,t3:0.2935057607):0.3467562982,t22:0.6402620589):0.1162820915,(t35:0.2894448005,t14:0.2894448005):0.4670993499):0.1023661143):0.801125583,t19:1.660035848):0.9006670776,(t28:0.1084934248,t32:0.1084934248):2.452209501):0.8984295461,(((t27:0.3512842585,(t34:0.2668877768,t1:0.2668877768):0.08439648167):1.642001663,(((t24:0.4072135102,t7:0.4072135102):0.8585633614,t31:1.265776872):0.5245021019,t13:1.790278974):0.2030069477):0.3092155371,((t18:0.7571572553,((t16:0.2218112383,t9:0.2218112383):0.08119380117,(t29:0.1761922309,((t15:0.04367533061,t30:0.04367533061):0.1200158356,t4:0.1636911662):0.01250106473):0.1268128085):0.4541522159):0.1104126287,(t2:0.374552046,t5:0.374552046):0.4930178381):1.434931574):1.156631013):1.71023643;
31|2.31342254549032|0.313087696861476|0.685642987838946|(((((t24:0.004646624593,t17:0.004646624593):0.6870070016,t25:0.6916536262):0.04800156051,(t1:0.6844297345,(((t19:0.1668508872,t11:0.1668508872):0.3308915785,t8:0.4977424657):0.06497642875,((t14:0.02500705521,t26:0.02500705521):0.01183606314,t20:0.03684311835):0.5258757761):0.1217108401):0.05522545219):0.1558629077,(((t7:0.2813836095,(t13:0.2715662725,((t30:0.03172259105,t4:0.03172259105):0.133367185,t9:0.165089776):0.1064764964):0.00981733702):0.1985057733,t21:0.4798893828):0.2635623943,t2:0.7434517772):0.1520663173):0.6450307817,((((t10:0.00972085244,t5:0.00972085244):0.4534624579,(((t23:0.06654961415,(t29:0.05597825818,t22:0.05597825818):0.01057135597):0.02422762362,(t27:0.05817889443,t18:0.05817889443):0.03259834333):0.174362535,t15:0.2651397728):0.1980435375):0.04118210681,(t6:0.0675486734,(t31:0.05926962096,t12:0.05926962096):0.008279052435):0.4368167437):1.006531527,(t28:0.04356077345,(t3:0.03947305502,t16:0.03947305502):0.004087718431):1.467336171):0.02965193197):1.48470708;
21|1.25749704620102|0.273928143295925|0.920074647292495|((((t4:0.1758441272,t10:0.1758441272):0.5590834978,t8:0.734927625):1.289025272,((((t13:0.307406291,(t3:0.08921325685,t11:0.08921325685):0.2181930341):0.447579722,(t19:0.3273109781,t17:0.3273109781):0.4276750348):0.1232170703,(t9:0.226042717,t21:0.226042717):0.6521603662):0.2889580435,(t14:0.9486074436,t6:0.9486074436):0.2185536832):0.8567917704):0.002495081474,(((t1:0.4808957169,t12:0.4808957169):1.158863131,(((t18:0.08181717413,t5:0.08181717413):0.187130688,t16:0.2689478621):0.4050864766,(t2:0.02169929582,t7:0.02169929582):0.6523350428):0.9657245093):0.2976680529,(t20:0.4223302169,t15:0.4223302169):1.515096684):0.08902107787):2.994712421;
38|2.7848280321178|0.468014644682407|0.66024730517529|((((t29:0.2720706404,t36:0.2720706404):0.70507471,t16:0.9771453504):0.239389057,(((((t17:0.09897981175,t22:0.09897981175):0.004836664386,t23:0.1038164761):0.157159563,(t4:0.03867928047,t14:0.03867928047):0.2222967587):0.04508158465,t31:0.3060576238):0.6696334584,((t38:0.1855698668,t11:0.1855698668):0.5505047454,(t5:0.7216945563,((t34:0.2074197464,(t26:0.1792485101,(t27:0.02560228362,t12:0.02560228362):0.1536462264):0.02817123636):0.3747168409,(t8:0.3661743889,t24:0.3661743889):0.2159621984):0.139557969):0.01438005595):0.23961647):0.2408433252):0.05146327766,(((t21:0.05363130169,t30:0.05363130169):0.01227698003,t32:0.06590828172):1.128609332,((t20:0.7020557211,(((t3:0.1390146642,(t13:0.1054258168,t37:0.1054258168):0.03358884733):0.08479555963,(t10:0.2143205691,t1:0.2143205691):0.00948965471):0.278232476,((t25:0.02093093952,t18:0.02093093952):0.206037217,(t19:0.05529465976,t9:0.05529465976):0.1716734967):0.2750745434):0.2000130213):0.146807144,(t6:0.8464501682,((((t15:0.03477352506,t35:0.03477352506):0.03496961973,t28:0.06974314478):0.1917745484,(t33:0.1689667695,t7:0.1689667695):0.09255092369):0.03768839276,t2:0.2992060859):0.5472440823):0.002412696913):0.345654749):0.07348007099):0.07624523793;
17|3.02251975587569|0.498805617103353|0.798208733554929|((t10:0.5354745179,((((t6:0.03931947699,t12:0.03931947699):0.1157446295,t15:0.1550641065):0.0190477088,(t14:0.1312357993,t17:0.1312357993):0.04287601606):0.2561011026,(t4:0.1221880153,(t2:0.0542539914,t11:0.0542539914):0.06793402392):0.3080249026):0.1052615999):0.07579638004,(((t3:0.1064349635,t1:0.1064349635):0.05192773308,((t5:0.06672286434,t13:0.06672286434):0.04265283983,t7:0.1093757042):0.04898699239):0.4078595243,((t8:0.02069175152,t16:0.02069175152):0.09637988144,t9:0.117071633):0.4491505879):0.04504867705):0.1626283317;
39|3.67050729874987|0.433462110646069|0.904333721729927|((((((t21:0.0038293347,t37:0.0038293347):0.2648911412,((t19:0.03575605008,t10:0.03575605008):0.005582626424,t11:0.04133867651):0.2273817994):0.06177841659,(((t12:0.05146580938,(t24:0.002370866198,t35:0.002370866198):0.04909494318):0.08620276532,t5:0.1376685747):0.04396877219,(t14:0.1254305828,(t18:0.08756461349,(t32:0.00623004457,t8:0.00623004457):0.08133456892):0.03786596927):0.05620676413):0.1488615456):0.1400493249,((t17:0.0742108082,(t28:0.03663420776,t31:0.03663420776):0.03757660044):0.1040280622,((t25:0.1207192294,(t30:0.08461202149,t6:0.08461202149):0.03610720796):0.03670421116,(t13:0.07958692162,t27:0.07958692162):0.07783651898):0.0208154298):0.292309347):0.03491727999,((t15:0.1066262269,(((t20:0.01527490021,t38:0.01527490021):0.04694259822,(t1:0.01928901118,(t2:0.01148887045,t29:0.01148887045):0.007800140731):0.04292848724):0.01473814544,t33:0.07695564387):0.02967058308):0.3189439308,(((t9:0.04331335039,(t4:0.0305057588,t26:0.0305057588):0.0128075916):0.07831380338,t36:0.1216271538):0.2643479928,t3:0.3859751466):0.03959501109):0.07989533969):0.01210740056,((t16:0.05085165054,t39:0.05085165054):0.06760285512,(t34:0.03139715624,(t23:0.03073432612,(t22:0.003186912576,t7:0.003186912576):0.02754741354):0.0006628301212):0.08705734942):0.3991183923):0.0813499471;
37|3.00763700107811|0.31725888208719|0.989812297164463|(((((((t32:0.01313675352,t2:0.01313675352):0.3544059018,((t17:0.09757813403,t26:0.09757813403):0.1457866819,((t36:0.02726762157,t13:0.02726762157):0.2058630131,(t24:0.1062913905,t12:0.1062913905):0.1268392442):0.01023418127):0.1241778394):0.1439143525,((t18:0.06285096119,t11:0.06285096119):0.06642260949,t14:0.1292735707):0.3821834371):0.1257960906,((t16:0.4013064402,t25:0.4013064402):0.2087835855,(t21:0.3909042795,(t1:0.1019290828,t30:0.1019290828):0.2889751967):0.2191857461):0.0271630728):0.1124649812,((t35:0.03936309756,(t28:0.005673089704,t4:0.005673089704):0.03369000785):0.561068177,t29:0.6004312745):0.1492868051):0.1423936337,(t8:0.0280432428,t22:0.0280432428):0.8640684705):0.5146125306,(((t33:0.1731882996,t9:0.1731882996):0.2108081482,(t15:0.2943856214,((t27:0.2437461265,(t7:0.199817856,(t20:0.1375438278,t10:0.1375438278):0.06227402818):0.04392827055):0.004980211264,((t6:0.04726614442,t3:0.04726614442):0.08487188475,(t23:0.06467159311,t19:0.06467159311):0.06746643606):0.1165883086):0.04565928366):0.08961082631):0.0887033815,((t31:0.02321866646,t5:0.02321866646):0.1013288082,(t34:0.09036966741,t37:0.09036966741):0.03417780729):0.3481523545):0.9340244147):0.4032171092;
40|1.84153120229254|0.107879186049104|0.789814693853259|(((((((t16:0.1743079412,t30:0.1743079412):0.01045673327,t29:0.1847646745):0.5477819956,((t11:0.2723243725,t6:0.2723243725):0.1466962002,(t38:0.3229197601,(t14:0.1580683929,t19:0.1580683929):0.1648513672):0.09610081259):0.3135260974):0.2011654459,(t21:0.6347676633,(t32:0.1514101743,t9:0.1514101743):0.483357489):0.2989444527):0.03907197364,((t1:0.001194673197,t24:0.001194673197):0.002457459887,t27:0.003652133084):0.9691319565):0.09782255138,((t22:0.7562236153,t5:0.7562236153):0.1673897174,((t12:0.3742622072,t39:0.3742622072):0.08677706762,(t13:0.451570549,t4:0.451570549):0.009468725898):0.4625740579):0.1469933082):0.2365439371,(((t15:0.4248896588,(t10:0.1381832713,(t18:0.04678958722,t28:0.04678958722):0.09139368409):0.2867063875):0.4255074966,(((t7:0.1025344031,t25:0.1025344031):0.1421616393,((t34:0.09490022571,t20:0.09490022571):0.1106746725,t35:0.2055748982):0.03912114413):0.1276163026,(t31:0.2619728688,t33:0.2619728688):0.110339476):0.4780848106):0.2182072395,((((t37:0.0533478187,t3:0.0533478187):0.283416202,t26:0.3367640207):0.03655352628,t23:0.373317547):0.4970137879,((((t17:0.04785756352,t36:0.04785756352):0.0814170226,t2:0.1292745861):0.02597445756,t8:0.1552490437):0.6588564595,t40:0.8141055032):0.05622583165):0.1982730601):0.2385461832):0.6624847553;
22|2.72879534893902|0.456258151044603|0.509797185542993|((t14:1.148495796,((t21:0.009102481443,t3:0.009102481443):0.8055792666,(t20:0.6417281346,((t15:0.330573348,(t11:0.2481340104,t5:0.2481340104):0.08243933764):0.10907243,t22:0.439645778):0.2020823566):0.1729536135):0.3338140479):0.07423835952,(((t10:0.1065957737,t8:0.1065957737):0.3326001886,t6:0.4391959623):0.4659161107,((((t18:0.029899413,t2:0.029899413):0.4370682627,(t9:0.4123896843,(t4:0.03267570574,t1:0.03267570574):0.3797139785):0.05457799149):0.235305082,(t7:0.3903148534,(t13:0.01245151259,t12:0.01245151259):0.3778633408):0.3119579043):0.1503292442,(t19:0.238741514,(t16:0.1182296035,t17:0.1182296035):0.1205119104):0.613860488):0.05251007108):0.3176220825):1.94942924;
46|2.07229936123127|0.477288728877902|0.574411205016077|((((t8:0.490039405,t37:0.490039405):0.6319471676,(((t5:0.1312135246,t15:0.1312135246):0.01729981881,t44:0.1485133434):0.8156797409,(t12:0.9097976858,((t30:0.8149358066,t25:0.8149358066):0.04806268993,(((t45:0.09186378324,((t24:0.001815697213,t38:0.001815697213):0.08728552362,t20:0.08910122084):0.002762562401):0.3759861531,t16:0.4678499363):0.03850430273,((t26:0.10385343,t1:0.10385343):0.2709455512,(t46:0.1516188748,t27:0.1516188748):0.2231801064):0.1315552579):0.3566442575):0.04679918918):0.05439539854):0.1577934882):0.745388062,((t23:0.05140430784,t3:0.05140430784):0.235628447,(t14:0.2383778805,t18:0.2383778805):0.04865487429):1.58034188):1.843452269,(((((t6:0.3062020248,(t36:0.1852348996,(t7:0.1296412626,t28:0.1296412626):0.05559363698):0.1209671252):0.1334932471,(t29:0.4373721007,t9:0.4373721007):0.002323171186):0.2143568761,((t34:0.3610749689,t39:0.3610749689):0.2791708901,t10:0.640245859):0.01380628903):0.1342674124,t21:0.7883195604):1.696796943,(((t41:0.3020632887,(t40:0.136999258,(t11:0.009741303348,t33:0.009741303348):0.1272579547):0.1650640307):0.0257395638,(t19:0.01844027688,t4:0.01844027688):0.3093625756):1.150736765,(((t17:0.2582186996,t35:0.2582186996):0.8043089145,(t2:0.02470260707,t32:0.02470260707):1.037825007):0.1501406417,(((t22:0.1159953561,t31:0.1159953561):0.2584785869,t42:0.374473943):0.2507918251,(t43:0.2601525657,t13:0.2601525657):0.3651132024):0.5874024878):0.2658713612):1.006576886):1.2257104):0.1736996566;
39|2.763932269949|0.168600001984742|0.823409076896496|((((((t27:0.1789585084,t22:0.1789585084):0.04003574593,t14:0.2189942543):0.03924485893,((t9:0.01343931478,t5:0.01343931478):0.1128816571,t37:0.1263209719):0.1319181414):0.1670778262,t33:0.4253169394):0.6377105083,(t32:0.6364583686,(t31:0.5150864598,((t24:0.4401023286,(t17:0.1614002798,(t2:0.1233720098,(t30:0.1016036114,(t8:0.009841347163,t36:0.009841347163):0.09176226423):0.02176839844):0.03802826998):0.2787020488):0.04599753432,(t23:0.1308438313,t6:0.1308438313):0.3552560316):0.02898659685):0.1213719088):0.4265690791):0.6111364645,(((t28:0.04485101556,t16:0.04485101556):0.9674764828,(((t12:0.3880757416,t3:0.3880757416):0.2617982004,((t34:0.1092251131,t25:0.1092251131):0.5147837033,(t39:0.2023804085,t7:0.2023804085):0.421628408):0.02586512548):0.2943509906,(((t20:0.127345179,(t35:0.05805665671,t10:0.05805665671):0.06928852227):0.06846124797,t38:0.1958064269):0.1872898929,t15:0.3830963198):0.5611286127):0.06810256586):0.05871901945,((((t4:0.03691890076,t11:0.03691890076):0.2593001319,(t18:0.1156925455,(t19:0.07823638848,t21:0.07823638848):0.03745615698):0.1805264872):0.07653793138,(t13:0.0314637427,t26:0.0314637427):0.3412932213):0.405919689,(t29:0.1439306301,t1:0.1439306301):0.6347460229):0.2923698649):0.6031173943):0.3102215872;
24|2.6352903274796|0.305832480746321|0.560937315109186|((t9:0.4693640964,(t15:0.4617229746,(t2:0.0974765786,t23:0.0974765786):0.364246396):0.007641121748):0.6570147448,(((t24:0.1350098938,t21:0.1350098938):0.3391149564,t11:0.4741248502):0.6310160081,(((t20:0.5945994438,(((t7:0.01286621929,t22:0.01286621929):0.03101546523,t18:0.04388168451):0.2717007268,(((t8:0.1283445963,t6:0.1283445963):0.04757906552,t14:0.1759236618):0.06977713615,(((t17:0.09188344258,t19:0.09188344258):0.009221698004,t16:0.1011051406):0.01288686073,t3:0.1139920013):0.1317087966):0.06988161334):0.2790170325):0.02947134024,t13:0.6240707841):0.2284360249,(((t10:0.02773847654,t4:0.02773847654):0.01234719196,t12:0.04008566849):0.3623984488,(t5:0.07876755516,t1:0.07876755516):0.3237165621):0.4500226916):0.2526340494):0.02123798287):0.7460138774;
47|1.28034043184714|0.356299139880575|0.90310925769154|((((((t25:0.1029370637,t24:0.1029370637):1.157235341,(t34:0.5268855318,t13:0.5268855318):0.7332868731):0.1656248657,(((t16:0.2323322852,t37:0.2323322852):0.3830759978,((t32:0.264076272,(t40:0.01374582792,t22:0.01374582792):0.2503304441):0.1629718802,(t46:0.2166843254,t14:0.2166843254):0.2103638269):0.1883601308):0.1420334396,(t6:0.06556482978,t12:0.06556482978):0.6918768929):0.668355548):0.214537314,((t36:0.457755118,(t33:0.2813643614,t4:0.2813643614):0.1763907566):0.8762776947,t9:1.334032813):0.306301772):0.1441797182,(((t3:0.1215451042,t35:0.1215451042):0.5961867886,((t5:0.4330518067,((t30:0.08364776262,t19:0.08364776262):0.2306971788,(t10:0.2996724207,t2:0.2996724207):0.01467252073):0.1187068653):0.05213882924,t26:0.485190636):0.2325412568):0.1754510085,(t47:0.3914566608,t39:0.3914566608):0.5017262404):0.8913314016):3.468679612,((t11:0.4791984407,((t21:0.1804964991,t15:0.1804964991):0.08949719185,t27:0.2699936909):0.2092047498):0.6503374316,((((t7:0.4855764415,(t17:0.227152247,t8:0.227152247):0.2584241945):0.06647495079,((t18:0.1346112428,t1:0.1346112428):0.2165766131,(t44:0.2679499158,(t42:0.1722402158,(t29:0.06835171696,t31:0.06835171696):0.1038884989):0.09570969999):0.08323794016):0.2008635363):0.3936246438,t43:0.9456760361):0.01430949827,((t38:0.5756532651,((t23:0.3774716092,t28:0.3774716092):0.01464220199,t20:0.3921138112):0.1835394539):0.04501014791,(t41:0.1603054152,t45:0.1603054152):0.4603579979):0.3393221213):0.1695503379):4.123658043):0.3117724573;
21|3.57068311428418|0.482414217190817|0.882695066160522|((((((t14:0.06586181283,(t20:0.01129001815,t15:0.01129001815):0.05457179468):0.04150029032,(t12:0.04664796534,(t8:0.01047382135,t1:0.01047382135):0.036174144):0.06071413781):0.0616548211,((t9:0.0204267118,t3:0.0204267118):0.06765948327,t6:0.08808619506):0.08093072919):0.1439914472,(t11:0.123311024,(t17:0.02370691253,t21:0.02370691253):0.0996041115):0.1896973474):0.05574782512,(t4:0.1351114968,((t2:0.0164483942,t16:0.0164483942):0.1176414556,(t7:0.07474831304,((t5:0.01524824566,t10:0.01524824566):0.01504363142,t13:0.03029187708):0.04445643596):0.05934153673):0.001021647025):0.2336446998):0.08227410627,(t19:0.0148437504,t18:0.0148437504):0.4361865525):0.1834116636;
41|0.81260296667926|0.42268050835235|0.743744002073072|(((((t17:0.51742757,t4:0.51742757):1.267985111,(t13:0.3518899349,t10:0.3518899349):1.433522747):1.543596131,(t26:1.452396306,(((t37:0.614454171,t15:0.614454171):0.1818700094,t34:0.7963241803):0.3674222406,((t22:0.1766497197,t23:0.1766497197):0.3400958679,t7:0.5167455876):0.6470008334):0.2886498851):1.876612506):0.5055620275,(((t2:0.2354025453,t39:0.2354025453):1.086256861,(((t1:0.8063446306,(t28:0.7397880072,t6:0.7397880072):0.06655662336):0.2009826356,((t20:0.01087987371,t27:0.01087987371):0.07977396662,t32:0.09065384033):0.9166734259):0.002360638039,t5:1.009687904):0.3119715018):2.414301659,(((t16:0.9653948068,t8:0.9653948068):1.473329299,((t33:0.317856383,t35:0.317856383):1.795244296,((t25:0.04423617339,t18:0.04423617339):0.2432542094,(t14:0.06190897477,t24:0.06190897477):0.225581408):1.825610296):0.3256234269):0.07480188149,t41:2.513525987):1.222435078):0.09860977438):0.01561799237,(((t3:0.365117296,t38:0.365117296):1.055838803,((t21:0.02500189542,t40:0.02500189542):1.09834245,((t11:0.5715579613,t12:0.5715579613):0.2778123436,t30:0.8493703049):0.2739740406):0.2976117536):0.8895286977,(t19:1.194849301,(((t9:0.1832072456,t36:0.1832072456):0.02030289737,t29:0.203510143):0.4744106796,t31:0.6779208226):0.5169284786):1.115635496):1.539704035):3.561033863;
48|2.14990163027542|0.31164525935892|0.99370756407734|((t32:0.5606238765,(((t36:0.03816170511,t11:0.03816170511):0.01591008035,t10:0.05407178546):0.03267384455,(t19:0.04864779636,t35:0.04864779636):0.03809783365):0.4738782465):0.7643607996,((t22:1.168095337,((t38:0.8219649499,(((t48:0.1261370939,t7:0.1261370939):0.5365342129,(t12:0.3850450837,t47:0.3850450837):0.277626223):0.01708409978,(((t23:0.1088730786,(((t2:0.03212693107,t17:0.03212693107):0.02030288784,t46:0.05242981891):0.02001991247,t34:0.07244973138):0.03642334718):0.2815230466,t3:0.3903961251):0.09214991729,(t9:0.07112450738,(t28:0.04741398157,t43:0.04741398157):0.02371052581):0.4114215351):0.1972093641):0.1422095434):0.3033575332,((t30:0.7046465634,t44:0.7046465634):0.3803258153,(t26:0.361750963,((t45:0.04141582016,t14:0.04141582016):0.2179745366,(t33:0.1779305995,(t21:0.03327192995,t1:0.03327192995):0.1446586696):0.08145975719):0.1023606063):0.7232214157):0.04035010437):0.04277285396):0.07828888818,(((((t16:0.3790884587,((t27:0.01063228232,t37:0.01063228232):0.03154368874,t6:0.04217597106):0.3369124876):0.02363049793,((t42:0.206054727,t25:0.206054727):0.02199917064,t24:0.2280538976):0.174665059):0.07903986083,(t15:0.2990612365,(t40:0.1326869985,t41:0.1326869985):0.166374238):0.1826975809):0.02719248724,((t20:0.1226706767,(t39:0.08900591241,t4:0.08900591241):0.03366476429):0.1712531932,(((t8:0.06152360108,t29:0.06152360108):0.04089961865,t18:0.1024232197):0.1803542689,t31:0.2827774886):0.01114638129):0.2150274348):0.3374142463,(t13:0.3224752157,t5:0.3224752157):0.5238903353):0.4000186742):0.07860045091):0.2048208322;
16|2.379268499834|0.378139833523892|0.826756631024182|((((((t14:0.1008690441,t3:0.1008690441):0.1365162045,t13:0.2373852487):0.05660454948,t9:0.2939897982):0.02401830464,((t8:0.05693888656,t10:0.05693888656):0.2075384914,(((t16:0.0172286167,t15:0.0172286167):0.01029523674,t2:0.02752385345):0.02262596209,t7:0.05014981554):0.2143275624):0.05353072485):0.0585454777,((t4:0.1076206846,t5:0.1076206846):0.1872901511,t1:0.2949108357):0.08164274482):0.2219395078,((t11:0.2479277108,t12:0.2479277108):0.01911575038,t6:0.2670434612):0.3314496272):0.1178263722;
28|2.30273174448172|0.183937642769888|0.753441777196713|(((((t12:0.2946165831,(t9:0.1259786172,(t10:0.03592592004,t24:0.03592592004):0.09005269714):0.168637966):0.09194182188,(t26:0.1284736211,t15:0.1284736211):0.2580847839):0.2157785562,((t13:0.02192622906,t2:0.02192622906):0.265888394,(((t22:0.120341456,t16:0.120341456):0.08793348605,(t28:0.01745114948,t23:0.01745114948):0.1908237926):0.01889802329,t21:0.2271729653):0.06064165777):0.3145223382):0.8053885371,((t1:0.1078787774,t14:0.1078787774):0.5308244529,t25:0.6387032304):0.769022268):0.03572343147,((t19:0.2512693739,t27:0.2512693739):0.5854498189,((((t6:0.03672177869,t5:0.03672177869):0.3222052087,t17:0.3589269874):0.08513958804,(t8:0.1887662084,t3:0.1887662084):0.2553003671):0.2777889846,((t11:0.0008762463057,t4:0.0008762463057):0.6296886274,((t7:0.2801951442,t20:0.2801951442):0.05029878385,t18:0.330493928):0.3000709457):0.0912906864):0.1148636327):0.6067297371):0.09043470144;
49|0.426681115366519|0.311054180008359|0.943871260387823|((((((t6:2.404337337,(((t49:1.567317948,t16:1.567317948):0.231738524,(t35:1.569380108,t13:1.569380108):0.2296763638):0.5744196846,(t42:0.4350311642,t3:0.4350311642):1.938444992):0.03086118074):0.4146696878,(t23:1.509013596,t38:1.509013596):1.309993429):0.5749250123,((((t30:1.034894697,(t40:0.308287657,t26:0.308287657):0.72660704):0.9128490029,t48:1.9477437):1.088659983,(t21:2.707071033,(((t19:0.9796645771,t20:0.9796645771):0.2885228547,(t5:0.7705257558,(t10:0.2611416982,t47:0.2611416982):0.5093840576):0.497661676):0.07310461315,t43:1.341292045):1.365778988):0.3293326496):0.1195826536,((t28:0.06203080585,t39:0.06203080585):1.315450401,(t8:0.4438788992,(t18:0.068706424,t41:0.068706424):0.3751724752):0.9336023073):1.77850513):0.2379457009):0.3227495341,(t4:3.084950582,(t29:1.790879452,t17:1.790879452):1.29407113):0.6317309894):0.6498664586,((t15:0.4222511442,t45:0.4222511442):1.364232809,(((t12:0.5120081105,t32:0.5120081105):0.2576262806,t25:0.7696343912):0.1137005215,t14:0.8833349126):0.9031490408):2.580064077):0.5322504476,((((t44:0.8982527527,t1:0.8982527527):0.6581417237,(t22:1.462700741,(((t24:0.2736528045,(t9:0.01049340282,t7:0.01049340282):0.2631594017):0.09274224029,t33:0.3663950448):0.3235146414,(t31:0.1923586472,t46:0.1923586472):0.4975510389):0.7727910551):0.09369373521):0.5446355139,((t37:0.3142714064,t36:0.3142714064):1.740861749,(t11:0.8474805623,t27:0.8474805623):1.207652593):0.04589683506):2.294266997,(t34:3.115977901,t2:3.115977901):1.279319086):0.5035014907):2.269131445;
15|3.29177219075849|0.358893470852636|0.581400681403466|(((t4:0.5097098499,(t15:0.363945094,t14:0.363945094):0.1457647558):0.1494619292,(t2:0.6078642638,t12:0.6078642638):0.05130751528):0.02809659344,(((t1:0.3180027177,(((t13:0.006103281482,t9:0.006103281482):0.06486694683,t3:0.07097022831):0.134525321,t10:0.2054955493):0.1125071684):0.1821248108,((t7:0.1423801862,t5:0.1423801862):0.09464996014,t6:0.2370301463):0.2630973822):0.1137827014,(t11:0.5825658813,t8:0.5825658813):0.03134434852):0.0733581427):0.1020052307;
14|1.95791482757078|0.401557072359137|0.904042749200016|((((t3:0.3126508611,t1:0.3126508611):0.03623171513,(t11:0.2409673923,(t14:0.1461870066,t10:0.1461870066):0.09478038564):0.1079151839):0.7989635485,((t9:0.05696780717,t2:0.05696780717):0.5797423908,(t8:0.2123107541,(t6:0.06535285796,t4:0.06535285796):0.1469578962):0.4243994438):0.5111359268):0.3262803253,(t5:0.500335887,((t13:0.2226004276,t7:0.2226004276):0.1529107006,t12:0.3755111282):0.1248247588):0.9737905631):0.4974299414;
12|2.404992329753|0.400324435515795|0.872909744502977|((((t4:0.09033862826,t7:0.09033862826):0.1509007614,t12:0.2412393897):0.3683808973,(((t6:0.1259303208,t11:0.1259303208):0.1007819655,t8:0.2267122863):0.09683068994,(t3:0.08536493014,t2:0.08536493014):0.2381780461):0.2860773108):0.629862124,(t10:0.1471070319,(t1:0.08283199718,(t5:0.04602778355,t9:0.04602778355):0.03680421363):0.06427503471):1.092375379):0.597114894;
33|0.202309665372595|0.177949126344174|0.681435887468979|(((((t19:3.135987868,t33:3.135987868):1.551753882,t30:4.68774175):2.701852667,((t29:1.690874796,t15:1.690874796):0.2751434605,(t31:0.6578711635,t13:0.6578711635):1.308147093):5.42357616):6.181448201,t11:13.57104262):3.003310725,((((((t6:4.510893704,(t18:4.304266793,t17:4.304266793):0.2066269107):0.2888109436,((t7:2.07214035,t25:2.07214035):0.9380241403,t22:3.01016449):1.789540157):1.190138643,((((t2:0.03044322299,t1:0.03044322299):3.986586757,(t5:0.2280984722,t9:0.2280984722):3.788931508):1.321061188,(t12:4.745477555,(t32:1.811625931,(t20:0.9406293207,t10:0.9406293207):0.8709966101):2.933851624):0.5926136132):0.5227385191,(t26:3.466473207,t16:3.466473207):2.394356481):0.1290136039):2.691856696,(t24:4.235845095,(t3:3.54434997,t28:3.54434997):0.6914951252):4.445854892):1.705169345,((t21:1.819270182,t27:1.819270182):1.716792698,t23:3.53606288):6.850806452):5.621812005,(t14:3.939722393,(t4:1.118354951,t8:1.118354951):2.821367442):12.06895894):0.5656720064):1.205194728;
42|0.322904958627187|0.272544420219492|0.687956583220512|(((t15:10.30560283,((t24:2.964488655,t16:2.964488655):1.625109084,(t29:2.778613283,t9:2.778613283):1.810984456):5.716005096):0.1372872059,((t10:2.388488992,t23:2.388488992):5.638938388,((t3:0.7853645569,t8:0.7853645569):2.546182929,((t26:1.030064718,(t34:0.1417886105,t1:0.1417886105):0.8882761078):1.590773365,((t19:1.970488088,t39:1.970488088):0.6260125873,t22:2.596500676):0.02433740765):0.710709403):4.695879894):2.415462661):1.606611069,((t37:6.46689112,(t30:4.41854248,t7:4.41854248):2.04834864):1.176223458,(((((t13:0.774248156,t38:0.774248156):4.198992013,((t27:0.3417117993,t2:0.3417117993):0.4909273331,t40:0.8326391324):4.140601037):0.09289231009,t28:5.066132479):0.4099579582,((t35:3.236315359,(((t25:1.304410784,t12:1.304410784):0.3045092134,t42:1.608919997):0.5004299567,t11:2.109349954):1.126965405):0.7484403102,t41:3.984755669):1.491334769):1.373128734,(((t21:1.817493815,t32:1.817493815):1.265181128,t33:3.082674943):0.6201698301,((t6:1.707371915,t31:1.707371915):1.537943088,((t36:0.5557440863,t14:0.5557440863):1.883936635,(t18:1.966218406,((t5:0.5318610434,(t20:0.4970771685,t4:0.4970771685):0.03478387488):0.8039473214,t17:1.335808365):0.6304100407):0.4734623159):0.805634282):0.4575297696):3.146374399):0.7938954066):4.406386531):0.9260268965;
14|3.528515180049|0.0402718979492784|0.963197586126626|((((t9:0.2604830082,t14:0.2604830082):0.2423061294,(((t7:0.1434110689,t10:0.1434110689):0.03737909837,t12:0.1807901673):0.1509141651,t4:0.3317043324):0.1710848052):0.08572591851,(((t11:0.3088790767,t5:0.3088790767):0.05587176222,(t3:0.3008572058,t1:0.3008572058):0.06389363312):0.1511254097,(t6:0.04242276638,t13:0.04242276638):0.4734534822):0.07263880751):0.1221758949,(t2:0.1947657853,t8:0.1947657853):0.5159251657):0.3983398218;
28|3.84865982816787|0.309966804115102|0.784304261673242|(((((t12:0.03148710252,t5:0.03148710252):0.2166997625,t26:0.2481868651):0.3262261691,((((t21:0.1596396466,t8:0.1596396466):0.02318301248,t14:0.1828226591):0.006415123567,((t7:0.02654950937,t6:0.02654950937):0.01001297045,(t2:0.01024389445,t28:0.01024389445):0.02631858537):0.1526753029):0.07090590947,t17:0.2601436922):0.314269342):0.05681345265,t9:0.6312264868):0.06663766383,(((t15:0.140887825,t11:0.140887825):0.2132960466,(((t22:0.07356487474,t1:0.07356487474):0.07165351704,(t18:0.05572419927,t27:0.05572419927):0.08949419251):0.06666833855,(t4:0.08889943666,t20:0.08889943666):0.1229872937):0.1422971413):0.16865937,(((t24:0.2007961189,t10:0.2007961189):0.2510472177,(t25:0.1510071376,(t23:0.1129738899,t16:0.1129738899):0.03803324777):0.3008361989):0.005694153536,((t19:0.1116334975,t13:0.1116334975):0.1364079385,t3:0.248041436):0.2094960541):0.06530575157):0.175020909):0.06223357039;
41|1.88804688172648|0.0618628204334527|0.929257698357105|(((((((t5:0.2611197529,(t31:0.239167928,t29:0.239167928):0.02195182493):0.3104230944,t14:0.5715428473):0.06097244289,((t12:0.07535152905,t40:0.07535152905):0.1404379682,(t3:0.1569355484,(t35:0.04795547571,t39:0.04795547571):0.1089800727):0.05885394882):0.4167257929):0.3353948978,t22:0.9679101879):0.3341232731,((t34:0.5032657012,t15:0.5032657012):0.07958259973,(t41:0.4523288547,t36:0.4523288547):0.1305194463):0.7191851601):0.02166365017,(t11:1.225359061,(((t9:0.1020639877,t7:0.1020639877):0.4465308226,((t6:0.1636697636,t24:0.1636697636):0.01808935141,((t30:0.0793067086,t28:0.0793067086):0.05875410087,t20:0.1380608095):0.04369830555):0.3668356953):0.3323071566,(((t26:0.3003205603,(t2:0.2543028611,(t25:0.2328611656,t38:0.2328611656):0.0214416955):0.04601769921):0.3456579766,t13:0.645978537):0.1180189651,((t32:0.5712646251,t18:0.5712646251):0.03764107782,(t4:0.3850654179,t27:0.3850654179):0.2238402851):0.1550917991):0.1169044648):0.3444570938):0.09833805061):0.3063971942,(((t33:0.4640342812,((t21:0.2936810087,(t10:0.2541519106,(t1:0.0007321724244,t37:0.0007321724244):0.2534197382):0.03952909807):0.1285569954,t16:0.4222380041):0.04179627711):0.00800581493,t17:0.4720400961):0.7526512946,(t23:0.1963621525,(t19:0.1295923793,t8:0.1295923793):0.06676977316):1.028329238):0.4054029146):2.27844402;
50|2.10550394257763|0.449253910505213|0.565896947868168|((((t29:0.395243226,(t19:0.3472172348,(t2:0.07986828249,t25:0.07986828249):0.2673489523):0.04802599112):1.205525896,(t23:0.9875005214,(t30:0.6878282644,t48:0.6878282644):0.299672257):0.6132686003):0.6369279758,((((t41:0.4596993609,(((t9:0.1450854371,t18:0.1450854371):0.02571536391,t43:0.170800801):0.2617855525,(t44:0.1704545843,(t46:0.1059213502,t37:0.1059213502):0.06453323411):0.2621317692):0.02711300742):0.172122792,(((t38:0.03750528133,(t50:0.01253481132,t32:0.01253481132):0.02497047002):0.1200104327,(t28:0.1371131737,((t27:0.007709446003,t22:0.007709446003):0.08188323156,t12:0.08959267757):0.04752049612):0.02040254031):0.1735740203,((t49:0.18912066,(t15:0.04068889712,(t24:0.005712836059,t34:0.005712836059):0.03497606106):0.1484317629):0.06642363573,t6:0.2555442958):0.07554543851):0.3007324187):0.9405280059,((((t26:0.1736613537,(t11:0.04841733522,t7:0.04841733522):0.1252440185):0.2166709811,(t45:0.2970006699,t42:0.2970006699):0.09333166488):0.3392012588,(t40:0.4057194064,(t5:0.2647178747,(t17:0.08490908911,t36:0.08490908911):0.1798087855):0.1410015317):0.3238141871):0.5645759661,(t21:0.08247535425,(t14:0.05486109146,t35:0.05486109146):0.02761426279):1.211634205):0.2782405992):0.06951079989,((((t10:0.1565151153,t16:0.1565151153):0.2544374938,t4:0.4109526091):0.3339961882,t8:0.7449487973):0.1419697988,(((t20:0.04541938476,t47:0.04541938476):0.2624920489,(t39:0.279900633,t1:0.279900633):0.02801080061):0.02246396305,((t13:0.04098276464,t33:0.04098276464):0.1059632109,t3:0.1469459755):0.1834294212):0.5565431994):0.7549423627):0.5958361387):0.09608725651,t31:2.333784354):0.1363405159;
46|2.88634828606388|0.0612236891151406|0.868998800055124|(((t27:0.4021668577,(t2:0.2757700255,t39:0.2757700255):0.1263968322):0.1458225027,((t32:0.1475695213,t35:0.1475695213):0.1175281367,t13:0.2650976581):0.2828917023):0.9459806503,(t44:1.265710779,(((((t12:0.2950202029,((t11:0.02966324034,t45:0.02966324034):0.2376022409,t8:0.2672654813):0.02775472161):0.3123561103,(((t9:0.08443550346,(t10:0.05592863135,t42:0.05592863135):0.02850687212):0.2413964228,t46:0.3258319263):0.1867539835,t30:0.5125859098):0.09479040337):0.1717253088,(((t37:0.2593487118,(t24:0.04049480228,t25:0.04049480228):0.2188539096):0.2100465035,((((t1:0.03291856154,t19:0.03291856154):0.09300690323,t29:0.1259254648):0.008619195425,t7:0.1345446602):0.2276214181,t38:0.3621660783):0.107229137):0.04470289422,((((t34:0.3130702965,(t40:0.2544789208,(t15:0.05691518682,t6:0.05691518682):0.197563734):0.05859137563):0.0411599365,t4:0.354230233):0.09816799558,(t33:0.02884753741,(t3:0.01866914598,t21:0.01866914598):0.01017839143):0.4235506911):0.04662913058,(t43:0.1639807109,(t26:0.002376840006,t36:0.002376840006):0.1616038709):0.3350466482):0.0150707504):0.2650035125):0.1261445142,(((t14:0.09985648047,(t17:0.07604380322,t41:0.07604380322):0.02381267724):0.3019680797,(t20:0.11677033,t16:0.11677033):0.2850542302):0.3381063533,t5:0.7399309135):0.1653152227):0.08940360981,(((t31:0.2007493967,t22:0.2007493967):0.002188671882,(t23:0.05799498361,t18:0.05799498361):0.1449430849):0.3375543907,t28:0.5404924593):0.4541572867):0.2710610326):0.2282592321):0.2916341157;
49|3.24341525397496|0.469268759319093|0.808798931655474|(((((t32:0.04723522965,t35:0.04723522965):0.04706459007,t7:0.09429981972):0.1318648799,(t18:0.2155726528,((t20:0.008180507104,t25:0.008180507104):0.08923228037,(t22:0.02577632739,t38:0.02577632739):0.07163646008):0.1181598653):0.01059204685):0.6103793367,(((t34:0.04911196277,(t5:0.01795452063,t29:0.01795452063):0.03115744215):0.2022642392,((t26:0.08178473005,t41:0.08178473005):0.07936888086,(t15:0.0287000611,t40:0.0287000611):0.1324535498):0.09022259102):0.5042992107,((((((t23:0.04279654054,t45:0.04279654054):0.0390524975,t3:0.08184903804):0.1443491108,((t10:0.01082239852,t46:0.01082239852):0.1260975701,(t39:0.04217759558,t49:0.04217759558):0.09474237301):0.08927818028):0.05756945505,t27:0.2837676039):0.243047622,(t17:0.2312827195,((t13:0.05023383265,t4:0.05023383265):0.02141699939,t43:0.07165083204):0.1596318874):0.2955325065):0.159182513,((((t28:0.007174985414,t47:0.007174985414):0.05193633939,(t48:0.01681337837,t44:0.01681337837):0.04229794643):0.05492615931,t30:0.1140374841):0.3164312284,((((t19:0.1311494454,t37:0.1311494454):0.1697680984,(t42:0.1629132226,t36:0.1629132226):0.1380043212):0.03734169781,(t33:0.1742760138,t1:0.1742760138):0.1639832278):0.02088873185,t9:0.3591479735):0.07132073906):0.2555290265):0.06967767366):0.0808686237):0.007644653245,(t2:0.3647912713,((t16:0.1962931702,(((t14:0.001009049717,t12:0.001009049717):0.0006935981202,t11:0.001702647837):0.05937966528,(t24:0.001243663319,t31:0.001243663319):0.0598386498):0.135210857):0.160363632,((t8:0.0124427247,t21:0.0124427247):0.02458852336,t6:0.03703124805):0.3196255541):0.008134469096):0.4793974183):0.2835468561;
35|1.54636465902673|0.0670247200736776|0.992454198771156|((((t6:0.4338725038,((t21:0.3189661184,(t14:0.2950308473,t3:0.2950308473):0.02393527108):0.05337988473,t35:0.3723460031):0.06152650075):0.4531150675,((t33:0.004853795972,t31:0.004853795972):0.8700939527,(t11:0.2238555727,t32:0.2238555727):0.651092176):0.01203982264):1.429587755,(((t27:0.1399518061,(t12:0.1272771743,t18:0.1272771743):0.0126746318):0.8159907164,t5:0.9559425225):1.317207863,((t34:0.06499122133,t24:0.06499122133):1.860858018,((t15:0.1099822331,t16:0.1099822331):1.328944144,(t13:0.5288926035,(t30:0.01675915503,t29:0.01675915503):0.5121334484):0.9100337733):0.4869228623):0.3473011462):0.0434249408):0.8447689007,(((((t17:0.08826857658,t23:0.08826857658):0.05738088015,(t20:0.02497432379,t9:0.02497432379):0.1206751329):0.1514355479,(t28:0.1176512997,t1:0.1176512997):0.179433705):2.068231357,((((t7:0.3771020237,(t8:0.203426307,t26:0.203426307):0.1736757166):0.239722482,t10:0.6168245057):0.2022901716,t25:0.8191146772):1.004934148,(t22:1.757272504,t2:1.757272504):0.0667763212):0.5412675366):0.4548199005,(t19:0.4616439928,t4:0.4616439928):2.35849227):0.3412079642):0.1445227026;
26|3.23981988915708|0.357673352891579|0.819211949361488|(t14:0.9212395662,(((t16:0.3265301235,t17:0.3265301235):0.4557455228,t19:0.7822756464):0.03539747486,((t1:0.1495765916,t21:0.1495765916):0.4371210202,((((t22:0.1038421424,(t7:0.06091715756,t8:0.06091715756):0.04292498483):0.02960128868,((t11:0.009777843638,t15:0.009777843638):0.01351739232,t23:0.02329523595):0.1101481951):0.260416966,(t5:0.09315183187,(((t6:0.007503910694,t24:0.007503910694):0.009658831371,t18:0.01716274206):0.06954509358,t12:0.08670783564):0.006443996233):0.3007085652):0.1712623865,(t9:0.544814281,(((t4:0.3875919047,(((t25:0.02197969068,t10:0.02197969068):0.0910516289,t2:0.1130313196):0.003408701959,t3:0.1164400215):0.2711518831):0.007768792071,t13:0.3953606968):0.1380756292,(t26:0.3609562018,t20:0.3609562018):0.1724801241):0.011377955):0.02030850262):0.02157482821):0.2309755094):0.1035664449):0.9353046683;
34|3.04877691304311|0.479102389214095|0.693047406151891|((((t3:0.017562437,t31:0.017562437):0.5545855265,t18:0.5721479635):0.3009322567,((t11:0.3762026372,((t24:0.1557206524,(t23:0.0942978118,t14:0.0942978118):0.0614228406):0.1378952791,t8:0.2936159315):0.08258670572):0.1689888805,(((t27:0.3146415117,(((t12:0.110362575,t30:0.110362575):0.1260461784,t13:0.2364087534):0.05395290609,(t33:0.1983242461,t5:0.1983242461):0.0920374134):0.02427985223):0.02168807223,t7:0.3363295839):0.1666817391,(t10:0.4747990504,t20:0.4747990504):0.02821227269):0.04218019463):0.3278887024):0.3373584618,(((t2:0.3147062654,((t29:0.1459314474,(t1:0.1045010483,(t34:0.02933661792,t17:0.02933661792):0.07516443033):0.04143039914):0.06418086529,t16:0.2101123127):0.1045939527):0.4812975905,(t26:0.5431768986,((t15:0.02361699456,t9:0.02361699456):0.2000940409,((t22:0.1226914701,(t21:0.0755940207,t25:0.0755940207):0.04709744939):0.03027848817,(t19:0.04850392749,t32:0.04850392749):0.1044660308):0.07074107725):0.3194658631):0.2528269572):0.0902897972,((t6:0.0312344175,t4:0.0312344175):0.1316178602,t28:0.1628522777):0.7234413754):0.3241450289):0.07686159596;
28|2.3378909176914|0.219832069422118|0.915161600918509|(((((((t16:0.2868283751,(t11:0.1590444952,t20:0.1590444952):0.1277838799):0.1772039237,((t4:0.02451138032,(t14:0.02239905443,t9:0.02239905443):0.002112325894):0.2960297526,((t25:0.1728941342,t21:0.1728941342):0.07094228521,t2:0.2438364194):0.07670471348):0.1434911659):0.1271303381,(t28:0.2961728574,(t23:0.148243999,(t26:0.08340805278,t19:0.08340805278):0.06483594624):0.1479288584):0.2949897795):0.3453097335,((t27:0.09302463516,t24:0.09302463516):0.5997497928,(((t17:0.02096407246,t8:0.02096407246):0.05868922225,t1:0.0796532947):0.0498588286,(t10:0.0734151716,t6:0.0734151716):0.05609695171):0.5632623047):0.2436979424):0.03436654227,(t12:0.02393479018,t15:0.02393479018):0.9469041225):0.09680074436,t13:1.067639657):1.207728775,(((t7:0.02160629052,t18:0.02160629052):0.0956373769,t3:0.1172436674):0.3318026917,(t22:0.02835978137,t5:0.02835978137):0.4206865777):1.826322073):0.1492621114;
20|1.17671618796652|0.242274507612456|0.764219674747437|(((t4:1.137927817,t7:1.137927817):0.3895277953,(t16:1.314296112,(((((t13:0.08962149657,t17:0.08962149657):0.17219938,t1:0.2618208766):0.5270491862,(t2:0.4919874702,t10:0.4919874702):0.2968825925):0.02668611945,(((((t20:0.1889285337,(t5:0.1325139014,t19:0.1325139014):0.0564146323):0.1771942838,t9:0.3661228175):0.09389511862,t11:0.4600179361):0.2251138401,t14:0.6851317762):0.104291144,(t18:0.5524900038,t15:0.5524900038):0.2369329165):0.02613326195):0.1367411037,(t3:0.0931558963,t6:0.0931558963):0.8591413896):0.3619988262):0.2131595004):0.4966525877,(t12:0.08001121293,t8:0.08001121293):1.944096987):0.8330530381;
13|0.310657725266647|0.0696019069617614|0.782045441796072|((t12:5.799610617,(((t6:0.8606630104,(t5:0.0851609309,t11:0.0851609309):0.7755020795):1.538842178,t1:2.399505189):0.03776719882,t13:2.437272388):3.36233823):0.7602209327,(((t8:2.137116006,t3:2.137116006):1.438773465,(t9:0.03507338609,t7:0.03507338609):3.540816084):1.378078201,(t10:4.082281904,(t4:0.247963117,t2:0.247963117):3.834318787):0.8716857667):1.605863879):5.062784044;
49|1.23781469268259|0.0171783353853971|0.797389333019964|(((t17:1.870392842,((((t23:0.2086109212,t10:0.2086109212):0.1426687815,t49:0.3512797027):0.2035921611,t14:0.5548718639):1.292210923,(t18:0.1219327253,t20:0.1219327253):1.725150062):0.02331005504):0.1866537641,(t24:1.975388373,((t39:0.4589625165,t43:0.4589625165):0.3041411767,((t45:0.07852163251,t35:0.07852163251):0.3293241133,t8:0.4078457458):0.3552579475):1.212284679):0.08165823342):0.9051632908,((((t37:0.4586407231,t46:0.4586407231):0.009116488914,t21:0.467757212):1.411160198,(((((t29:0.009195675184,t34:0.009195675184):0.4378077203,t7:0.4470033954):0.3664016951,t22:0.8134050905):0.8259204792,(t3:0.9970857151,((t41:0.2880711345,(t31:0.0835965729,t26:0.0835965729):0.2044745616):0.1176610875,((t27:0.0445026701,(t6:0.01487303008,t38:0.01487303008):0.02962964003):0.3391141782,t19:0.3836168483):0.0221153737):0.5913534931):0.6422398547):0.1894918447,(t44:1.176027121,(((t11:0.3218763129,t9:0.3218763129):0.03702129587,t5:0.3588976088):0.1582870388,t28:0.5171846476):0.6588424739):0.6527902929):0.05009999541):0.3707957898,(t42:1.725460525,(((t47:0.8925965601,t12:0.8925965601):0.4467373801,(((t2:0.3589466404,t48:0.3589466404):0.6790386433,((t4:0.1115699173,t33:0.1115699173):0.5243351189,(t40:0.2920743534,t30:0.2920743534):0.3438306827):0.4020802475):0.1565464101,((t32:0.3477325064,(t13:0.278739589,(t36:0.09777907973,(t15:0.06658704418,t16:0.06658704418):0.03119203556):0.1809605093):0.06899291735):0.0135679154,t1:0.3613004218):0.833231272):0.1448022465):0.2393493524,t25:1.578683293):0.146777232):0.5242526751):0.7124966973):0.7376109182;
47|3.75844725808129|0.434212954714894|0.842255422146991|((((t25:0.195464781,(t37:0.1579929699,(t34:0.02641100383,t2:0.02641100383):0.1315819661):0.03747181103):0.2142796317,(((t1:0.1204092229,(t33:0.1088835135,t10:0.1088835135):0.01152570936):0.1972669172,((t39:0.02418024004,t19:0.02418024004):0.2581695553,t13:0.2823497954):0.03532634466):0.03792007528,((t42:0.1375646752,(t43:0.04256395255,t36:0.04256395255):0.09500072263):0.03871020158,(t15:0.0547904614,t4:0.0547904614):0.1214844154):0.1793213386):0.05414819739):0.03780465971,((t14:0.0305876651,t28:0.0305876651):0.3749473642,(((((t45:0.01098397658,t11:0.01098397658):0.07590283289,t17:0.08688680947):0.07759218904,t7:0.1644789985):0.07785063393,(t5:0.0009658034032,t47:0.0009658034032):0.241363829):0.0883659287,((t31:0.1405466045,t20:0.1405466045):0.09323986861,t41:0.2337864731):0.09690908808):0.07483946812):0.04201404315):0.3429733641,(((((((t38:0.05289141481,t22:0.05289141481):0.03925072659,t46:0.09214214141):0.06463479109,(t21:0.1275181044,t27:0.1275181044):0.02925882806):0.04787599765,(t8:0.1644848119,(t18:0.03178544706,t12:0.03178544706):0.1326993648):0.04016811826):0.3140399056,((t9:0.1658918505,(t30:0.1024373039,t3:0.1024373039):0.06345454659):0.0149003592,t6:0.1807922097):0.337900626):0.06924690274,(t24:0.2886543285,((t40:0.1094219698,t23:0.1094219698):0.03448120981,((t44:0.01409724646,t32:0.01409724646):0.03513583725,t16:0.04923308371):0.09467009588):0.1447511489):0.29928541):0.002107523028,((t26:0.0805975199,t29:0.0805975199):0.211926441,t35:0.2925239609):0.2975233006):0.200475175):0.08342335445;
16|0.40076516014291|0.463470716869924|0.856837348314002|((((t13:1.739376378,(t2:1.683489197,((t12:0.7250378045,t7:0.7250378045):0.9121857008,t1:1.637223505):0.04626569193):0.05588718088):0.7303116799,((t6:2.338174277,t15:2.338174277):0.04871825549,(t16:0.7990369268,t8:0.7990369268):1.587855606):0.08279552527):0.4585678785,((t10:0.9668534733,(t4:0.5757709281,t14:0.5757709281):0.3910825452):1.644935308,t9:2.611788782):0.3164671548):5.397143306,((t3:3.873542891,t11:3.873542891):2.324366795,t5:6.197909687):2.127489556):1.26806461;
21|2.37285880726529|0.0705206743394956|0.669162682374008|((((t18:0.1247216982,t14:0.1247216982):0.003435451218,t20:0.1281571494):0.4135431916,(((t13:0.04685825664,t3:0.04685825664):0.188015619,t7:0.2348738756):0.2771050575,((((t2:0.02271164717,t11:0.02271164717):0.06750140156,(t17:0.02685305488,t16:0.02685305488):0.06335999385):0.0475139312,t19:0.1377269799):0.369286013,(t21:0.467752117,((t10:0.3828609044,(t9:0.3487813975,(t5:0.2515775111,t1:0.2515775111):0.09720388643):0.0340795069):0.02663046153,t4:0.409491366):0.05826075103):0.03926087597):0.00496594017):0.02972140782):0.3562609449,(t6:0.3197725928,(t8:0.03387240941,(t12:0.02192200813,t15:0.02192200813):0.01195040127):0.2859001834):0.578188693):0.4805850464;
34|3.84459319849266|0.253433077933732|0.657351758680306|(((((t6:0.1024368257,t4:0.1024368257):0.4612594538,((((t32:0.1356522955,t29:0.1356522955):0.3063203578,((t19:0.2347802393,t27:0.2347802393):0.09299740036,(((t18:0.0354649495,t22:0.0354649495):0.08967874862,t9:0.1251436981):0.124590211,(t8:0.1314350843,(t1:0.05668091619,t14:0.05668091619):0.07475416806):0.1182988249):0.07804373054):0.1141950137):0.1018653368,t17:0.5438379901):0.0009637937021,t24:0.5448017838):0.01889449563):0.1638042186,(((t2:0.02624521226,t10:0.02624521226):0.02722141179,t15:0.05346662405):0.134620027,t13:0.188086651):0.539413847):0.0393303536,((t28:0.2447719134,t11:0.2447719134):0.2857308724,(((t23:0.03015394666,t34:0.03015394666):0.03654603473,(t30:0.0195130179,t26:0.0195130179):0.04718696349):0.417789776,((((t33:0.07368725045,((t7:0.03185729663,t25:0.03185729663):0.02465586506,t12:0.05651316169):0.01717408877):0.00354230432,t31:0.07722955477):0.09879257799,t20:0.1760221328):0.05068854957,t3:0.2267106823):0.257779075):0.04601302839):0.2363280659):0.0458361498,((t5:0.1401161727,t16:0.1401161727):0.294610916,t21:0.4347270887):0.3779399127):1.62277445;
39|2.49790545552038|0.112580889244564|0.790854340186343|((((t4:0.3405049985,t26:0.3405049985):0.4431562557,t8:0.7836612542):0.115483635,(((t9:0.2631934979,(t32:0.1442012364,t5:0.1442012364):0.1189922615):0.1755235134,(t3:0.08543617934,(t30:0.01118341227,t10:0.01118341227):0.07425276707):0.353280832):0.2109543229,(t31:0.4420078831,(t27:0.3587173676,(t29:0.2634095881,t6:0.2634095881):0.09530777951):0.08329051552):0.2076634512):0.2494735549):0.5241494809,(((((((t35:0.1884419359,t28:0.1884419359):0.126220929,(t12:0.08108446601,t14:0.08108446601):0.2335783989):0.0454105683,((t23:0.2374120772,t11:0.2374120772):0.07413063551,t17:0.3115427127):0.04853072057):0.06132373889,t22:0.4213971721):0.09243295915,(t7:0.2562111305,(t36:0.08541864976,t21:0.08541864976):0.1707924808):0.2576190008):0.3679474323,((t25:0.0972460585,t38:0.0972460585):0.7317556619,((t15:0.2205764771,t37:0.2205764771):0.5687310755,t34:0.7893075526):0.03969416779):0.05277584321):0.2385696122,(t2:0.846222974,(((t19:0.2751426927,t24:0.2751426927):0.4184813871,t33:0.6936240799):0.006683604917,(t13:0.6682995589,(((t18:0.2145829804,t39:0.2145829804):0.003411935986,(t20:0.1159018469,t1:0.1159018469):0.1020930695):0.1741720571,t16:0.3921669735):0.2761325854):0.03200812586):0.1459152893):0.2741242018):0.3029471942):0.1231551655;
36|2.97744430090068|0.272121851725969|0.517883329419419|((((t8:0.7017555986,(((((t34:0.01880095661,t13:0.01880095661):0.01685940865,t35:0.03566036527):0.1902795577,(t19:0.1881541345,t18:0.1881541345):0.03778578847):0.1036256132,t27:0.3295655361):0.08239090598,(t30:0.1250719784,(t28:0.05013386341,t26:0.05013386341):0.07493811496):0.2868844638):0.2897991565):0.5372526071,((t1:0.16984196,t10:0.16984196):0.4763249385,(t3:0.5517373253,(t29:0.1404072125,t36:0.1404072125):0.4113301128):0.0944295732):0.5928413072):0.04581606959,(((t9:0.173718071,t6:0.173718071):0.569669048,(((t4:0.1206260883,(t21:0.02616210786,t31:0.02616210786):0.09446398039):0.008187209037,((t33:0.08432046468,t23:0.08432046468):0.01258638866,(t32:0.03068084746,t5:0.03068084746):0.06622600589):0.03190644394):0.1200333102,t2:0.2488466075):0.4945405115):0.05068447288,(t25:0.5976032074,((t22:0.5078489251,(t15:0.5000656958,t12:0.5000656958):0.007783229349):0.01819226309,(t11:0.2315492119,t20:0.2315492119):0.2944919763):0.07156201925):0.1964683844):0.4907526834):0.1926843814,(((t24:0.1528072047,t14:0.1528072047):0.4128835113,(t16:0.1766194117,t17:0.1766194117):0.3890713042):0.4979582459,t7:1.063648962):0.4138596949):0.226432025;
47|3.06155517624924|0.411248433692381|0.723501950269565|(((t5:0.248899446,((t11:0.0846467788,(t14:0.05668574344,t45:0.05668574344):0.02796103536):0.1579337927,((t6:0.09812062656,t28:0.09812062656):0.1055518469,t19:0.2036724734):0.03890809807):0.006318874497):0.5287000211,(t12:0.2080463264,t36:0.2080463264):0.5695531406):0.1928257754,((((((t15:0.1882075067,t25:0.1882075067):0.1145014379,(t24:0.2051390935,(t46:0.1029414053,(t8:0.08612087257,t42:0.08612087257):0.01682053275):0.1021976882):0.09756985105):0.01260969907,t39:0.3153186436):0.01852382149,t37:0.3338424651):0.2126212304,((t40:0.3273456693,(t35:0.00632410278,t21:0.00632410278):0.3210215665):0.01215921329,((t43:0.2427389558,(t10:0.06334478896,t13:0.06334478896):0.1793941668):0.02986391127,((t27:0.02225581383,t44:0.02225581383):0.06377628964,t22:0.08603210347):0.1865707636):0.06690201552):0.206958813):0.3347729225,((((t1:0.03309900637,(t38:0.02381967482,t34:0.02381967482):0.00927933155):0.1062787507,(t47:0.1167114469,t3:0.1167114469):0.02266631018):0.2260322829,(((t32:0.2210244,t17:0.2210244):0.09332316508,((t7:0.09854130204,t18:0.09854130204):0.1501867311,((t33:0.07427045351,((t2:0.03153650098,t4:0.03153650098):0.004518824666,t20:0.03605532564):0.03821512786):0.09502802554,t31:0.169298479):0.07942955414):0.06561953192):0.0395823302,t9:0.3539298953):0.01148014469):0.4828036831,(t26:0.2646775135,((t16:0.1657528392,(t29:0.06808661674,t30:0.06808661674):0.09766622247):0.09169294603,(t23:0.0001862722848,t41:0.0001862722848):0.257259513):0.007231728255):0.5835362096):0.033022895):0.08918862444):1.45961495;
18|0.383649079899769|0.204216780886054|0.565634917700663|((((t14:0.2424590085,t3:0.2424590085):0.8436414118,t13:1.08610042):5.316013793,((t1:4.479739049,((t4:0.7548559676,t15:0.7548559676):0.5528442271,t7:1.307700195):3.172038854):1.821979143,(((t6:1.558744094,t5:1.558744094):3.908165915,(t17:3.024039075,((t10:0.783718936,t9:0.783718936):0.5292590907,t11:1.312978027):1.711061048):2.442870934):0.7682583752,(t2:6.122515077,(t8:2.814254377,t16:2.814254377):3.308260699):0.1126533077):0.06654980782):0.1003960214):0.6765202345,(t18:2.086340034,t12:2.086340034):4.992294414):4.071390249;
41|3.86341254420578|0.115931033117231|0.86551415536087|(((((((t24:0.1968713177,((t27:0.03546622439,t41:0.03546622439):0.03938241922,(t1:0.07394882316,((t26:0.01902095524,t33:0.01902095524):0.04512368849,t23:0.06414464374):0.009804179424):0.000899820443):0.1220226741):0.1444496452,(t3:0.168214745,(t38:0.05606801585,t22:0.05606801585):0.1121467292):0.1731062179):0.07620976027,(((t16:0.1954895283,(t10:0.05049992907,t7:0.05049992907):0.1449895992):0.04010116333,t28:0.2355906916):0.1365799874,(t12:0.3278255156,(((t25:0.07486123517,(t29:0.01302958394,t21:0.01302958394):0.06183165123):0.1064504619,t31:0.1813116971):0.1383307953,t15:0.3196424924):0.008183023179):0.04434516338):0.04536004419):0.1696609365,(((t40:0.184771255,t18:0.184771255):0.08262456013,t4:0.2673958152):0.04105685582,(t36:0.110278161,(t5:0.02274894043,t9:0.02274894043):0.08752922054):0.19817451):0.2787389887):0.05130297125,((t32:0.0274768121,(t11:0.02267363089,t37:0.02267363089):0.004803181202):0.1463725835,(t6:0.1024535393,t39:0.1024535393):0.07139585622):0.4646452353):0.04762612923,(((((t13:0.2324532097,(t35:0.03980058366,t8:0.03980058366):0.1926526261):0.01852027524,t2:0.250973485):0.07954644882,(t34:0.02628688647,t14:0.02628688647):0.3042330473):0.05426924324,(t30:0.04248349019,t17:0.04248349019):0.3423056869):0.008448752631,t20:0.3932379297):0.2928828305):0.1800467652,t19:0.8661675253):0.3052425807;
47|1.30036359898979|0.151121858449187|0.867502848617733|((((((t1:0.6236796423,(t29:0.4334222768,t42:0.4334222768):0.1902573655):0.5052990094,(t3:0.4623674687,(t41:0.03922967997,t40:0.03922967997):0.4231377887):0.6666111829):0.3328675616,((((t21:0.02403144831,t2:0.02403144831):0.09919510174,t22:0.1232265501):0.6512752948,t43:0.7745018449):0.08501231914,t14:0.859514164):0.6023320492):0.02990676304,((t9:0.3673382803,t47:0.3673382803):0.1356075267,(t31:0.2472712295,(t8:0.1043670312,t30:0.1043670312):0.1429041983):0.2556745774):0.9888071694):0.6510105255,(t32:0.4225904077,t25:0.4225904077):1.720173094):0.6555870814,(((t5:0.9823334148,t18:0.9823334148):0.1228575879,(((t23:0.3725667856,(t6:0.08309829165,t46:0.08309829165):0.2894684939):0.2774426657,((t39:0.008475714521,t13:0.008475714521):0.3159771769,(t33:0.02507862359,t27:0.02507862359):0.2993742679):0.3255565598):0.4505719598,((t7:0.7891623323,((t20:0.2749128082,t17:0.2749128082):0.2617249411,t24:0.5366377493):0.252524583):0.1599770072,(t15:0.8592167285,(((t4:0.1608220218,t36:0.1608220218):0.4005146429,(((t11:0.003551489711,t38:0.003551489711):0.4208552677,(t26:0.4095886786,t35:0.4095886786):0.01481807879):0.06656003537,t16:0.4909667927):0.07036987196):0.03132432502,t19:0.5926609897):0.2665557387):0.08992261105):0.1514420716):0.004609591603):0.02662150075,(((t34:0.160929723,(t28:0.02988142615,t45:0.02988142615):0.1310482969):0.541851166,t10:0.702780889):0.2543104309,(t44:0.3258302864,(t12:0.107874113,t37:0.107874113):0.2179561734):0.6312610335):0.1747211836):1.66653808):0.5094989817;
24|0.970588901529554|0.370174518490676|0.674844176392071|((((((t14:0.3335460012,t2:0.3335460012):0.6108898337,(((t3:0.2571142722,t4:0.2571142722):0.4687578407,(t21:0.03872783795,t8:0.03872783795):0.687144275):0.1243179221,t20:0.850190035):0.0942457998):0.4451191169,t5:1.389554952):0.4310621496,t13:1.820617101):0.5226864127,(t11:1.212183153,(t23:0.789522745,t24:0.789522745):0.4226604085):1.13112036):0.5909919183,(((t22:0.4643127832,t15:0.4643127832):0.5810699321,(((((t12:0.02926315481,t9:0.02926315481):0.02358544977,t19:0.05284860458):0.2748605327,t1:0.3277091373):0.0539499788,t16:0.3816591161):0.5021042041,(t10:0.302650342,(t7:0.1426520532,(t18:0.03274348352,t6:0.03274348352):0.1099085697):0.1599982888):0.5811129781):0.1616193952):0.3089020446,t17:1.35428476):1.580010672):0.7629112405;
20|2.4365595912165|0.431199374611024|0.788578511215746|((((t16:0.4992214262,t9:0.4992214262):0.05060194434,(t8:0.494610709,(t14:0.0041706669,t5:0.0041706669):0.4904400421):0.05521266147):0.107056831,(((t17:0.03812183763,(t19:0.01045557977,t15:0.01045557977):0.02766625786):0.2024586738,((t10:0.2362898262,t20:0.2362898262):0.001817156842,t1:0.2381069831):0.002473528405):0.09120380159,t4:0.3317843131):0.3250958884):0.276469819,(((((t7:0.01211940213,t2:0.01211940213):0.06487710322,t13:0.07699650535):0.007185626347,t6:0.0841821317):0.01958192923,t3:0.1037640609):0.3584535746,(t12:0.01406202218,(t11:4.031243035e-05,t18:4.031243035e-05):0.01402170975):0.4481556133):0.471132385):0.6957584099;
29|2.5336725727981|0.148456150533166|0.706922333687544|((((t22:0.1854529459,t19:0.1854529459):0.5784786215,(((t13:0.1232126099,t25:0.1232126099):0.1461488743,(t21:0.2386019158,t20:0.2386019158):0.03075956837):0.4081522715,t27:0.6775137557):0.08641781167):0.1247553831,((((t10:0.1577588123,t5:0.1577588123):0.0968236161,(t2:0.07921223699,t9:0.07921223699):0.1753701914):0.2340997584,((((t7:0.1049732776,t12:0.1049732776):0.08643937766,t1:0.1914126553):0.0320225311,t14:0.2234351864):0.2209354494,t18:0.4443706358):0.044311551):0.3470658662,((t11:0.02143183392,t15:0.02143183392):0.6556552147,((((t6:0.0007936820503,t26:0.0007936820503):0.3276050408,(t16:0.2008029909,(t8:0.03837197971,t4:0.03837197971):0.1624310112):0.127595732):0.06061202114,(t23:0.1108887712,t3:0.1108887712):0.2781219728):0.1390440069,((t17:0.1681832197,t28:0.1681832197):0.009053865841,t24:0.1772370856):0.3508176654):0.1490322977):0.1586610044):0.05293889746):0.1631872528,t29:1.051874203):0.2110237629;
50|2.28865303793922|0.225245550554246|0.800480762380175|(((((((((t3:0.3337594567,t19:0.3337594567):0.0470723442,t26:0.3808318009):0.03495543003,(t21:0.404259251,t32:0.404259251):0.0115279799):0.3131962353,((t24:0.08904302368,t43:0.08904302368):0.2830576692,(t13:0.02196472894,t10:0.02196472894):0.3501359639):0.3568827733):0.1990967187,(((((t34:0.3653017136,(t2:0.1447599735,t5:0.1447599735):0.2205417401):0.05386495957,(t20:0.3715323287,(t30:0.07666617033,t22:0.07666617033):0.2948661584):0.04763434443):0.004773181789,(t49:0.2870085798,(t40:0.2515319364,t47:0.2515319364):0.03547664336):0.1369312751):0.2866174465,((t7:0.00233799017,t11:0.00233799017):0.1484389986,t36:0.1507769888):0.5597803126):0.03399270392,(t8:0.5185247569,(t37:0.2820382663,t42:0.2820382663):0.2364864906):0.2260252484):0.1835301796):0.1513265103,((t28:0.08789753628,(t12:0.01629483929,t35:0.01629483929):0.07160269699):0.2235910944,t29:0.3114886307):0.7679180646):0.07123307758,((((t38:0.04717581536,t4:0.04717581536):0.3049451924,t25:0.3521210077):0.3446018956,(t6:0.1150975262,t9:0.1150975262):0.5816253771):0.08657892686,((t18:0.1045067941,t31:0.1045067941):0.1723772373,(t14:0.08379183048,((t27:0.01082034073,t1:0.01082034073):0.05670429688,t45:0.06752463761):0.01626719286):0.1930922009):0.5064177988):0.3673379427):0.09784796408,(t39:0.3688539892,(t33:0.3356105502,t46:0.3356105502):0.03324343907):0.8796337477):0.3897164322,((((t15:0.01381570504,t44:0.01381570504):0.2966593529,t50:0.3104750579):0.5025186591,t41:0.812993717):0.6986949564,((t17:0.2237684551,(t23:0.04118379912,t16:0.04118379912):0.182584656):0.4324932258,t48:0.6562616809):0.8554269925):0.1265154957):0.07765972245;
45|0.962169919773005|0.47441111094784|0.510113029973581|(((((t17:0.4602816842,t26:0.4602816842):1.838999078,(((t9:0.1623411984,t38:0.1623411984):0.1630090554,t22:0.3253502539):0.6882328198,t13:1.013583074):1.285697688):0.1181001847,((((t12:0.7457309855,(t11:0.7342385992,(t35:0.08347648777,t6:0.08347648777):0.6507621114):0.01149238635):1.398837018,(t23:1.649062024,((t8:0.1322873635,t18:0.1322873635):0.1536831036,t43:0.2859704671):1.363091557):0.4955059794):0.07427632948,t10:2.218844333):0.08167763774,((t21:0.4001136105,t24:0.4001136105):0.9172549579,t27:1.317368568):0.9831534026):0.1168589758):0.004224259104,(((((((t32:0.7633342997,t29:0.7633342997):0.2317691219,t39:0.9951034217):0.02334816665,((t3:0.1393085549,t25:0.1393085549):0.7720537002,(t37:0.4438666274,t2:0.4438666274):0.4674956276):0.1070893333):0.4774954264,(((t33:0.7703215688,t28:0.7703215688):0.1028709128,t44:0.8731924815):0.3282929974,t40:1.201485479):0.2944615358):0.1211626571,t31:1.617109672):0.05427263641,(((t16:0.269829704,(t15:0.1968577385,t30:0.1968577385):0.0729719655):0.309999931,(t34:0.4139762041,t42:0.4139762041):0.1658534309):0.5060523378,t4:1.085881973):0.5855003354):0.3060973067,((t19:0.1657323507,t5:0.1657323507):0.6953252703,t36:0.861057621):1.116421994):0.444125591):0.286154169,(t1:0.9989126809,(((t20:0.5821025046,(t41:0.447414447,t7:0.447414447):0.1346880576):0.1672521179,t45:0.7493546225):0.1585042351,t14:0.9078588576):0.09105382327):1.708846694):1.064956584;
32|1.71925910782767|0.347468166230246|0.695687505300157|(((t4:0.6877891573,((t8:0.06629157208,t11:0.06629157208):0.4970551702,((((t9:0.1352805599,(t24:0.008560190771,t3:0.008560190771):0.1267203691):0.06570192207,t26:0.2009824819):0.00752279295,t19:0.2085052749):0.1769904123,(t10:0.1539794918,t14:0.1539794918):0.2315161954):0.1778510551):0.124442415):0.384721813,(t23:0.8422900746,t12:0.8422900746):0.2302208956):0.6658620111,((t27:0.7426158428,t30:0.7426158428):0.3329747873,((((t28:0.2169268871,t22:0.2169268871):0.2252626717,((t13:0.1129458889,t31:0.1129458889):0.1500242751,t6:0.262970164):0.1792193948):0.3771487885,((t5:0.5841023849,(t2:0.119216014,t20:0.119216014):0.4648863709):0.1659886182,(((t17:0.0662921101,t15:0.0662921101):0.2952299175,(t1:0.2821166204,(t7:0.1958432489,(t29:0.1247741704,(t21:0.02176052882,t18:0.02176052882):0.1030136416):0.07106907848):0.08627337144):0.07940540722):0.01224983921,t32:0.3737718668):0.3763191363):0.06924734423):0.1840789899,(t16:0.09067920156,t25:0.09067920156):0.9127381357):0.0721732929):0.6627823512):0.2350326091;
36|3.7193791863462|0.266695588740986|0.84851079643704|((t28:0.5766555503,(t27:0.4399343761,(t12:0.4103588362,(t24:0.05456330655,t30:0.05456330655):0.3557955297):0.02957553991):0.1367211742):0.4603010179,(((t29:0.04366765773,t25:0.04366765773):0.4355959736,(((t9:0.05876010678,t32:0.05876010678):0.132642474,t7:0.1914025808):0.1057946809,(((t20:0.0423260029,t2:0.0423260029):0.1425487084,t3:0.1848747112):0.1099666385,t35:0.2948413497):0.002355911931):0.1820663696):0.2829953674,(((t4:0.09585462078,t21:0.09585462078):0.2125148953,(t18:0.1792998485,t33:0.1792998485):0.1290696676):0.1933284469,((t1:0.1507948269,((t5:0.004875360899,t23:0.004875360899):0.1224435876,t17:0.1273189485):0.02347587841):0.2511255842,((t10:0.3282565851,(((t19:0.214068023,(t8:0.04613656991,t11:0.04613656991):0.1679314531):0.0681643053,(t36:0.2562450807,((((t16:0.004363391648,t15:0.004363391648):0.07957451036,(t6:0.01242508795,t22:0.01242508795):0.07151281406):0.09085719806,t13:0.1747951001):0.04865095977,t34:0.2234460598):0.03279902091):0.02598724758):0.0009252002849,(t14:0.1141470591,t26:0.1141470591):0.1690104695):0.04509905648):0.04709755964,t31:0.3753541447):0.02656626639):0.09977755191):0.2605610356):0.2746975696):0.1531022917;
32|2.76955274379812|0.384568061728496|0.594541901606135|((t12:0.5975844489,t32:0.5975844489):0.2622454413,((((((t2:0.1998193397,t21:0.1998193397):0.01514511818,t7:0.2149644578):0.2054529558,(((t20:0.05974974771,t11:0.05974974771):0.1532730574,t29:0.2130228051):0.1250999455,t8:0.3381227506):0.08229466307):0.07641708226,((t10:0.2860808022,(t28:0.1665517369,t27:0.1665517369):0.1195290653):0.08516396413,((t26:0.1470506595,t24:0.1470506595):0.02510040064,t9:0.1721510601):0.1990937062):0.1255897296):0.2562301619,t18:0.7530646578):0.08791257934,(((t17:0.2467116626,(t23:0.1499764036,((t25:0.003183515243,t31:0.003183515243):0.05803201106,t5:0.0612155263):0.08876087727):0.09673525898):0.1387458997,t15:0.3854575623):0.4356665731,(((t16:0.2660015468,(t22:0.1553673226,t4:0.1553673226):0.1106342241):0.2497385875,(t14:0.261798458,(t13:0.004388447376,t19:0.004388447376):0.2574100107):0.2539416762):0.09169417079,(t1:0.5872941319,((t3:0.01140148153,t30:0.01140148153):0.1006192219,t6:0.1120207034):0.4752734284):0.02014017315):0.2136898304):0.01985310177):0.01885265306):0.09012944887;
24|3.62304753725184|0.294198500933126|0.581279886770062|(((((t20:0.07964854743,t24:0.07964854743):0.05467316086,t15:0.1343217083):0.5085619514,(((t5:0.2412040636,t13:0.2412040636):0.1981532024,t9:0.4393572659):0.02305388091,t17:0.4624111468):0.1804725128):0.1282239134,(((t12:0.1243535553,t23:0.1243535553):0.1883226471,((((t1:0.04028313286,t10:0.04028313286):0.06139973853,t14:0.1016828714):0.07011792108,(t19:0.163236911,t8:0.163236911):0.008563881479):0.07686690427,t7:0.2486676967):0.06400850567):0.2641896066,((t16:0.3880684452,(t21:0.2310655549,(t18:0.09471749499,t11:0.09471749499):0.13634806):0.1570028902):0.07446592743,(t2:0.08656507894,t3:0.08656507894):0.3759692937):0.1143314364):0.194241764):0.007837534334,(t4:0.1701225084,(t6:0.1326014547,t22:0.1326014547):0.03752105371):0.608822599):0.290240943;
25|3.22680061789695|0.0686657855799422|0.663003213820048|(t6:0.7895448642,((((t16:0.1141775274,(t24:0.1071515114,t5:0.1071515114):0.007026016018):0.09769660511,t10:0.2118741326):0.2962712466,((t22:0.2480128169,((t25:0.005547485732,t19:0.005547485732):0.1560703081,(t12:0.008674622568,t13:0.008674622568):0.1529431712):0.08639502308):0.1060229703,(((t11:0.06351008488,(t21:0.01338852735,t4:0.01338852735):0.05012155753):0.01635270658,t8:0.07986279146):0.07552022849,(t7:0.1139983169,t2:0.1139983169):0.04138470303):0.1986527672):0.154109592):0.2412548714,(t20:0.7489591323,((t15:0.5534078821,t18:0.5534078821):0.1879192587,((((t23:0.2074104316,t9:0.2074104316):0.07306295103,t3:0.2804733826):0.0531445378,t14:0.3336179204):0.1141839475,(t17:0.3295698628,t1:0.3295698628):0.118232005):0.2935252729):0.007631991556):0.0004411182255):0.04014461365):0.0138389998;
15|1.84421925371047|0.327733312279452|0.854111325694248|((t11:0.6504298705,((t10:0.2904389656,t6:0.2904389656):0.3220718305,t9:0.6125107961):0.03791907432):0.2992365003,(((t12:0.4345262826,t4:0.4345262826):0.3720231127,(((t13:0.08527396393,t1:0.08527396393):0.2018903991,(t14:0.0819389224,t15:0.0819389224):0.2052254407):0.1997053079,(t3:0.08076157411,t7:0.08076157411):0.4061080968):0.3196797243):0.0720090701,((t5:0.2010431527,t8:0.2010431527):0.2168763555,t2:0.4179195081):0.4606389572):0.07110790534):1.174079407;
49|2.38394606865477|0.213215700206347|0.617944088531658|((((t32:0.5497023857,t4:0.5497023857):0.9662328053,(((t27:0.5784342918,t42:0.5784342918):0.02306729996,(t29:0.4466977183,(t10:0.4292160683,t13:0.4292160683):0.01748164996):0.1548038735):0.07753908588,(t38:0.07480121644,(t1:0.02152238404,t34:0.02152238404):0.0532788324):0.6042394612):0.8368945134):0.05407379403,(t49:0.8189080945,(((t6:0.2712939016,t2:0.2712939016):0.03038916442,(t20:0.2839017817,t26:0.2839017817):0.01778128431):0.3351873777,((t24:0.2888417521,t37:0.2888417521):0.3116470304,t45:0.6004887825):0.03638166128):0.1820376508):0.7511008905):0.05039372274,((((t16:0.233137481,(t46:0.03418370369,(t15:0.02127847955,t11:0.02127847955):0.01290522414):0.1989537773):0.07393114172,(t33:0.1704682593,t39:0.1704682593):0.1366003634):1.169712707,(t35:0.6819471379,t40:0.6819471379):0.7948341919):0.0908491297,((((t19:0.04024842283,(t8:0.0115852851,t25:0.0115852851):0.02866313772):0.2363725912,t43:0.2766210141):1.162092759,((t17:0.6007556454,(t9:0.5059227082,t22:0.5059227082):0.09483293724):0.4543341945,(((t3:0.1414733905,t31:0.1414733905):0.3571211229,((t14:0.271993718,t21:0.271993718):0.03757215904,(t5:0.2687445365,t30:0.2687445365):0.04082134059):0.1890286364):0.07366304126,t36:0.5722575547):0.4828322852):0.3836239327):0.08990717113,(t47:1.01295034,(((t48:0.2599685519,t7:0.2599685519):0.2122092544,(t23:0.01413171045,t12:0.01413171045):0.4580460959):0.09036943496,(((t18:0.002288414277,t28:0.002288414277):0.06603535329,t41:0.06832376757):0.303889021,t44:0.3722127886):0.1903344527):0.4504030987):0.5156706037):0.03900951576):0.0527722483):0.5353075074;
24|0.957136385431513|0.31543458895525|0.562978605972603|(((((t9:0.04593640535,t3:0.04593640535):0.7320556999,(t17:0.766279036,(t20:0.5576245968,t22:0.5576245968):0.2086544392):0.01171306924):0.1728431059,t13:0.9508352111):1.100697678,(t19:1.688185341,t21:1.688185341):0.363347548):0.04584206685,((((t11:0.1944207168,(t23:0.1649252078,(t6:0.1508775127,t18:0.1508775127):0.01404769509):0.02949550906):1.253055388,(t7:1.28696192,(t16:1.204273239,(t24:0.7710004754,((t1:0.2722378153,((t10:0.1352445098,t4:0.1352445098):0.003100543349,t5:0.1383450532):0.1338927621):0.02545842794,t14:0.2976962433):0.4733042321):0.4332727638):0.08268868048):0.1605141847):0.1947585099,(t8:0.04897491378,t12:0.04897491378):1.5932597):0.08340846568,(t2:0.2477644704,t15:0.2477644704):1.47787861):0.3717318764):0.07042112963;
22|2.04933702065609|0.21991689049406|0.580764296231791|(((t8:0.073512759,t15:0.073512759):1.093348358,((t2:0.3973256834,((t22:0.2335389176,t18:0.2335389176):0.1303513836,t14:0.3638903012):0.03343538224):0.4473101569,t19:0.8446358403):0.3222252765):0.9801457495,((((t3:0.4971243812,(t4:0.2615547686,(t16:0.1599483576,(t9:0.02655360587,t1:0.02655360587):0.1333947518):0.101606411):0.2355696125):0.4427603399,((t17:0.5405953886,(t7:0.4567855983,(t12:0.3841786717,t10:0.3841786717):0.07260692664):0.08380979032):0.2182291419,(t20:0.2893469161,t6:0.2893469161):0.4694776144):0.1810601905):0.4171619142,t11:1.357046635):0.09717223655,(t5:0.336356887,(t21:0.1260515628,t13:0.1260515628):0.2103053242):1.117861985):0.6927879945):0.3801388123;
20|3.8454963304894|0.373896387978457|0.538632314419374|(((((t18:0.06255243727,t13:0.06255243727):0.1478300455,(t15:0.1754099465,t1:0.1754099465):0.03497253624):0.2809823426,t2:0.4913648254):0.332926764,t3:0.8242915894):0.004351839444,((((t7:0.1673822754,t11:0.1673822754):0.09597453367,t16:0.263356809):0.325242691,((t5:0.1364081252,t9:0.1364081252):0.01203119056,t14:0.1484393157):0.4401601843):0.1524267133,((((t12:0.02062013286,t19:0.02062013286):0.2183470952,(t17:0.07397460462,t10:0.07397460462):0.1649926234):0.01329767034,(t20:0.02319324054,t4:0.02319324054):0.2290716578):0.2439533854,(t8:0.1042592593,t6:0.1042592593):0.3919590245):0.2448079296):0.08761721545):1.762829289;
41|1.21300171098672|0.350075984911527|0.865409808116965|((((t10:0.6783019223,t19:0.6783019223):0.172054568,t22:0.8503564903):0.6379191717,((t21:1.100077972,((t6:0.5296520431,((t41:0.0007021812676,t35:0.0007021812676):0.4699737868,t4:0.4706759681):0.05897607499):0.3668454272,(t2:0.1983530373,t37:0.1983530373):0.698144433):0.2035805019):0.118483514,(((t29:0.4357072277,((t11:0.08356420524,t25:0.08356420524):0.2428469189,t27:0.3264111242):0.1092961035):0.3314331204,(((t12:0.1625937589,t28:0.1625937589):0.1357788804,t20:0.2983726393):0.2687375377,(((t30:0.1903452146,t16:0.1903452146):0.07130063025,(t39:0.03993619051,t36:0.03993619051):0.2217096543):0.09568779238,(t32:0.07902312514,t3:0.07902312514):0.2783105121):0.2097765398):0.200030171):0.3586544143,(t13:1.095098624,(t9:0.3338365431,(t34:0.1739467887,t18:0.1739467887):0.1598897544):0.7612620806):0.03069613859):0.09276672395):0.2697141757):0.3145399002,((t24:1.005622931,((t17:0.4891876767,t23:0.4891876767):0.3862204019,(t40:0.6859940869,(t38:0.5314448432,((t7:0.0404506254,t26:0.0404506254):0.3454368797,t31:0.3858875051):0.145557338):0.1545492437):0.1894139917):0.1302148523):0.1410145952,((t8:0.2708527037,((t15:0.1052806614,t14:0.1052806614):0.1486924551,(t5:0.09569751258,t1:0.09569751258):0.1582756039):0.0168795873):0.0820822726,t33:0.3529349763):0.7937025498):0.6561780361):1.4065989;
47|3.31157867463306|0.356566592473537|0.803952676709741|(((((t19:0.1362454996,t5:0.1362454996):0.07246396939,(t11:0.1700756209,t21:0.1700756209):0.03863384806):0.06875515189,(t33:0.1686719888,(t7:0.03507591331,t26:0.03507591331):0.1335960755):0.1087926321):0.3248799374,((((t3:0.08832565962,t17:0.08832565962):0.1194334632,((t27:0.05513333292,t44:0.05513333292):0.1336032705,t29:0.1887366034):0.01902251938):0.0840960339,t34:0.2918551567):0.3033590958,(t42:0.4325472947,(((((t43:0.1216826677,t22:0.1216826677):0.08196242911,(t9:0.1189623025,(t28:0.03393097075,t47:0.03393097075):0.08503133173):0.08468279429):0.04582314071,(t1:0.1050909923,t15:0.1050909923):0.1443772452):0.02701142566,(t2:0.1724375358,(t14:0.006129770052,t35:0.006129770052):0.1663077658):0.1040421273):0.07292772408,(t41:0.05568186581,t24:0.05568186581):0.2937255214):0.08313990749):0.1626669578):0.007130305679):0.0673698421,((((t8:0.0205313086,t16:0.0205313086):0.4114533249,t36:0.4319846335):0.1712466761,(((t18:0.09780015213,t20:0.09780015213):0.3187564659,((t45:0.3953743677,(((t25:0.0006839891056,t12:0.0006839891056):0.1429651514,t46:0.1436491406):0.2320697252,t30:0.3757188658):0.01965550193):0.01615067578,(t10:0.06461883366,(t4:0.04053773334,t38:0.04053773334):0.02408110033):0.3469062098):0.00503157456):0.08234925129,(((t6:0.1454838818,t31:0.1454838818):0.1709505637,(t40:0.1354296125,t32:0.1354296125):0.181004833):0.04068714773,t23:0.3571215933):0.1417842761):0.1043254402):0.04997618954,((t13:0.348408278,t39:0.348408278):0.01685603042,t37:0.3652643084):0.2879431907):0.0165069012):0.00142019668;
28|1.54686686868314|0.145126335597597|0.612515502842143|(((t20:1.229945189,(t5:0.9822320949,t28:0.9822320949):0.247713094):0.08551409324,(t26:1.257770524,((t11:1.188713236,((t9:0.08593276591,t4:0.08593276591):0.498392866,(t14:0.0902281125,t19:0.0902281125):0.4940975194):0.604387604):0.03326299179,(((t10:0.2179727988,(t21:0.1971564084,(t6:0.1583449824,t7:0.1583449824):0.03881142594):0.02081639038):0.1488153902,((t2:0.2999916021,t25:0.2999916021):0.0306397816,(t24:0.1586730715,((t23:0.0009139213044,t13:0.0009139213044):0.09561782903,t1:0.09653175033):0.06214132121):0.1719583122):0.03615680518):0.7602314083,t12:1.127019597):0.0949566304):0.03579429615):0.05768875834):0.3887721707,(t8:1.682638722,(((t27:0.215864275,t3:0.215864275):0.6256091973,t15:0.8414734723):0.3327609546,(((t17:0.07758071135,t16:0.07758071135):0.1655037901,t22:0.2430845015):0.0982200978,t18:0.3413045993):0.8329298276):0.5084042947):0.02159273124):0.1880329936;
28|3.91710229733726|0.240132311240304|0.631673871190287|(((t25:0.08677593964,((t20:0.02710539624,t26:0.02710539624):0.02650195489,(t10:0.02312169273,(t15:0.0203986532,t13:0.0203986532):0.002723039528):0.03048565839):0.03316858851):0.1667638148,(t23:0.05019437714,(t17:0.0485583352,t19:0.0485583352):0.001636041942):0.2033453773):0.3467252016,(((t1:0.3013574726,(t4:0.2582773147,(t16:0.05828831768,t22:0.05828831768):0.199988997):0.04308015788):0.01482517831,(((t14:0.06440385132,(t9:0.03985244952,(t6:0.004931435165,t3:0.004931435165):0.03492101435):0.0245514018):0.04768321042,t18:0.1120870617):0.06534471597,t28:0.1774317777):0.1387508732):0.1544228971,((t24:0.2779387457,((((t12:0.03328254114,t2:0.03328254114):0.05532551329,t5:0.08860805442):0.1637604987,(t21:0.2463019957,(t8:0.1519581319,t7:0.1519581319):0.09434386378):0.006066557406):0.01445967726,t27:0.2668282303):0.01111051534):0.1719680715,t11:0.4499068171):0.0206987309):0.129659408):0.7016961508;
44|1.74357745767338|0.447345423323568|0.772803850588389|((((((t37:0.472857355,t16:0.472857355):0.1365859085,(((t31:0.01517992168,(t4:0.005500686302,t15:0.005500686302):0.009679235379):0.01236257833,t8:0.02754250001):0.2053262316,t22:0.2328687316):0.3765745318):0.2259887627,(t13:0.8220187212,((t23:0.1012140865,t11:0.1012140865):0.1535915172,(t3:0.02241404472,t43:0.02241404472):0.2323915589):0.5672131175):0.01341330499):0.1891988863,(((t21:0.4802989466,t24:0.4802989466):0.1565558224,(((t41:0.2499515711,t7:0.2499515711):0.1309985654,t34:0.3809501365):0.07278949756,(t14:0.2026763002,(t29:0.1295668265,t27:0.1295668265):0.07310947376):0.2510633338):0.1831151349):0.3435595007,((t40:0.3792632754,(t5:0.05912886084,t17:0.05912886084):0.3201344145):0.2642725835,t12:0.6435358589):0.3368784108):0.04421664282):0.04324412727,((t35:0.4385564436,(t19:0.03893107707,t33:0.03893107707):0.3996253666):0.4803544504,(((t2:0.06937548482,(t32:0.03998053332,t6:0.03998053332):0.0293949515):0.4893070065,t9:0.5586824914):0.1436701007,(t39:0.0596090712,t26:0.0596090712):0.6427435208):0.216558302):0.1489641458):0.1595499787,((((((t20:0.2478253177,(t36:0.06778332984,t28:0.06778332984):0.1800419879):0.0320537001,t30:0.2798790178):0.04851245365,((t18:0.03852608451,t10:0.03852608451):0.1778741721,t42:0.2164002566):0.1119912149):0.04285498322,t1:0.3712464547):0.005723004485,(t25:0.3546945886,t44:0.3546945886):0.02227487057):0.1142372076,t38:0.4912066668):0.7362183517):0.1177660799;
46|1.54725986670237|0.0237133496068418|0.971617100876756|(((((((t39:0.3118950098,(t27:0.144954521,t14:0.144954521):0.1669404888):0.1262712876,((t5:0.06966196683,t23:0.06966196683):0.08457681877,t13:0.1542387856):0.2839275118):0.4701828799,((t10:0.1813087513,t22:0.1813087513):0.09250462352,t40:0.2738133748):0.6345358025):0.1925421303,(t1:0.6048026858,t32:0.6048026858):0.4960886219):0.09867945578,((t28:0.4965413508,((t16:0.2893390545,((t11:0.01583837519,t3:0.01583837519):0.2084577306,t37:0.2242961058):0.0650429487):0.1448210257,t2:0.4341600802):0.06238127069):0.2491384006,(t46:0.2658068354,t7:0.2658068354):0.4798729161):0.453891012):0.2250680444,((((t26:0.3370463577,t44:0.3370463577):0.4712695047,(t17:0.01701118379,t34:0.01701118379):0.7913046786):0.321243462,(((t4:0.06049784316,t38:0.06049784316):0.03058926368,t12:0.09108710684):0.4197622758,t24:0.5108493827):0.6187099417):0.2397522433,(t36:1.143713392,((((t20:0.2222088232,t45:0.2222088232):0.01258938174,(t9:0.004577094324,t43:0.004577094324):0.2302211106):0.03023640191,t21:0.2650346068):0.4351864767,(t29:0.2321110073,t8:0.2321110073):0.4681100763):0.4434923087):0.2255981754):0.05532724011):0.2071628414,(((t41:0.121294597,t30:0.121294597):0.4665358947,(t25:0.5522252841,((((t18:0.04141366944,t31:0.04141366944):0.03619890499,t15:0.07761257443):0.04143219647,t35:0.1190447709):0.3728314685,t33:0.4918762394):0.06034904473):0.03560520769):0.5838152094,((t19:0.2932930434,t6:0.2932930434):0.1751142216,t42:0.4684072649):0.7032384362):0.460155948):0.3691039184;
39|1.50801186549943|0.263909335343633|0.844264913350344|(((t29:0.4259787078,t28:0.4259787078):0.9662744132,(((t30:0.8789105069,((((t10:0.04386451349,t3:0.04386451349):0.04385710494,t26:0.08772161843):0.6376987605,t7:0.725420379):0.04873602216,(t36:0.5505256515,t33:0.5505256515):0.2236307496):0.1047541057):0.07818667913,((((((t15:0.05576764362,t14:0.05576764362):0.1002248467,t18:0.1559924903):0.02111980115,t19:0.1771122914):0.0305824746,((t22:0.03556939348,t9:0.03556939348):0.03216456795,(t8:0.006381729389,(t37:0.0002265209024,t25:0.0002265209024):0.006155208487):0.06135223205):0.1399608046):0.3753196301,((t2:0.01727083749,t31:0.01727083749):0.1471014628,t17:0.1643723003):0.4186420958):0.01483015715,(t23:0.1183456797,t20:0.1183456797):0.4794988735):0.3592526328):0.1471626583,(t11:0.4894668933,t4:0.4894668933):0.614792951):0.2879932766):0.09688414494,(((((t39:0.08808626104,t27:0.08808626104):0.04492105697,t5:0.133007318):0.105276453,t1:0.238283771):0.2164632208,((t32:0.2729657176,(((t6:0.08659246405,t34:0.08659246405):0.01826777513,t24:0.1048602392):0.04074377643,t16:0.1456040156):0.127361702):0.03311415179,t35:0.3060798694):0.1486671224):0.1320135775,((t38:0.1193737521,t13:0.1193737521):0.3609941798,(t12:0.1076539776,t21:0.1076539776):0.3727139544):0.1063926374):0.9023766966):1.735780205;
10|2.47345266626915|0.147965685890522|0.73728837352246|(((t9:0.1760214032,(t3:0.01897511172,t7:0.01897511172):0.1570462915):0.357362388,(t4:0.1672162952,t8:0.1672162952):0.3661674961):0.333313348,(t5:0.6495478818,((t2:0.07290538632,t1:0.07290538632):0.1009939563,(t10:0.03819836473,t6:0.03819836473):0.1357009779):0.4756485392):0.2171492574):0.1940958995;
31|0.114067061075475|0.16898257111432|0.707571977865882|(((((t26:5.656245227,t29:5.656245227):0.3806990551,(t21:1.798413487,t31:1.798413487):4.238530795):4.22079002,t25:10.2577343):0.846382893,(t4:3.686661176,t10:3.686661176):7.417456019):12.53844514,((t8:3.821480844,t23:3.821480844):12.67648789,((t19:1.670878021,t13:1.670878021):13.62934827,((((t17:2.843680953,t15:2.843680953):7.504662322,(((t2:3.668075559,t27:3.668075559):0.3100323815,(t18:1.641931142,t22:1.641931142):2.336176799):4.400383295,t20:8.378491236):1.969852039):1.247846488,((((t5:4.101973918,(t3:0.530264678,t1:0.530264678):3.57170924):0.9135538789,t24:5.015527796):3.246011565,((t6:0.1121826704,t7:0.1121826704):2.896523945,t9:3.008706615):5.252832746):2.541698381,(t14:4.680334567,t28:4.680334567):6.122903175):0.7929520207):0.1593185613,(((t11:3.038874643,t12:3.038874643):1.317724803,t30:4.356599447):2.789980604,t16:7.146580051):4.608928274):3.544717969):1.197742442):7.144593602):3.567130162;
49|1.48381759770215|0.498900745480787|0.778447339776903|(((t37:0.5101714179,t38:0.5101714179):1.362027771,((t12:0.1067718716,t32:0.1067718716):1.215994541,((t6:1.2742754,((t45:0.7210944021,((t42:0.2128930111,t21:0.2128930111):0.269519617,((t10:0.2215348284,t39:0.2215348284):0.2354336125,(t43:0.147526831,t13:0.147526831):0.3094416098):0.0254441873):0.2386817739):0.2206645164,(t18:0.7681860123,t24:0.7681860123):0.1735729062):0.3325164811):0.02622042977,((t16:0.0771138339,t3:0.0771138339):1.163466988,t7:1.240580822):0.05991500747):0.02227058323):0.5494327762):0.2925389987,((((t48:0.4061051658,((((t25:0.1251610932,t46:0.1251610932):0.09125457772,t19:0.216415671):0.00503155794,t2:0.2214472289):0.01980697793,t22:0.2412542068):0.1648509589):0.6579977117,(((t14:0.03026285383,t5:0.03026285383):0.1572050125,t15:0.1874678663):0.6380291042,(((t35:0.3509392273,t4:0.3509392273):0.2907403031,((t29:0.2802548042,(t17:0.04731450178,t41:0.04731450178):0.2329403025):0.3190343445,(t49:0.3398485815,t44:0.3398485815):0.2594405673):0.04239038159):0.1166128306,(t20:0.04697997416,t33:0.04697997416):0.7113123868):0.06720460958):0.2386059069):0.3206882021,(((t30:0.5506214253,((t8:0.1767840892,t34:0.1767840892):0.03434955656,(t9:0.1916321763,(t23:0.1680343731,(t36:0.05061491896,t28:0.05061491896):0.1174194541):0.0235978032):0.01950146951):0.3394877795):0.2745260086,(t27:0.5396488926,((t47:0.116463235,t40:0.116463235):0.2922875533,(t26:0.301362843,t1:0.301362843):0.1073879453):0.1308981043):0.2854985413):0.006780738442,t31:0.8319281723):0.5528629072):0.1412396768,t11:1.526030756):0.6387074311):0.2292411176;
13|1.5429917846201|0.358105014348403|0.749411351513118|((((((t13:0.4106289115,(t9:0.3895274756,(t12:0.007275279277,t10:0.007275279277):0.3822521963):0.0211014359):0.1533392204,t2:0.5639681319):0.08052675211,(t7:0.09863516073,t3:0.09863516073):0.5458597233):0.4158601669,t6:1.060355051):0.0966397079,((t11:0.2659519358,t1:0.2659519358):0.460491159,(t5:0.2269339212,t4:0.2269339212):0.4995091736):0.430551664):0.103409822,t8:1.260404581):0.005495169588;
21|0.191462130025029|0.12406859992072|0.562600690522231|((t21:8.32967129,(((t13:2.073637896,t12:2.073637896):4.90599443,(t19:0.7885637818,t10:0.7885637818):6.191068544):0.9604869613,(((t7:1.734998503,t16:1.734998503):0.1967909454,t17:1.931789448):1.567749432,(t9:3.227971323,t2:3.227971323):0.2715675574):4.440580406):0.3895520033):2.587588381,(((t4:3.592754296,(t1:3.339935936,(((t14:0.7160113831,t6:0.7160113831):0.2463273854,t11:0.9623387686):1.384488616,t20:2.346827385):0.9931085512):0.2528183597):4.012166792,t5:7.604921087):1.716156995,((t15:5.035044757,t18:5.035044757):0.78749193,(t3:2.497123144,t8:2.497123144):3.325413543):3.498541395):1.596181589):0.6896076315;
34|0.949609467634|0.304592814773787|0.523361562518403|(((((t24:0.03664096812,t28:0.03664096812):0.01703201845,t3:0.05367298657):1.095302298,t10:1.148975285):0.07058322131,((t31:0.9911203156,t9:0.9911203156):0.1257624638,t8:1.116882779):0.1026757264):1.427968973,((((((t26:0.1939715905,t12:0.1939715905):0.754776753,t19:0.9487483434):0.6952563382,((t34:0.6610527614,t30:0.6610527614):0.6999140086,((t1:0.6213109693,((t5:0.01473440267,t23:0.01473440267):0.5973427893,t15:0.612077192):0.009233777337):0.1736477751,t20:0.7949587444):0.5660080255):0.2830379117):0.1393313955,((t16:0.4365046488,((t17:0.1843086718,t13:0.1843086718):0.1831921979,t11:0.3675008697):0.06900377913):0.3478422818,(t25:0.1713058008,(t22:0.09084095718,t18:0.09084095718):0.08046484362):0.6130411298):0.9989891465):0.6982702119,t6:2.481606289):0.006574219197,(((t2:0.04372011542,t33:0.04372011542):0.9239821011,(t4:0.8110361724,((t32:0.4769938754,(t7:0.3457435194,t21:0.3457435194):0.1312503559):0.07879238699,(t14:0.1775207659,t29:0.1775207659):0.3782654964):0.2552499101):0.1566660441):0.1368191876,t27:1.104521404):1.383659104):0.1593469702):0.101752391;
33|0.794599279791582|0.144864817583002|0.999010198866017|((((((t33:0.3076735468,t6:0.3076735468):0.4512213706,(t1:0.4287167368,(t23:0.08052353195,t30:0.08052353195):0.3481932048):0.3301781806):0.3069961341,t15:1.065891051):0.01757898668,t14:1.083470038):0.8326973857,(t24:1.85640746,(t3:1.802144982,(((t18:0.04805394544,t8:0.04805394544):0.9492355658,((t31:0.7546994054,((t2:0.1188488697,t19:0.1188488697):0.625630014,t11:0.7444788837):0.01022052162):0.0817279813,((t10:0.5601634537,t21:0.5601634537):0.1873083836,t27:0.7474718373):0.0889555494):0.1608621246):0.3059338482,(t28:1.178586181,((t29:0.2240684929,(t22:0.2225702018,t5:0.2225702018):0.001498291071):0.8827793019,((t13:0.5390644477,(t32:0.4291214742,t4:0.4291214742):0.1099429734):0.2125970994,t9:0.7516615471):0.3551862477):0.07173838575):0.1246371789):0.4989216229):0.05426247789):0.05975996367):0.0540828049,(((t17:0.6455044303,t7:0.6455044303):0.1952307504,t20:0.8407351807):0.3429668086,((t26:0.2705233881,t12:0.2705233881):0.2025213301,(t25:0.2103606847,t16:0.2103606847):0.2626840334):0.7106572711):0.7865482395):0.2223107275;
13|1.29673407783965|0.499701654696837|0.68457103590481|(((t12:1.138498851,(((t5:0.7048333825,t3:0.7048333825):0.0112655759,t11:0.7160989584):0.4010309813,t9:1.11712994):0.02136891129):0.3364247811,(((t6:0.2756801724,t8:0.2756801724):0.2425682604,(t13:0.003020319331,t4:0.003020319331):0.5152281134):0.6891540122,t1:1.207402445):0.2675211872):0.7021713987,(t10:0.2928620389,(t2:0.1856071494,t7:0.1856071494):0.1072548895):1.884232992):1.283049228;
39|0.388563343454152|0.041593980838079|0.655124271987006|(((((((t34:1.355429226,t21:1.355429226):4.378285116,t30:5.733714341):0.9841303769,(((t29:1.72204299,(t16:1.506473785,(t4:0.5907178753,t27:0.5907178753):0.9157559097):0.2155692047):0.6932473039,t24:2.415290294):1.068015652,(t12:2.639444261,t32:2.639444261):0.8438616846):3.234538773):0.1064949911,(((t39:2.969281206,(t36:0.423586992,t6:0.423586992):2.545694214):0.3609292097,(t9:2.480852365,(((t23:0.6330305946,t14:0.6330305946):0.5775625504,t3:1.210593145):0.8662261945,t2:2.07681934):0.4040330255):0.8493580504):3.257973417,((t10:4.667663799,(t37:2.578711997,t26:2.578711997):2.088951802):0.3174054755,(((t11:1.687211055,(t31:0.04403926162,t15:0.04403926162):1.643171793):1.390078881,t35:3.077289936):1.460450212,t19:4.537740149):0.4473291256):1.603114558):0.2361558774):1.187458896,(t38:3.83308507,((t8:2.080557503,((t25:0.3272758053,t20:0.3272758053):1.398773554,t5:1.726049359):0.3545081435):1.160181987,(t18:1.984609797,(t33:0.1998340196,t22:0.1998340196):1.784775777):1.256129693):0.5923455797):4.178713536):0.5511109268,(t17:3.573607311,(t7:1.060826279,(t28:0.4261189579,t1:0.4261189579):0.634707321):2.512781032):4.989302221):0.4883448294,t13:9.051254361):2.053575713;
40|0.876025828989223|0.0168038902780972|0.861806733882986|(t30:5.3825769,(((((t25:1.103360608,(t21:0.1863356744,t24:0.1863356744):0.917024934):0.2244705828,((t4:0.9226719656,(t9:0.2121939625,(t11:0.1338618867,t23:0.1338618867):0.07833207585):0.7104780031):0.3131659203,(t20:0.6547685412,t34:0.6547685412):0.5810693447):0.09199330535):1.013238784,(t33:2.02481515,((t29:0.5598202057,((t32:0.1152354501,t8:0.1152354501):0.08730514505,(t38:0.193956728,t28:0.193956728):0.008583867194):0.3572796106):0.6052494768,((((t22:0.1895528612,t7:0.1895528612):0.2281431993,t13:0.4176960605):0.1019562905,t26:0.5196523511):0.4310010339,(((t10:0.2603023722,t3:0.2603023722):0.1141621417,t37:0.3744645139):0.4034865038,t1:0.7779510177):0.1727023672):0.2144162975):0.8597454672):0.3162548255):0.1823400013,(t36:1.605669705,t15:1.605669705):0.9177402711):0.9405036443,((t14:1.353463788,t17:1.353463788):1.81676591,((t5:0.09557869591,t6:0.09557869591):2.294302823,(((t2:1.074684821,(t40:0.2935391672,t39:0.2935391672):0.7811456534):0.856436718,((t19:0.09507332258,t16:0.09507332258):1.095132128,((t27:0.4963894427,(t31:0.3363421154,t12:0.3363421154):0.1600473272):0.6448092601,t18:1.141198703):0.04900674768):0.7409160881):0.1839192983,t35:2.115040837):0.2748406824):0.7803481787):0.2936839228):1.918663279):2.030692027;
50|0.454753420499619|0.24568544708658|0.910429657553323|(((((t1:2.593727897,(t23:1.886873097,t44:1.886873097):0.7068548):1.316251677,t25:3.909979574):1.67776532,((((((t39:0.9251519014,(t24:0.3247214829,t6:0.3247214829):0.6004304184):0.2435775901,(t9:0.3143416537,t14:0.3143416537):0.8543878378):1.09019586,(t4:1.036809276,(t38:0.3399522043,t3:0.3399522043):0.6968570715):1.222116076):0.02376867472,(((t46:0.118673551,(t42:0.03357720844,t32:0.03357720844):0.08509634259):0.191612543,t43:0.310286094):1.922220036,t5:2.23250613):0.05018789647):0.177308078,(t10:0.3516446517,t20:0.3516446517):2.108357453):0.4545140005,(((t2:0.4822305336,t31:0.4822305336):0.9859872581,(t28:0.4848514319,t48:0.4848514319):0.9833663597):0.09151280871,(t12:0.7616751508,t34:0.7616751508):0.7980554496):1.354785504):2.673228789):0.3209076489,(((((t29:0.220254892,t7:0.220254892):0.1901615533,t33:0.4104164453):1.381374736,(t26:1.269639682,(t17:0.3330336579,t45:0.3330336579):0.9366060239):0.5221514999):0.9187949021,(t13:1.010572845,t49:1.010572845):1.700013239):1.903176819,t18:4.613762903):1.29488964):1.807942292,(((t37:1.686277105,(t16:1.663420831,t27:1.663420831):0.02285627415):1.251373889,(t19:2.665303985,((t36:2.233024485,((((t41:0.205250138,t21:0.205250138):0.6451305983,t50:0.8503807363):1.060681361,t30:1.911062098):0.272493076,((t22:0.45232423,t35:0.45232423):0.5538224015,t47:1.006146632):1.177408542):0.04946931126):0.3688140855,t15:2.60183857):0.06346541496):0.272347009):0.4353792497,((t40:0.4176244266,t11:0.4176244266):0.209182755,t8:0.6268071816):2.746223062):4.343564591):1.330510519;
43|3.56896228246158|0.199011657896917|0.591183948563412|(((t34:0.4116805171,t7:0.4116805171):0.4438436257,t11:0.8555241428):0.1196224098,(((((t16:0.1352978448,t9:0.1352978448):0.1111555072,(t40:0.1141255107,(t25:0.04283709949,t2:0.04283709949):0.07128841122):0.1323278413):0.03420368527,(t31:0.1847647831,t38:0.1847647831):0.09589225414):0.3310904403,((((t29:0.1278019335,((t10:0.01715171326,t35:0.01715171326):0.005147105121,t5:0.02229881838):0.1055031151):0.1853979631,t17:0.3131998966):0.2410615453,t33:0.5542614419):0.02103093693,((t21:0.3111920903,(t37:0.04236824191,t1:0.04236824191):0.2688238484):0.2337278821,(((t15:0.1028655001,t32:0.1028655001):0.1839907349,t22:0.286856235):0.06625783642,t41:0.3531140714):0.191805901):0.03037240637):0.03645509884):0.2160077586,((((t19:0.1463266129,t23:0.1463266129):0.1464749408,(t13:0.04129305208,t27:0.04129305208):0.2515085017):0.1428334467,((((((t28:0.1029827589,t12:0.1029827589):0.01077801958,t4:0.1137607785):0.02953548863,t43:0.1432962671):0.1518950663,t24:0.2951913335):0.02897638704,((t6:0.06602071824,t26:0.06602071824):0.03460529246,t36:0.1006260107):0.2235417098):0.06636202436,((t18:0.3145977961,t42:0.3145977961):0.04544602655,(t14:0.02721177496,t8:0.02721177496):0.3328320477):0.03048592218):0.04510525558):0.1445939463,((t39:0.4619149268,(t20:0.1140869588,t30:0.1140869588):0.347827968):0.03095437216,t3:0.492869299):0.08735964783):0.2475262895):0.1473913163):0.4080926862;
19|2.17499554169597|0.391900322060101|0.892889945185743|(((((t18:0.5590382877,t2:0.5590382877):0.1384509949,(t5:0.6392625509,(((t17:0.03467136677,t6:0.03467136677):0.1616908747,t16:0.1963622415):0.04793330716,(((t4:0.0006504624573,t1:0.0006504624573):0.1106518729,t8:0.1113023354):0.03313471703,t9:0.1444370524):0.09985849625):0.3949670023):0.05822673169):0.07615961551,(((t15:0.07483362112,t10:0.07483362112):0.1059926867,(t13:0.01056969888,t12:0.01056969888):0.1702566089):0.2738629277,t11:0.4546892355):0.3189596626):0.1774354888,t7:0.951084387):0.1375662639,((t14:0.1289688665,t19:0.1289688665):0.5148451521,t3:0.6438140186):0.4448366322):6.051023658e-05;
17|3.38613795699319|0.19510125094559|0.953104218700901|((t11:0.09027096074,t10:0.09027096074):0.5508210757,((t1:0.2649946392,t2:0.2649946392):0.2231294723,((t5:0.2965646446,((t16:0.04157532969,t12:0.04157532969):0.1502386912,t14:0.1918140208):0.1047506238):0.1520425373,((t3:0.2808465176,t4:0.2808465176):0.07054271184,((t8:0.1454786694,((t7:0.05333223653,t13:0.05333223653):0.02097358793,t6:0.07430582446):0.0711728449):0.02405871556,(t15:0.138502608,(t17:0.1342842476,t9:0.1342842476):0.0042183605):0.03103477687):0.1818518445):0.09721795245):0.03951692954):0.152967925):0.1496971484;
47|0.411024253799114|0.038981277178973|0.943478764384054|(((t2:3.039300313,t23:3.039300313):2.420034743,((((t33:0.8923321372,(t16:0.3343387256,(t13:0.2963386142,((t5:0.09621355985,t14:0.09621355985):0.0854685962,t28:0.1816821561):0.1146564582):0.03800011143):0.5579934115):2.295835032,t42:3.188167169):0.9690507578,(t41:2.157167921,(t37:0.2069475741,t8:0.2069475741):1.950220347):2.000050006):0.0117487762,t21:4.168966703):1.290368353):6.015980953,((t20:2.955639378,(t45:2.507536029,(t7:1.512651526,t39:1.512651526):0.9948845029):0.4481033482):4.513019239,(t46:6.035758124,((((t12:0.711173837,t38:0.711173837):2.186552659,(t19:2.644888628,t18:2.644888628):0.2528378675):2.553933065,(t6:0.9622175798,t24:0.9622175798):4.489441981):0.5604825777,((t30:2.239123904,((t11:0.02360759508,t43:0.02360759508):0.8799094247,(t26:0.6402065813,t10:0.6402065813):0.2633104384):1.335606884):3.291599542,((((t3:0.7976993806,(t9:0.1506170869,t36:0.1506170869):0.6470822937):0.1806218693,t40:0.9783212498):0.0426747275,t27:1.020995977):3.778295956,((((t35:0.9143309342,t31:0.9143309342):0.4466255118,(t17:0.1072234029,t25:0.1072234029):1.253733043):0.8522011651,t34:2.213157611):0.7696816999,(((t47:0.8655016121,((t29:0.4011701854,(t44:0.151152279,t15:0.151152279):0.2500179064):0.04208929766,t32:0.4432594831):0.422242129):0.3363124115,(t1:0.9150638655,t22:0.9150638655):0.2867501581):1.632719823,t4:2.834533847):0.1483054644):1.816452623):0.7314315121):0.4814186927):0.0236159855):1.432900492):4.006657394):2.201869258;
33|1.99078303774353|0.41493137862999|0.901083016186021|(((((t13:0.369099883,(t30:0.3607889296,((t29:0.1102554541,t9:0.1102554541):0.107430881,t23:0.2176863351):0.1431025945):0.008310953324):0.233444184,((t31:0.120393717,t20:0.120393717):0.3613499471,t16:0.4817436641):0.1208004029):0.1864215335,(t4:0.601980758,t10:0.601980758):0.1869848425):0.204241231,((t27:0.1205283666,t17:0.1205283666):0.7020066104,((t1:0.3483725864,(t6:0.08143585267,t15:0.08143585267):0.2669367337):0.08686453589,(t18:0.08644857083,t14:0.08644857083):0.3487885514):0.3872978548):0.1706718544):0.03018022905,((t21:0.614797299,((t28:0.06259514106,(t24:0.02894086811,t25:0.02894086811):0.03365427294):0.4987669413,(((t11:0.08829414442,t8:0.08829414442):0.3148422701,(t26:0.05071359138,t2:0.05071359138):0.3524228232):0.0989956693,t32:0.5021320839):0.05922999854):0.05343521665):0.06320834655,(((t7:0.03266585937,t22:0.03266585937):0.0569816128,(t12:0.06896971312,t19:0.06896971312):0.02067775905):0.5683610067,((t33:0.09004367985,t5:0.09004367985):0.4246189777,t3:0.5146626575):0.1433458213):0.01999716676):0.3453814149):0.5356425099;
31|0.982281530885957|0.0791803885484114|0.912008838844486|(((((t26:1.251464547,t6:1.251464547):0.09489421361,(((t14:0.2829928613,t10:0.2829928613):0.2384872762,t22:0.5214801375):0.1189568847,((t1:0.4030906268,(t4:0.1927092138,t27:0.1927092138):0.210381413):0.1445785823,t24:0.5476692091):0.09276781305):0.7059217386):0.1772166073,((t17:0.4373120041,t3:0.4373120041):0.02383863424,t31:0.4611506383):1.06242473):0.2906698386,(((t16:0.004972300295,t25:0.004972300295):0.3489533117,((t21:0.1142832242,t29:0.1142832242):0.1555297671,t13:0.2698129913):0.08411262073):1.077682371,((((t28:0.4936194529,((t5:0.230195271,t2:0.230195271):0.2592618023,t23:0.4894570733):0.004162379579):0.08995222914,(t20:0.3256176985,t7:0.3256176985):0.2579539835):0.3706339602,t30:0.9542056423):0.4714415987,t19:1.425647241):0.005960741484):0.3826372241):0.2990601643,((t11:0.4914762228,t8:0.4914762228):1.422190969,(((t9:0.3190545866,t15:0.3190545866):0.157001634,t18:0.4760562206):1.098166581,t12:1.574222802):0.3394443904):0.1996381789):2.627652096;
16|0.811872430669609|0.129841067939997|0.526492469245568|((((t12:1.034260318,t2:1.034260318):0.4668369798,t9:1.501097298):0.7107591948,(t15:0.751649284,(t4:0.1582738099,t5:0.1582738099):0.5933754741):1.460207209):0.5463659878,(((t8:0.7188785636,t14:0.7188785636):0.9459516317,(t1:1.483295972,(t3:1.303569052,t13:1.303569052):0.1797269199):0.1815342237):0.6374322601,(t7:1.93521271,((t16:0.6112351213,t10:0.6112351213):1.275761621,(t6:0.9097516239,t11:0.9097516239):0.9772451183):0.04821596803):0.3670497452):0.4559600251):0.2609887271;
16|2.79132449832512|0.374688503823709|0.964724176563323|((t16:0.0750708821,(t7:0.05693156306,(t5:0.002837959736,t1:0.002837959736):0.05409360333):0.01813931903):0.2567691138,((t3:0.2803658407,(t10:0.1450812438,t14:0.1450812438):0.1352845968):0.03799061173,(((t11:0.008377488248,t15:0.008377488248):0.2157094206,(t12:0.2212299897,(t4:0.1326934448,t13:0.1326934448):0.08853654483):0.0028569192):0.05531548071,(((t9:0.006801186433,t2:0.006801186433):0.05954066398,t8:0.06634185041):0.1606698121,t6:0.2270116625):0.05239072711):0.03895406281):0.01348354353):0.06383719198;
21|0.33869664048776|0.149102509948425|0.739201653283089|(t8:6.106482406,(((t2:4.650007388,(((t11:0.1934796221,t10:0.1934796221):0.6465594428,(t14:0.3875423944,t3:0.3875423944):0.4524966706):1.791238717,(((t12:0.07010847754,t17:0.07010847754):0.4984681448,t13:0.5685766223):1.114784059,(t7:0.3894859158,t21:0.3894859158):1.293874766):0.9479171009):2.018729606):0.6455140823,(t19:1.422617663,((t18:0.1402967906,t5:0.1402967906):1.228702836,t20:1.368999627):0.05361803595):3.872903807):0.003743855795,((t9:2.875922991,((t15:1.30317286,t4:1.30317286):0.1770318158,t6:1.480204676):1.395718315):1.147230421,(t16:1.09305265,t1:1.09305265):2.930100762):1.276111914):0.8072170799):2.534033686;
14|3.02529999511084|0.175987189509906|0.908402371220291|(((((t8:0.182913848,t10:0.182913848):0.2525169362,t9:0.4354307842):0.03489891467,(t2:0.3313950984,(t11:0.1418134884,t7:0.1418134884):0.1895816101):0.1389346005):0.07648494816,(t3:0.3486684427,(((t14:0.0777166246,(t13:0.006596581385,t12:0.006596581385):0.07112004322):0.009606840135,t5:0.08732346474):0.1846457914,t4:0.2719692561):0.07669918664):0.1981462043):0.06091327296,(t1:0.05344091716,t6:0.05344091716):0.5542870028):0.0597852744;
45|3.65007747365627|0.47626639889786|0.667742765392177|((((((t26:0.07097537821,(t4:0.02579975378,t6:0.02579975378):0.04517562443):0.1769317044,(t44:0.1356164178,t34:0.1356164178):0.1122906648):0.2214393837,t17:0.4693464662):0.1053736681,(((t3:0.07415767824,t11:0.07415767824):0.2502846507,t21:0.324442329):0.2174596965,(t35:0.08175764891,(t36:0.03262535171,t25:0.03262535171):0.0491322972):0.4601443766):0.03281810878):0.1831459554,((((((t27:0.05130502672,(t30:9.346841794e-05,t39:9.346841794e-05):0.0512115583):0.05688812634,t29:0.1081931531):0.2580892953,(t9:0.16739163,(t43:0.1155176808,t42:0.1155176808):0.05187394922):0.1988908183):0.149880143,(t15:0.1841588644,t12:0.1841588644):0.332003727):0.1223641014,((t31:0.06086008395,t45:0.06086008395):0.1052993483,((t7:0.01985925231,t16:0.01985925231):0.02542124144,t37:0.04528049376):0.1208789385):0.4723672605):0.08289586712,((t14:0.3009846633,(((t22:0.01847776987,t19:0.01847776987):0.0038874431,t13:0.02236521297):0.03893325391,t33:0.06129846688):0.2396861965):0.1223124228,((t40:0.1901815361,t38:0.1901815361):0.1840653179,((t41:0.06212348049,t5:0.06212348049):0.185889375,(t10:0.1580076935,t24:0.1580076935):0.09000516202):0.1262339985):0.04905023209):0.2981254737):0.03644352982):0.04245596515,((t23:0.06787654033,t2:0.06787654033):0.3856775607,(((t18:0.04646440178,t28:0.04646440178):0.1521678066,t20:0.1986322084):0.114892713,(t32:0.225122929,(t1:0.04918064489,t8:0.04918064489):0.1759422841):0.08840199241):0.1400291796):0.3467679538):0.4192096244;
47|3.41639289885759|0.011918065357022|0.991985078668222|((((t39:0.4024689955,(t40:0.1259348337,(t20:0.02652207606,t24:0.02652207606):0.09941275766):0.2765341618):0.0481573372,(((t7:0.1855281018,t1:0.1855281018):0.103352924,(t27:0.06327654746,t21:0.06327654746):0.2256044783):0.1568585733,t22:0.4457395991):0.0048867336):0.3685148819,((((((t4:0.1951653272,t35:0.1951653272):0.1050668913,((t47:0.0693890146,t26:0.0693890146):0.1376085019,(t45:0.1164880043,t23:0.1164880043):0.09050951215):0.09323470203):0.1270624936,((t16:0.02737876315,t6:0.02737876315):0.02452569339,t32:0.05190445654):0.3753902556):0.13501015,(t36:0.2993756337,t13:0.2993756337):0.2629292284):0.02124010465,(t37:0.1731248303,t2:0.1731248303):0.4104201364):0.210369011,((((((t29:0.0298823471,t34:0.0298823471):0.135734276,t3:0.1656166231):0.02163927318,(t11:0.01174384873,t18:0.01174384873):0.1755120476):0.04646252821,t14:0.2337184245):0.2790372855,(t41:0.3858957235,(t42:0.2242719841,t46:0.2242719841):0.1616237393):0.1268599865):0.1339260652,(((t44:0.2324260538,(t15:0.05661412955,t33:0.05661412955):0.1758119243):0.2614484264,((t25:0.2286217988,(t19:0.1729037903,t43:0.1729037903):0.05571800845):0.256782768,t10:0.4854045668):0.008469913382):0.1200734099,(t31:0.5064068657,((t8:0.03699304655,t30:0.03699304655):0.09906101129,(t28:0.06680263003,t38:0.06680263003):0.06925142781):0.3703528079):0.1075410244):0.03273388511):0.1472322026):0.02522723676):0.008672398266,(t5:0.5161807165,(t12:0.3407953929,(t9:0.3335628332,t17:0.3335628332):0.00723255971):0.1753853236):0.3116328963):0.5685886668;
18|0.68865602560807|0.288094819369726|0.521070163347758|((t3:1.647122956,t15:1.647122956):1.823209504,((((t10:0.3048145379,t17:0.3048145379):0.05547606635,t7:0.3602906043):2.878759743,(t18:0.4913064551,t8:0.4913064551):2.747743892):0.1276401721,(((((t4:0.581489715,t16:0.581489715):0.06238445793,t9:0.6438741729):0.8420294279,t12:1.485903601):0.4603554598,((t1:1.090519317,(t6:0.1654246009,t14:0.1654246009):0.9250947163):0.6337250265,(t2:0.6619173616,t5:0.6619173616):1.062326982):0.2220147169):0.5290875402,(t11:0.7711282193,t13:0.7711282193):1.704218382):0.8913439181):0.103641941):0.7911401138;
20|0.0935847422317602|0.345716226855293|0.55732023739256|((((t11:5.138746555,(t4:3.993076958,t7:3.993076958):1.145669598):7.305982172,(t14:10.73224606,t19:10.73224606):1.712482665):6.494349907,((((t16:1.831647035,t13:1.831647035):1.253798574,t5:3.085445609):11.06474049,((t20:1.630618766,t10:1.630618766):2.80911689,t6:4.439735656):9.710450446):1.614490082,((t12:2.195282288,t3:2.195282288):2.826683132,(t1:2.836611657,t2:2.836611657):2.185353762):10.74271076):3.17440245):13.94063098,(((t18:0.3811840448,t9:0.3811840448):6.33486984,t15:6.716053885):9.687046646,(t17:14.81253432,t8:14.81253432):1.590566208):16.47660909):2.220548726;
27|2.21334527790314|0.27816884847125|0.784450670820661|(((((t17:0.1097628642,t12:0.1097628642):0.3056039203,(t3:0.3591206384,t20:0.3591206384):0.05624614607):0.3015770514,((t24:0.2149556471,((t11:0.03392664107,t18:0.03392664107):0.114273584,(t7:0.1262787907,t8:0.1262787907):0.02192143436):0.06675542202):0.3051077646,(t16:0.3073051025,(t25:0.1622427787,t15:0.1622427787):0.1450623238):0.2127583092):0.1968804241):0.3192510738,((t4:0.08061437908,t5:0.08061437908):0.4239927627,((t23:0.02744439118,t10:0.02744439118):0.3215712321,(t22:0.2726890915,(t13:0.23495036,t27:0.23495036):0.03773873152):0.07632653174):0.1555915185):0.5315877679):0.1612037414,(((t21:0.2041244346,t2:0.2041244346):0.2738728689,(t9:0.1521196057,t1:0.1521196057):0.3258776978):0.07820984679,((t14:0.4537970912,t6:0.4537970912):0.003368073613,(t19:0.03400531073,t26:0.03400531073):0.423159854):0.09904198549):0.6411915008):0.3854529821;
22|2.60119233141653|0.419638206500094|0.82107649196405|((((t10:0.1619934963,((t12:0.05132559702,t19:0.05132559702):0.03385391246,t3:0.08517950947):0.07681398682):0.22136008,t1:0.3833535763):0.008683645413,(((t8:0.07189136514,t2:0.07189136514):0.1147817109,t6:0.186673076):0.1605122965,(((t11:0.06346212884,t7:0.06346212884):0.02679702116,(t21:0.02433095544,t13:0.02433095544):0.06592819455):0.2559105628,((t22:0.1795049187,t4:0.1795049187):0.1290347132,t15:0.3085396319):0.03763008088):0.001015659802):0.04485184917):0.828413045,((t17:0.1988465907,(t20:0.01170250234,t5:0.01170250234):0.1871440884):0.4877048073,((t9:0.1863352393,(t16:0.1401727453,t18:0.1401727453):0.04616249407):0.1708898083,t14:0.3572250476):0.3293263504):0.5338988687):0.09318372912;
15|0.128709513854701|0.443741281824186|0.995930727454834|(((((t9:0.9082855684,t14:0.9082855684):3.56579954,(t11:4.103887583,t4:4.103887583):0.3701975252):0.6185036743,(t3:3.52201507,t8:3.52201507):1.570573713):0.9687069337,(t10:5.759508668,((t6:1.88183048,(t15:0.9907950864,(t1:0.7005243715,t12:0.7005243715):0.2902707149):0.8910353939):1.573076304,t13:3.454906785):2.304601883):0.3017870483):5.748070288,(t7:5.791087229,(t2:0.1696483989,t5:0.1696483989):5.62143883):6.018278775):1.005618203;
18|2.80195281703724|0.289436460880097|0.969967821845785|((((t11:0.1079723485,t10:0.1079723485):0.05679391607,(t4:0.1472177239,((t1:0.05445968045,t8:0.05445968045):0.04644529161,t9:0.1009049721):0.04631275187):0.01754854061):0.08043062397,t18:0.2451968885):0.2790576222,((t16:0.2352853604,(((t7:0.14695276,(t15:0.06053865726,t12:0.06053865726):0.08641410272):0.00906197629,(t14:0.09394929606,t3:0.09394929606):0.06206544022):0.07740512689,(t13:0.001605301559,t5:0.001605301559):0.2318145616):0.00186549719):0.0122486305,((t2:0.1974749373,t17:0.1974749373):0.003668222407,t6:0.2011431597):0.04639083115):0.2767205199):1.42776602;
24|2.90679851372959|0.0919498173287138|0.535161640727893|((((((t17:0.1877007013,t8:0.1877007013):0.4020852351,(((t5:0.211983233,t22:0.211983233):0.0825131658,(((t9:0.01127752302,t20:0.01127752302):0.1669996893,t16:0.1782772124):0.05132253839,(t13:0.1070921333,t1:0.1070921333):0.1225076174):0.0648966481):0.1505688994,t15:0.4450652982):0.1447206382):0.08655591208,t6:0.6763418485):0.2848916806,((t4:0.5969718164,t19:0.5969718164):0.06294426245,((t12:0.2096384604,t18:0.2096384604):0.2696291265,((t23:0.03645234464,t11:0.03645234464):0.2912791418,t14:0.3277314864):0.1515361005):0.180648492):0.3013174502):0.1885676261,t2:1.149801155):0.390136744,(t3:0.7153253676,((t24:0.1811288402,(t10:0.07703640685,t7:0.07703640685):0.1040924333):0.2775764917,t21:0.4587053319):0.2566200357):0.8246125317):0.2861656907;
43|3.32902380929096|0.481264208210632|0.634812016156502|((((((t11:0.07770727009,(t24:0.01770795205,t30:0.01770795205):0.05999931804):0.2461284011,t39:0.3238356712):0.02740835,(((t13:0.1662740709,(t42:0.07018327621,(t33:0.02886556169,t20:0.02886556169):0.04131771452):0.09609079466):0.09848977129,t41:0.2647638422):0.01533931292,((t25:0.2058578322,t18:0.2058578322):0.02490880806,(t14:0.03992271737,t37:0.03992271737):0.1908439229):0.04933651483):0.07114086615):0.1314923984,((t9:0.2810588469,(t12:0.07436539468,t19:0.07436539468):0.2066934522):0.01788202868,(t28:0.04134501737,t17:0.04134501737):0.2575958582):0.1837955441):0.009680868228,(((t31:0.4621348774,(t36:0.02053147227,t3:0.02053147227):0.4416034051):0.0004609273439,t23:0.4625958047):0.02135285515,(t5:0.4680518746,(((((t2:0.09776677917,t7:0.09776677917):0.153483702,t6:0.2512504812):0.08368721354,(((t8:0.01557042697,t29:0.01557042697):0.05982902498,t35:0.07539945195):0.1885262879,t1:0.2639257399):0.0710119548):0.01740065358,((((t34:0.04148892835,t16:0.04148892835):0.0325077035,t4:0.07399663186):0.1849429229,t26:0.2589395547):0.08238294544,t40:0.3413225002):0.01101584812):0.09161677664,(t32:0.2537543669,t38:0.2537543669):0.190200758):0.02409674963):0.01589678533):0.008468627973):0.2415982148,(((t15:0.1303556867,(t27:0.008541994021,t21:0.008541994021):0.1218136926):0.2097149783,t10:0.3400706649):0.3639467816,(t22:0.02222169852,t43:0.02222169852):0.681795748):0.02999805617):0.01158566224;
37|3.87580875573214|0.0879179596155882|0.550843303557485|(((((t29:0.08934024771,t19:0.08934024771):0.1362806679,t12:0.2256209156):0.289349525,t2:0.5149704407):0.04399761965,((t7:0.4708353771,((t6:0.08032884464,t5:0.08032884464):0.2734160467,((t23:0.1458230714,t21:0.1458230714):0.1980920658,(t17:0.06878361705,t9:0.06878361705):0.2751315201):0.009829754137):0.1170904858):0.01984851062,(t16:0.03753334363,t34:0.03753334363):0.4531505441):0.06828417261):0.2701054855,(((t33:0.1855397788,(t32:0.04268617625,(t4:0.01732652677,t1:0.01732652677):0.02535964948):0.1428536026):0.05221342756,(t28:0.1477779368,t22:0.1477779368):0.08997526958):0.5594212645,(((t15:0.3917286717,((t18:0.2293470002,(t26:0.05205395945,t37:0.05205395945):0.1772930408):0.0332675193,t8:0.2626145195):0.1291141522):0.1311278005,(((t25:0.1515962004,t24:0.1515962004):0.05309223607,t31:0.2046884364):0.1399774583,t11:0.3446658947):0.1781905775):0.2738268507,((t35:0.1778020265,(t27:0.05900234159,t30:0.05900234159):0.1187996849):0.4946355946,(t3:0.4942645379,(t13:0.4478001968,(t36:0.3691805055,(t10:0.3344119909,(t14:0.09737615827,t20:0.09737615827):0.2370358326):0.03476851462):0.07861969131):0.04646434105):0.1781730833):0.1242457018):0.0004911479521):0.03189907492):0.4725092326;
41|1.61971959786257|0.227265528701246|0.690904410788789|(((t3:0.1458311554,t17:0.1458311554):0.1547032833,(t31:0.2028970202,t24:0.2028970202):0.09763741856):1.472316541,((((t41:0.9248899071,((t11:0.1305782154,t4:0.1305782154):0.7041699884,(((t23:0.1210430773,t35:0.1210430773):0.1511727729,t1:0.2722158501):0.07225542594,t18:0.3444712761):0.4902769277):0.09014170328):0.04463264484,t22:0.9695225519):0.3908209223,((((t7:0.1478395745,t37:0.1478395745):0.05561554393,((t20:0.01722099984,t34:0.01722099984):0.1341010635,t30:0.1513220633):0.05213305507):0.238243775,t13:0.4416988934):0.5312019485,((t5:0.07926768418,t8:0.07926768418):0.01008054396,t36:0.08934822814):0.8835526138):0.3874426323):0.08973867334,(((t32:0.7104166681,(t38:0.07069409191,t21:0.07069409191):0.6397225762):0.1703453125,(t40:0.7505861579,t27:0.7505861579):0.1301758226):0.102897076,((((t12:0.320055684,t33:0.320055684):0.1669896327,((t2:0.07423913244,t28:0.07423913244):0.129801519,(t10:0.1979057001,(t29:0.1302186739,t6:0.1302186739):0.06768702626):0.006134951319):0.2830046653):0.2004213857,t15:0.6874667024):0.2847654663,(t25:0.9168960602,((t9:0.5144144054,(t16:0.4752125915,(t14:0.1286523213,t39:0.1286523213):0.3465602702):0.0392018139):0.1108772431,(t26:0.1626775662,t19:0.1626775662):0.4626140824):0.2916044117):0.05533610842):0.01142688794):0.466423091):0.3227688319):0.5660454727;
33|3.87386570940958|0.0697417665761896|0.920321798184887|((((t15:0.01511452205,t25:0.01511452205):0.01006925931,t3:0.02518378136):0.5593729282,(t7:0.3965703048,((t14:0.07695051034,t30:0.07695051034):0.3091690446,t5:0.386119555):0.01045074976):0.1879864048):0.1517405201,((t13:0.1196161709,t27:0.1196161709):0.5988516071,((((t16:0.204221752,(t1:0.06596656948,t11:0.06596656948):0.1382551825):0.1222521193,(((t23:0.144895486,t18:0.144895486):0.002850234535,((t21:0.02588185504,t32:0.02588185504):0.08366226946,(t8:0.06141320946,t12:0.06141320946):0.04813091503):0.03820159601):0.1349291582,((t29:0.02748546081,t17:0.02748546081):0.00842241817,t19:0.03590787898):0.2467669997):0.04379899265):0.1419507713,((t26:0.1667892638,t22:0.1667892638):0.2382780657,((t6:0.1233370959,t31:0.1233370959):0.2197501973,((t20:0.2060938845,t4:0.2060938845):0.07323091731,(t28:0.1965294469,t24:0.1965294469):0.08279535496):0.06376249137):0.0619800363):0.06335731311):0.1956876803,((t33:0.3304508136,(t2:0.004228885425,t10:0.004228885425):0.3262219282):0.0730346099,t9:0.4034854235):0.2606268994):0.0543554551):0.01782945175):0.1317664688;
39|1.91804945207899|0.241125063705258|0.644901194027625|((t12:1.478725479,(((((t38:0.0839150138,t6:0.0839150138):0.3787659498,t17:0.4626809636):0.5875373946,((t28:0.4561310785,((t23:0.0761530821,t16:0.0761530821):0.3246840572,((t33:0.1696799163,t9:0.1696799163):0.1878744636,(t22:0.1518347869,(t31:0.008213992985,t1:0.008213992985):0.143620794):0.205719593):0.04328275934):0.05529393916):0.3583998135,t15:0.8145308919):0.2356874663):0.3036913005,((t21:1.107954911,(((t11:0.3776304642,t26:0.3776304642):0.4528236342,t19:0.8304540984):0.02646569198,(t35:0.8418952474,t3:0.8418952474):0.01502454299):0.2510351204):0.1120690211,((t36:0.7918736378,t14:0.7918736378):0.2311562599,(((t24:0.06500433214,t27:0.06500433214):0.4919346262,t34:0.5569389583):0.3049111902,((((t7:0.1673145335,t39:0.1673145335):0.02551952362,t18:0.1928340572):0.3152613147,t25:0.5080953719):0.2554846546,t5:0.7635800265):0.09827012196):0.1611797492):0.1969940342):0.1338857269):0.00703511113,(t20:0.7376126404,(t8:0.5479260343,(t10:0.5199255144,t32:0.5199255144):0.02800051995):0.1896866061):0.6233321294):0.1177807093):0.0150123013,((((t30:0.3895270892,(t37:0.0160062623,t13:0.0160062623):0.3735208269):0.07959349384,t4:0.4691205831):0.118582672,t2:0.5877032551):0.5621036777,t29:1.149806933):0.3439308477):1.14935693;
28|0.409937753197737|0.184776815173682|0.960779709392227|((((((t13:2.507832641,t10:2.507832641):0.7925798353,((((t4:0.5345727347,t1:0.5345727347):0.3389545865,t3:0.8735273212):0.2048790079,(t15:0.8624585129,t24:0.8624585129):0.2159478161):2.184108085,t19:3.262514414):0.03789806293):0.2480520404,((t5:1.476560595,t2:1.476560595):1.530538217,(t25:1.501827017,t22:1.501827017):1.505271795):0.5413657047):1.588395047,(t7:0.1153105688,t6:0.1153105688):5.021548995):0.6744122254,(t9:1.879948863,(t23:0.1169979725,t21:0.1169979725):1.762950891):3.931322926):3.050209171,((t12:0.4313925732,t28:0.4313925732):4.940881616,(((t26:0.3725169706,t20:0.3725169706):0.215739999,t27:0.5882569695):2.658741191,(((t16:0.5654905525,t8:0.5654905525):0.5335753154,(t18:0.8118100735,t17:0.8118100735):0.2872557944):0.1653287023,(t11:0.8186883783,t14:0.8186883783):0.4457061919):1.982603591):2.125276028):3.489206771):0.5020469111;
15|3.52736789906863|0.471195967039093|0.903493875870481|((t6:0.1647369346,(((t13:0.01015285062,t5:0.01015285062):7.167414184e-05,t14:0.01022452476):0.1206105072,((t2:0.03548637833,t7:0.03548637833):0.0640907438,((t15:0.05677088781,t12:0.05677088781):0.01837625126,t8:0.07514713907):0.02442998306):0.03125790982):0.03390190262):0.1313617091,((t9:0.196159841,(t4:0.1211258192,t1:0.1211258192):0.07503402181):0.08210927317,(t11:0.2307344791,(t3:0.01794222847,t10:0.01794222847):0.2127922506):0.0475346351):0.0178295295):0.03978648276;
25|3.83251789224334|0.0463587780320086|0.592087186058052|((((t22:0.1774280641,(t16:0.08085613679,t18:0.08085613679):0.09657192736):0.1227140487,t21:0.3001421128):0.222744957,(t14:0.2165207941,(t10:0.1809999456,t2:0.1809999456):0.03552084843):0.3063662758):0.0661015395,(((t25:0.3611814202,((((t9:0.2161376516,(t17:0.09992600394,t8:0.09992600394):0.1162116477):0.03097168839,(t3:0.03369362518,t24:0.03369362518):0.2134157149):0.0537731037,t23:0.3008824437):0.01596859553,((t12:0.1278152126,t5:0.1278152126):0.1600751611,t20:0.2878903737):0.02896066554):0.04433038089):0.01319166115,((t6:0.07070632096,((t13:0.01129334788,t19:0.01129334788):0.05844695512,t1:0.069740303):0.0009660179597):0.06853326823,t4:0.1392395892):0.2351334921):0.03246401514,(t7:0.1671744496,(t11:0.04941114915,t15:0.04941114915):0.1177633005):0.2396626468):0.1821515129):0.7743918915;
19|3.35566728407983|0.466336096343584|0.937992884893902|(((((t14:0.02054031573,t6:0.02054031573):0.01325675376,t15:0.03379706949):0.2680938482,(((t11:0.006193271006,t7:0.006193271006):0.1287444679,(t13:0.0272823609,t18:0.0272823609):0.107655378):0.06217585296,t3:0.1971135919):0.1047773258):0.0359258229,((t17:0.02052713571,((t10:0.008038006628,t9:0.008038006628):0.008604104177,t8:0.01664211081):0.003885024907):0.06005169543,t5:0.08057883114):0.2572379094):0.2565630544,((t16:0.07535764796,t12:0.07535764796):0.1151530618,(t2:0.1345149203,(t19:0.08207070355,(t4:0.06716429715,t1:0.06716429715):0.0149064064):0.05244421671):0.0559957895):0.4038690852):0.377513149;
20|3.76309733052971|0.346081274843309|0.832216004142538|((t5:0.3310960641,(t16:0.3052415645,(t9:0.06338689013,t3:0.06338689013):0.2418546744):0.02585449963):0.09919540535,((((t19:0.004595448407,t6:0.004595448407):0.02091414577,t10:0.02550959418):0.2244387521,t8:0.2499483462):0.1782600498,(((t20:0.04624781571,t2:0.04624781571):0.1095594376,((t11:0.03451569356,t4:0.03451569356):0.1119156783,t7:0.1464313719):0.009375881434):0.09260456354,(((t1:0.005426685395,t13:0.005426685395):0.09703824016,t18:0.1024649256):0.1300216285,(t15:0.2125622974,((t14:0.1059946516,t17:0.1059946516):0.03266331234,t12:0.1386579639):0.07390433347):0.01992425669):0.01592526277):0.1797965792):0.00208307344):0.01388170075;
25|0.742366911501158|0.191220822867472|0.746821402921341|(((t9:3.595078139,(t24:1.179110454,t13:1.179110454):2.415967685):0.2847875303,((t12:1.396813316,((t11:0.8210730052,(t23:0.03748668838,t14:0.03748668838):0.7835863168):0.5715779372,t5:1.392650942):0.004162373966):0.9936914494,t17:2.390504766):1.489360904):0.7714329777,((((t8:1.062918942,((t19:0.2476501202,t3:0.2476501202):0.6158817085,(t1:0.1053263497,t22:0.1053263497):0.758205479):0.1993871131):0.04455495309,t15:1.107473895):0.8699863015,((((t7:0.3476543944,t2:0.3476543944):0.1574866292,t4:0.5051410236):0.6007843852,t18:1.105925409):0.7951249859,(((t25:0.199349939,t21:0.199349939):0.5552539852,t16:0.7546039242):0.2508550171,t6:1.005458941):0.8955914535):0.0764098016):0.3167076168,(t20:1.938947882,t10:1.938947882):0.3552199315):2.357130834):0.3839373101;
17|0.0682176767685451|0.0194713367661461|0.678279142011888|((((t4:8.768297358,(t6:8.733868,t14:8.733868):0.03442935793):22.7541001,((t12:5.032937549,t15:5.032937549):24.61752746,t2:29.65046501):1.871932444):9.485502611,((t7:13.67521481,(t11:12.33622066,((t16:1.67141558,t13:1.67141558):0.9712293055,t8:2.642644886):9.693575778):1.338994147):27.25320107,t9:40.92841588):0.07948419002):18.15494304,(((t17:7.016526838,(t5:4.068301225,t10:4.068301225):2.948225613):13.56773693,t3:20.58426377):8.738845074,t1:29.32310884):29.83973426):44.24218581;
19|2.66560986417346|0.47489623723086|0.852784598944709|(((t5:0.04961543986,t11:0.04961543986):0.36243805,((((t9:0.01826800858,t12:0.01826800858):0.1559795885,(t10:0.1484069505,((t15:0.0002931785539,t18:0.0002931785539):0.02512909767,t6:0.02542227623):0.1229846743):0.02584064664):0.07377665675,(t7:0.2064294951,t3:0.2064294951):0.04159475875):0.1449719014,((t13:0.1718049807,((t19:0.06516333073,t2:0.06516333073):0.1012002786,t14:0.1663636093):0.005441371345):0.05530286136,(t17:0.1943886379,t16:0.1943886379):0.03271920416):0.1658883132):0.01905733464):0.1055114249,((t1:0.01839305475,t8:0.01839305475):0.2114525344,t4:0.2298455891):0.2877193257):0.3275449919;
44|0.459355098849628|0.207052536753472|0.890714888577349|((((t15:1.884125242,(t10:0.7129199373,t16:0.7129199373):1.171205305):0.4155945721,t13:2.299719815):0.5302159044,((((t35:0.2598600163,(t4:0.2497314712,t38:0.2497314712):0.0101285451):0.9321290573,t28:1.191989074):0.4032742631,t36:1.595263337):0.3993245463,(t40:1.270259227,t34:1.270259227):0.7243286559):0.835347836):6.093290514,((((((t23:0.7620559441,t26:0.7620559441):0.5258172121,t33:1.287873156):1.67791107,(t19:0.6321349268,t20:0.6321349268):2.333649299):0.07205262804,t21:3.037836854):1.589249299,((((t9:0.5086180368,t14:0.5086180368):1.855916947,t44:2.364534984):0.7914136193,((((t2:0.7079746505,t17:0.7079746505):0.6913799722,t1:1.399354623):0.9694439466,(((t7:0.5218219243,t18:0.5218219243):0.1444775633,t27:0.6662994876):1.389655499,(t31:1.353064185,t32:1.353064185):0.7028908017):0.3128435824):0.1300231044,((t41:0.1816314024,t6:0.1816314024):2.281595115,t12:2.463226517):0.03559515635):0.6571269294):1.298163105,((t37:2.399952139,((t11:0.2065979648,t43:0.2065979648):2.135501672,(t8:0.05954396581,t42:0.05954396581):2.282555671):0.05785250165):1.412295475,((t5:0.5595395832,t22:0.5595395832):0.6825890787,t30:1.242128662):2.570118952):0.6418640942):0.1729744451):0.618687293,(t3:4.108117899,((t25:1.351133513,(t24:0.6560423602,t39:0.6560423602):0.6950911527):0.3778872227,t29:1.729020736):2.379097163):1.137655547):3.677452786):5.799821104;
19|1.39157313878415|0.0993554600258358|0.942057751468383|(((t5:0.7085154316,t7:0.7085154316):0.09032076234,t3:0.798836194):0.5773505032,((t8:0.8427754211,((t9:0.1504152931,t6:0.1504152931):0.4837671311,(t11:0.4471177229,((t13:0.3715406954,(t17:0.3592231442,t18:0.3592231442):0.01231755113):0.04716190949,t10:0.4187026049):0.02841511803):0.1870647013):0.2085929969):0.4249415364,((t4:0.5854039101,((t12:0.3622512599,t1:0.3622512599):0.01861803677,t19:0.3808692966):0.2045346135):0.6388076994,(t14:1.090123243,(t2:0.3419008625,(t15:0.2226384794,t16:0.2226384794):0.1192623831):0.7482223804):0.1340883665):0.04350534796):0.1084697397):1.601883049;
31|3.46710190606304|0.0331266252091154|0.640117299277335|((t30:0.3798815147,(t21:0.2393302651,((t10:0.2237260969,t4:0.2237260969):0.003769011491,t1:0.2274951084):0.01183515666):0.1405512496):0.6781183244,((((t11:0.3212492057,(t12:0.009798941021,t6:0.009798941021):0.3114502647):0.05073299086,(((((((t27:0.005424207089,t25:0.005424207089):0.1039204577,t5:0.1093446648):0.001973781217,t15:0.111318446):0.01576353204,t17:0.1270819781):0.01689118081,t24:0.1439731589):0.1581080342,((t3:0.1276402367,t31:0.1276402367):0.009318417989,(t16:0.1175269425,t20:0.1175269425):0.01943171223):0.1651225384):0.009934598045,t29:0.3120157911):0.05996640545):0.1402269058,((((t28:0.1082632071,t22:0.1082632071):0.04449307892,t7:0.152756286):0.2045752586,t9:0.3573315446):0.01423309903,((t26:0.02630698876,t23:0.02630698876):0.2014375238,(t2:0.07408545853,t19:0.07408545853):0.1536590541):0.1438201311):0.1406444587):0.1675535534,((t8:0.2178903496,t18:0.2178903496):0.4353952665,(t14:0.08933585409,t13:0.08933585409):0.563949762):0.02647703963):0.3782371834):0.208455295;
17|0.0786087721493095|0.204186514057219|0.603023216594011|((((t17:21.94148983,(t5:3.724621236,(t2:1.760072979,t4:1.760072979):1.964548257):18.21686859):1.863117314,((t9:10.63125809,(t6:8.355885151,((t10:1.787608693,t11:1.787608693):1.946572254,t16:3.734180947):4.621704204):2.275372939):3.406047555,t12:14.03730564):9.767301499):1.728238762,((t8:0.1987886868,t14:0.1987886868):10.38074277,t15:10.57953145):14.95331445):0.4048599694,((t13:1.780688759,t3:1.780688759):14.54187659,(t7:6.617942774,t1:6.617942774):9.704622571):9.615140531):7.63802196;
11|0.76483925962355|0.408786139045842|0.628719071857631|(t8:2.717028359,(((t3:0.3232117547,t10:0.3232117547):1.476042593,(t7:1.395496416,((t1:0.0623508953,(t6:0.05483603696,t4:0.05483603696):0.007514858343):0.33079011,t11:0.3931410053):1.002355411):0.4037579309):0.8015779471,((t5:0.1207771726,t9:0.1207771726):0.5586029477,t2:0.6793801203):1.921452174):0.1161960644):1.363415674;
32|0.518572782208212|0.254599595419131|0.716530584497377|((((((t12:0.7032467867,t7:0.7032467867):0.8007295009,(t5:1.010948671,(t31:0.8316670038,(t18:0.7399470093,(t15:0.01670563982,t30:0.01670563982):0.7232413695):0.09171999449):0.1792816672):0.4930276167):0.5699397282,(t13:0.08695904662,t17:0.08695904662):1.986956969):1.659629568,(t14:1.348380289,t32:1.348380289):2.385165295):1.183500835,(((((t24:0.7511590921,t4:0.7511590921):1.782726898,t19:2.53388599):0.4060386211,t28:2.939924611):1.159969379,((t21:0.01717448184,t16:0.01717448184):3.69362914,t22:3.710803622):0.389090369):0.6981188484,((((t9:1.82712954,(t23:0.9902760742,t11:0.9902760742):0.8368534661):0.655922098,((t26:0.2165034455,t6:0.2165034455):0.05524824508,t10:0.2717516905):2.211299948):0.4794778876,(t8:2.87534649,(t27:0.2464903226,t29:0.2464903226):2.628856167):0.08718303595):0.6122735228,(t2:2.531089227,t3:2.531089227):1.043713822):1.22320979):0.1190335805):0.5312052648,(t25:2.871912603,(t20:1.179968516,t1:1.179968516):1.691944087):2.576339082):0.2805351179;
15|1.37599162236787|0.341624518181197|0.969269246212207|((((t1:0.2824501856,t14:0.2824501856):0.1307294238,t13:0.4131796093):0.4781184647,(((t8:0.06764971936,t6:0.06764971936):0.5281116552,t11:0.5957613745):0.1062287634,(((t9:0.1776539642,t4:0.1776539642):0.1069812109,((t10:0.08614940012,t3:0.08614940012):0.1199082593,t5:0.2060576595):0.07857751563):0.2060160192,t7:0.4906511943):0.2113389436):0.1893079361):0.3501400444,((t15:0.1635128109,t2:0.1635128109):0.4379681592,t12:0.6014809701):0.6399571484):0.1436033331;
17|0.136682801321149|0.493668694419321|0.869160664384253|((t2:7.919008956,(((t4:0.4212169384,t1:0.4212169384):3.494017545,((t6:0.5269233297,t3:0.5269233297):2.36623613,t11:2.89315946):1.022075024):3.24542233,t17:7.160656814):0.7583521427):5.625229747,((((t5:0.8875847709,((t10:0.2842173951,t9:0.2842173951):0.2620086739,t14:0.546226069):0.3413587019):1.454670658,t7:2.342255429):6.382401806,((t13:1.70056782,t16:1.70056782):4.933327332,t8:6.633895151):2.090762084):2.060732096,(t12:5.779962858,t15:5.779962858):5.005426473):2.758849372):12.65845665;
18|3.6456575586088|0.491369002291467|0.522393936873414|((((t1:0.01251338548,t12:0.01251338548):0.1889428138,(t3:0.05416706598,t13:0.05416706598):0.1472891333):0.03044777049,(t11:0.02896476371,t16:0.02896476371):0.202939206):0.4787795362,(((((t7:0.05008579653,t5:0.05008579653):0.1226269024,(t2:0.03783447972,t15:0.03783447972):0.1348782193):0.1357170532,(t17:0.2801101039,t18:0.2801101039):0.02831964821):0.1553706052,(t14:0.06286595111,t10:0.06286595111):0.4009344062):0.01406303061,(((t8:0.01819216569,t6:0.01819216569):0.05325212544,t4:0.07144429113):0.1470610305,t9:0.2185053217):0.2593580663):0.232820118):0.05024878881;
20|2.58340606634738|0.172551834729966|0.861610611667857|((((t9:0.1712280259,t17:0.1712280259):0.02898399231,((t6:0.05399499262,t8:0.05399499262):0.01564886064,t14:0.06964385327):0.1305681649):0.0570372235,(t18:0.06611999228,t16:0.06611999228):0.1911292494):0.9034056298,(((t19:0.0984204268,t15:0.0984204268):0.4914980257,(t13:0.4203703415,(((t11:0.1042095928,(t2:0.02853132042,t10:0.02853132042):0.07567827241):0.1887292589,((t4:0.1142930682,t5:0.1142930682):0.01918322148,t20:0.1334762897):0.159462562):0.02959163444,t1:0.3225304862):0.0978398553):0.169548111):0.274476386,(t3:0.4668404231,(t12:0.1081440575,t7:0.1081440575):0.3586963656):0.3975544153):0.296260033):0.01157449092;
11|3.88443945806939|0.141780413971283|0.854282122571021|(((t3:0.1553172758,(((t8:0.002164581631,t5:0.002164581631):0.0172875411,t6:0.01945212273):0.01214968699,t10:0.03160180972):0.123715466):0.157460097,(t7:0.2947408916,((t4:0.09684237684,t11:0.09684237684):0.1442801615,(t9:0.1640699514,t2:0.1640699514):0.07705258688):0.05361835323):0.01803648123):0.1101213985,t1:0.4228987713):0.06436654676;
18|2.04312566093169|0.230154420938343|0.641311713610776|((((t17:0.09987308018,t8:0.09987308018):0.2625995298,(t13:0.09476032993,(t14:0.07108769248,t5:0.07108769248):0.02367263745):0.26771228):0.5841454478,((((t1:0.01284931983,t15:0.01284931983):0.02520438095,t6:0.03805370079):0.7311597566,(t12:0.1336681781,t11:0.1336681781):0.6355452793):0.02269442605,(((t4:0.2546495371,t2:0.2546495371):0.2893824809,t9:0.544032018):0.02541630533,((t10:0.05897582958,t3:0.05897582958):0.5070976211,t7:0.5660734507):0.003374872614):0.2224595601):0.1547101743):0.298125396,(t16:0.2417585593,t18:0.2417585593):1.002984894):0.1414053207;
48|3.98135080051608|0.450345235634595|0.752102876082063|((t14:0.5199918319,((t34:0.1565326156,t10:0.1565326156):0.3150316514,(t47:0.1599245715,(t15:0.0696310223,t41:0.0696310223):0.0902935492):0.3116396956):0.04842756488):0.1532962764,(((t31:0.08846675075,t48:0.08846675075):0.2043010871,t38:0.2927678379):0.1912107038,((((t12:0.297696034,(t28:0.2066318794,(t46:0.04942545757,(t5:0.02812019858,((t40:0.003696281527,t22:0.003696281527):0.01367257644,t35:0.01736885797):0.01075134061):0.02130525899):0.1572064218):0.09106415459):0.08390627427,(t36:0.2684985608,(t32:0.0188358105,t45:0.0188358105):0.2496627503):0.1131037474):0.04651890327,(t24:0.2924617124,(((((t30:0.0665844439,t43:0.0665844439):0.02353559486,t19:0.09012003876):0.03228215366,(t11:0.04847653834,t20:0.04847653834):0.07392565408):0.09065028876,t21:0.2130524812):0.03172139582,(t4:0.08435096962,t13:0.08435096962):0.1604229074):0.04768783539):0.1356594991):0.003463638354,(((((t9:0.05272968787,t42:0.05272968787):0.00906631288,(t39:0.03080163491,(t6:0.01084321111,t8:0.01084321111):0.0199584238):0.03099436584):0.1933371597,(((t26:0.07931498332,t2:0.07931498332):0.03636214111,t37:0.1156771244):0.07750956545,t44:0.1931866899):0.06194647062):0.1043778589,((t1:0.1578531127,t23:0.1578531127):0.02717013441,((((t18:0.06144452659,t29:0.06144452659):0.03699104898,t33:0.09843557556):0.03038808245,(t25:0.1236234715,t16:0.1236234715):0.005200186502):0.02783859612,(t27:0.1464987131,t3:0.1464987131):0.01016354101):0.02836099298):0.1744877723):0.04809808919,(t17:0.01730780068,t7:0.01730780068):0.3903013079):0.02397574127):0.0523936918):0.1893095667):0.1244428688;
25|2.72497292584507|0.137438581951428|0.973050229717046|(((((t12:0.1658885831,((t2:0.09466761906,t9:0.09466761906):0.03485492807,t17:0.1295225471):0.03636603592):0.1233663719,((t10:0.2310652093,t13:0.2310652093):0.02632812406,(t21:0.09630871064,t7:0.09630871064):0.1610846228):0.03186162152):0.1062658159,(((t23:0.1288602013,(t24:0.0354329683,t11:0.0354329683):0.093427233):0.1980196879,t14:0.3268798892):0.04477894519,t18:0.3716588344):0.02386193643):0.2568953067,t16:0.6524160775):0.3277229743,(((((t15:0.1436276367,t8:0.1436276367):0.1229725541,t19:0.2666001908):0.1277014371,(((t3:0.07307047059,t1:0.07307047059):0.1021286691,t5:0.1751991397):0.04839700978,(t4:0.1678049521,t20:0.1678049521):0.05579119734):0.1707054784):0.1777850923,t22:0.5720867202):0.2801354906,(t25:0.477043707,t6:0.477043707):0.3751785038):0.127916841):0.1805552896;
36|0.902043398534879|0.040247825703118|0.534319845843129|((((t35:1.889226574,((t5:0.9069919605,(t17:0.7565007006,((t1:0.2786533162,t33:0.2786533162):0.1454783298,t32:0.424131646):0.3323690547):0.1504912599):0.8192813111,t28:1.726273272):0.1629533026):0.8136365924,(t13:1.474340637,t4:1.474340637):1.22852253):0.01180871236,((t21:0.1316936976,t36:0.1316936976):1.293527632,t14:1.425221329):1.28945055):0.3765392546,(((((t2:0.5990659915,t9:0.5990659915):0.1807009672,(t19:0.1282348414,t31:0.1282348414):0.6515321172):1.15472307,t24:1.934490028):0.2805542886,(t8:2.205056403,(((t12:1.405231138,(t6:0.9884021998,(t30:0.6130618016,t25:0.6130618016):0.3753403982):0.4168289382):0.3798791974,(t20:0.05419977875,t15:0.05419977875):1.730910557):0.01257081245,(t7:1.495182909,(((t34:0.217606691,t23:0.217606691):0.1735852748,t18:0.3911919658):0.9256367383,t11:1.316828704):0.1783542048):0.302498239):0.4073752554):0.009987913559):0.3871839189,(((t16:0.545584386,t10:0.545584386):0.8901283405,t27:1.435712726):0.4685577091,(((t3:0.2551193386,t22:0.2551193386):0.2983953976,t26:0.5535147362):0.004774979642,t29:0.5582897158):1.34598072):0.6979578002):0.4889828977):4.036705903;
50|0.92317416559672|0.266568716564216|0.773211360792629|((((t50:1.156633729,((t48:0.9490932824,(t28:0.8782583331,((t49:0.2886916035,(t33:0.1393569094,(t19:0.04390608319,t47:0.04390608319):0.09545082624):0.1493346941):0.5407437717,(t23:0.2616418908,t44:0.2616418908):0.5677934844):0.04882295793):0.07083494923):0.06729583743,((t21:0.1507283335,t31:0.1507283335):0.1944343512,t13:0.3451626847):0.6712264351):0.1402446093):2.282362126,((((t41:0.4788108595,(t32:0.1173081177,t11:0.1173081177):0.3615027418):1.437079189,(t43:0.3582974435,t24:0.3582974435):1.557592605):0.169687059,((t15:0.4017174838,t30:0.4017174838):0.2126289831,t18:0.6143464669):1.47123064):0.6301937937,(((t46:0.05832362467,t42:0.05832362467):0.03318323625,t36:0.09150686093):2.446193383,((t34:0.1421191014,t2:0.1421191014):0.1257003387,t29:0.2678194401):2.269880804):0.1780706568):0.7232249546):0.392834065,(((t5:0.6617405364,t27:0.6617405364):0.7135685621,(t3:1.181638082,(t16:0.1176944033,t9:0.1176944033):1.063943679):0.1936710166):1.390249346,(((t39:0.8922285523,t20:0.8922285523):0.8175794616,(t12:0.0007914119192,t35:0.0007914119192):1.709016602):0.4789459629,t1:2.188753977):0.5768044682):1.066271476):0.1609279563,(((t40:1.903299279,t14:1.903299279):0.3363886812,((t10:0.9959630957,t37:0.9959630957):1.112030452,(t17:0.1296223535,t7:0.1296223535):1.978371194):0.1316944123):1.036747147,((t45:0.07256001462,t8:0.07256001462):1.584107947,((t38:1.52190099,t4:1.52190099):0.1261180254,(((t22:0.2905628459,t6:0.2905628459):0.2160397587,t25:0.5066026046):0.4523488715,t26:0.9589514762):0.6890675397):0.008648945622):1.619767146):0.7163227698):0.8758796897;
16|0.431023985203356|0.183374718041159|0.673596611362882|(((t10:2.348179075,(((t1:0.9506651718,t8:0.9506651718):0.9721869555,t9:1.922852127):0.3103162117,((t14:0.2010936053,t11:0.2010936053):1.397632044,t3:1.598725649):0.63444269):0.1150107359):0.09841000341,(((t7:0.4160339903,(t2:0.350546552,(t12:0.3114976584,t13:0.3114976584):0.03904889362):0.06548743832):0.5631834454,t15:0.9792174357):0.961329361,t4:1.940546797):0.5060422815):2.596637149,((t6:0.1107804868,t16:0.1107804868):1.089403031,t5:1.200183518):3.843042709):1.62524821;
14|3.84238814512966|0.466021701279096|0.503265982028097|(((((t7:0.01677556231,t8:0.01677556231):0.1785914127,(t13:0.1608367758,(t2:0.09382003315,t12:0.09382003315):0.06701674265):0.03453019918):0.002968498293,(t14:0.01237165471,t11:0.01237165471):0.1859638186):0.1330868062,(t3:0.2688302496,((t6:0.03106335907,t5:0.03106335907):0.1019476302,(t1:0.08662092514,t9:0.08662092514):0.04639006414):0.1358192603):0.06259202986):0.03541826717,(t10:0.03727765942,t4:0.03727765942):0.3295628872):1.19868643;
13|2.10779980605934|0.23440384863643|0.672112637083046|(((t8:0.214638329,t11:0.214638329):0.4669385652,(t7:0.2555925061,(t12:0.05085498759,(t5:0.03533249849,(t10:0.01424836997,t1:0.01424836997):0.02108412851):0.01552248911):0.2047375185):0.4259843881):0.0352608849,(t2:0.5750859618,((t9:0.08209344672,t13:0.08209344672):0.470117841,((t6:0.3714314997,t4:0.3714314997):0.01991186967,t3:0.3913433694):0.1608679184):0.02287467405):0.1417518173):0.37926067;
22|2.90322961317142|0.48970572769409|0.679547633510083|(t6:0.7725238163,((((t16:0.241454595,((t22:0.08926605119,t21:0.08926605119):0.08035042615,((t9:0.003144285005,t5:0.003144285005):0.02918712907,t11:0.03233141408):0.1372850633):0.07183811762):0.3482855469,(((t17:0.006305146889,t18:0.006305146889):0.2490981163,t20:0.2554032631):0.1580086773,((t1:0.1030309613,t12:0.1030309613):0.1811976527,t15:0.2842286139):0.1291833265):0.1763282014):0.02141517466,(t14:0.05825270213,t2:0.05825270213):0.5529026144):7.382088e-05,((t13:0.005053717813,t4:0.005053717813):0.4962222598,(((t19:0.2108384272,t8:0.2108384272):0.07938084159,t10:0.2902192687):0.0766999676,(t3:0.09883702717,t7:0.09883702717):0.2680822092):0.1343567412):0.1099531598):0.1612946789):0.02346898149;
11|1.09453297851142|0.230533496951684|0.855623249197379|(((t6:0.3455880798,(t7:0.2474250666,(t10:0.1906325422,t2:0.1906325422):0.05679252438):0.09816301322):0.4318871006,t1:0.7774751804):0.7786155414,((t9:0.4843435019,t3:0.4843435019):0.5319302283,((t11:0.1710919344,(t5:0.08146117417,t4:0.08146117417):0.08963076023):0.2803059639,t8:0.4513978983):0.5648758319):0.5398169916):0.3133053503;
17|2.82772270927904|0.182786200514529|0.718800427741371|((t9:0.6084693519,(t11:0.1983128437,t5:0.1983128437):0.4101565082):0.4554182548,(((((t6:0.1139081077,t17:0.1139081077):0.130287171,(t14:0.02821973461,t10:0.02821973461):0.2159755441):0.2433392044,t13:0.4875344832):0.1548368119,(t15:0.2728213506,t12:0.2728213506):0.3695499445):0.1819199377,(((t16:0.04421601305,t4:0.04421601305):0.02200586699,t1:0.06622188004):0.5565699902,(t8:0.246664991,((t3:0.06343755095,t7:0.06343755095):0.09061620494,t2:0.1540537559):0.09261123511):0.3761268792):0.2014993626):0.2395963739):0.25909736;
29|1.02681469195988|0.351390291629359|0.56645588693209|((((t6:0.4821949576,t29:0.4821949576):1.729360146,(((t11:0.05706417515,t13:0.05706417515):0.7247892117,(((t8:0.03574879173,t22:0.03574879173):0.6308832132,((t7:0.07800478452,t21:0.07800478452):0.5336704122,(t9:0.5213079657,t18:0.5213079657):0.09036723098):0.05495680823):0.1013077507,t2:0.7679397556):0.01391363123):0.8851518466,((t27:0.1572863793,t26:0.1572863793):0.297292661,(t20:0.3485556797,t12:0.3485556797):0.1060233607):1.212426193):0.5445498701):0.03498302366,((((t24:0.05911208738,t14:0.05911208738):1.387133082,t3:1.446245169):0.09189420144,(t23:1.500030341,t5:1.500030341):0.03810902955):0.6348332564,((t17:0.7659172873,t25:0.7659172873):1.091958083,(((t1:0.6982356335,t28:0.6982356335):0.2388729014,t16:0.9371085348):0.5366129905,t4:1.473721525):0.3841538444):0.3150972575):0.07356549998):0.8970313925,(t15:1.12150982,(t19:0.03339466579,t10:0.03339466579):1.088115154):2.0220597):0.8267065375;
23|1.03341275576735|0.0472603742871434|0.650485938997008|(((t6:1.532471233,(t14:0.4782595945,t3:0.4782595945):1.054211639):0.5191374688,((t11:1.603564651,(t19:0.4881255482,t10:0.4881255482):1.115439102):0.2583341848,((((t13:0.2677010303,t4:0.2677010303):0.04314647768,t7:0.3108475079):1.122474715,(t20:0.8595113376,t8:0.8595113376):0.5738108857):0.3640011408,(t2:1.656704511,((t21:0.08361300488,t12:0.08361300488):1.054712523,t1:1.138325527):0.5183789834):0.1406188533):0.06457547139):0.1897098666):0.2398711814,(((t15:0.6896841147,t17:0.6896841147):0.3141181616,(t9:0.5992726058,(t16:0.5517460249,t22:0.5517460249):0.04752658094):0.4045296705):0.004480011301,((t18:0.8515840568,t23:0.8515840568):0.08150270847,t5:0.9330867653):0.07519552232):1.283197596):0.6457612509;
30|0.158037739344873|0.458910506900866|0.719888544059359|(((((t5:2.342178697,t25:2.342178697):8.360024909,(t11:2.667155676,((t24:1.204482605,t18:1.204482605):0.04869917119,t28:1.253181776):1.413973899):8.035047931):1.115788429,(((t12:6.74561837,t9:6.74561837):0.2448741812,(t19:3.799415066,((t30:2.579845574,(t10:2.325088449,t2:2.325088449):0.2547571252):0.993490069,t26:3.573335643):0.2260794236):3.191077485):2.109253186,t27:9.099745738):2.718246298):0.6511420536,((t16:0.8720403472,(t23:0.564926957,(t4:0.498328966,t14:0.498328966):0.06659799097):0.3071133903):1.641621288,(t1:0.6908177146,t7:0.6908177146):1.822843921):9.955472454):5.807597408,(((t15:3.09056091,(t13:2.486154072,t17:2.486154072):0.6044068382):1.100686758,((t6:1.747933111,(t22:1.597532983,(t3:1.21837904,t29:1.21837904):0.3791539432):0.150400128):0.3607938203,t21:2.108726931):2.082520736):1.690900408,(t20:2.923439851,t8:2.923439851):2.958708225):12.39458342):1.203254759;
49|0.671177789026406|0.19231735937763|0.521806125645526|(((((t8:1.396042081,t10:1.396042081):1.791749154,((((t37:0.525890347,t32:0.525890347):0.2368623272,(t45:0.7319001031,t17:0.7319001031):0.03085257115):2.108207055,t43:2.870959729):0.04446023676,(((t29:0.02631851481,t33:0.02631851481):0.1549153042,t46:0.181233819):2.024292125,(t16:1.215770536,t44:1.215770536):0.9897554081):0.7098940218):0.2723712682):0.6510860379,(t18:0.8307813287,(t5:0.2824379165,t36:0.2824379165):0.5483434122):3.008095944):0.8646826988,((t42:0.2797096092,(t15:0.2679849942,t27:0.2679849942):0.01172461502):1.104721729,t4:1.384431338):3.319128633):0.5759614474,((((t26:0.6695471984,t1:0.6695471984):1.355571018,(t49:0.4987783627,t40:0.4987783627):1.526339854):0.05242247332,(t47:1.888506112,(t35:1.630769015,((t20:0.1631683661,t6:0.1631683661):0.20023326,t38:0.3634016261):1.267367389):0.2577370972):0.1890345783):2.425884934,((t31:1.745877487,t7:1.745877487):2.701194089,((t9:0.1763377594,t34:0.1763377594):3.87631477,((((t11:0.2632568524,t2:0.2632568524):0.9723741726,(t30:0.8948319767,(t3:0.1867666556,(t23:0.05891438203,t48:0.05891438203):0.1278522736):0.7080653211):0.3407990483):1.56453758,(t14:0.1076323454,t13:0.1076323454):2.69253626):0.7018579769,((t19:2.255833878,t21:2.255833878):1.02861975,((t22:2.367816211,t28:2.367816211):0.05062377533,(t39:1.475159241,(((t24:0.2566990752,t41:0.2566990752):0.07295099255,t12:0.3296500677):0.8840087206,t25:1.213658788):0.2615004523):0.9432807459):0.8660136418):0.2175729539):0.5506259472):0.3944190465):0.05635404851):0.7760957939):4.562623418;
10|1.64035847174935|0.138309664493427|0.937834888696671|((t1:1.303235142,((t6:0.02680286331,t2:0.02680286331):0.9076364782,t3:0.9344393415):0.3687958003):0.005495329302,((((t4:0.02017173743,t5:0.02017173743):0.07178400259,t8:0.09195574002):0.4390792352,t9:0.5310349752):0.321579089,(t7:0.007135632006,t10:0.007135632006):0.8454784322):0.4561164068):0.3089887833;
38|1.80803724108962|0.463029370566364|0.633536459528841|((((t11:0.440712882,t22:0.440712882):0.3626299127,((t9:0.1996750356,t13:0.1996750356):0.4910788583,(t15:0.6506823699,((t28:0.02392281401,t19:0.02392281401):0.05603964545,t29:0.07996245946):0.5707199104):0.04007152405):0.1125889008):0.07879067287,(t31:0.06711235774,t37:0.06711235774):0.8150211099):1.269623793,((((((t38:0.4399587479,t30:0.4399587479):0.2315149333,((t5:0.1126164645,t35:0.1126164645):0.3598555062,t4:0.4724719707):0.1990017104):0.7769330197,((t24:0.3455261283,t7:0.3455261283):0.8416684428,(t20:0.1926896875,t21:0.1926896875):0.9945048836):0.2612121298):0.2152935533,((((((t6:0.1421086671,(t25:0.03237557626,t23:0.03237557626):0.1097330909):0.2235869755,t14:0.3656956426):0.2132664576,((t26:0.4062943864,(t27:0.2484508326,t1:0.2484508326):0.1578435538):0.1722720383,t16:0.5785664247):0.0003956755236):0.2556664061,t36:0.8346285063):0.113646796,(t33:0.02012776655,t17:0.02012776655):0.9281475357):0.3165106785,t2:1.264785981):0.3989142735):0.159787014,t8:1.823487268):0.03126978966,(((t32:0.1291660531,(t3:0.09261821425,t12:0.09261821425):0.03654783881):0.04191054408,t18:0.1710765971):0.4126484344,(t34:0.04229976,t10:0.04229976):0.5414252716):1.271032026):0.2970002029):0.3456182999;
18|2.97370893107262|0.207079810509458|0.934275030624121|((((t4:0.3102824342,t11:0.3102824342):0.07843775044,t18:0.3887201846):0.06609337732,t6:0.4548135619):0.2504647304,(((((t15:0.02112439619,t17:0.02112439619):0.1736308591,(t16:0.0969241007,(t9:0.001421853208,t13:0.001421853208):0.09550224749):0.09783115461):0.04287743594,t12:0.2376326912):0.2344987392,(t10:0.3119299933,(t14:0.05010095828,t7:0.05010095828):0.261829035):0.1602014371):0.2153703005,(t2:0.6693426998,(t8:0.3445325738,(t1:0.1609707936,(t5:0.03062782452,t3:0.03062782452):0.1303429691):0.1835617802):0.324810126):0.01815903112):0.01777656137):0.3443525578;
11|0.885656794318929|0.301165056135505|0.583149769343436|((t10:0.5043526281,(t2:0.4350208178,(t1:0.167488419,t4:0.167488419):0.2675323988):0.06933181029):2.274233509,(((t11:0.1893108926,t7:0.1893108926):0.6794576767,t5:0.8687685693):0.927700423,((t3:0.3626553194,t8:0.3626553194):0.9427691184,(t9:0.9201942706,t6:0.9201942706):0.3852301672):0.4910445545):0.9821171446):0.7272855227;
28|2.43768956689164|0.18736008084612|0.629651852534153|(t22:1.230965066,(((((t23:0.3513182465,t12:0.3513182465):0.2059971699,((t10:0.1170529266,t19:0.1170529266):0.2183114261,t9:0.3353643527):0.2219510637):0.008077848943,t16:0.5653932653):0.2139486614,(((t15:0.05875802464,t20:0.05875802464):0.02017186644,(t11:0.05354438919,(t17:0.02829311872,t24:0.02829311872):0.02525127047):0.02538550189):0.2607861982,t4:0.3397160893):0.4396258374):0.1026217943,((((t7:0.1497149991,t6:0.1497149991):0.3545839653,(t14:0.312668708,(t26:0.2601624936,(t13:0.04547438958,t5:0.04547438958):0.214688104):0.05250621444):0.1916302563):0.1177648513,(t27:0.3431571472,((t2:0.1894706821,((t25:0.02128311234,t28:0.02128311234):0.02775689399,t8:0.04904000632):0.1404306758):0.05709582378,(t3:0.0005746112469,t18:0.0005746112469):0.2459918946):0.0965906413):0.2789066685):0.07045163519,(t1:0.09524762471,t21:0.09524762471):0.5972678261):0.1894482703):0.3490013451):1.034055201;
42|3.46035212262766|0.264757192393299|0.947264937800355|((((((t13:0.1750532572,t25:0.1750532572):0.3247846312,(t27:0.2329528678,(t18:0.1733484563,((t28:0.01885009397,t41:0.01885009397):0.122797532,t1:0.1416476259):0.03170083042):0.05960441144):0.2668850206):0.1192904058,(t9:0.4948162378,(t12:0.07875170878,t33:0.07875170878):0.416064529):0.1243120564):0.09587004108,(t35:0.0607479879,(t26:0.01975617716,t34:0.01975617716):0.04099181074):0.6542503474):0.0108306517,(t10:0.613370867,(((t22:0.230133459,t37:0.230133459):0.2574901141,((((t20:0.03291956078,t36:0.03291956078):0.1477306719,t8:0.1806502327):0.01020812395,t19:0.1908583566):0.09033373771,(t4:0.1306228577,t29:0.1306228577):0.1505692366):0.2064314788):0.05433076252,((t5:0.03371042463,t30:0.03371042463):0.3159934003,t23:0.3497038249):0.1922505107):0.07141653136):0.11245812):0.4878167096,(((((t14:0.01145228083,t17:0.01145228083):0.2376669661,t24:0.249119247):0.1272965004,t32:0.3764157473):0.0931520564,t11:0.4695678038):0.1007224179,((((t31:0.1382560604,t3:0.1382560604):0.05686775209,(t38:0.1737537525,t42:0.1737537525):0.02137006002):0.2424324499,((t16:0.04751458628,t6:0.04751458628):0.03841736071,t21:0.085931947):0.3516243154):0.09334834485,((((t39:0.2207200215,t40:0.2207200215):0.024194952,t2:0.2449149735):0.08304157694,t7:0.3279565504):0.06694788188,t15:0.3949044323):0.136000175):0.03938561443):0.6433554749):0.1455003047;
34|2.66178571686614|0.310814461740665|0.886900653829798|((((((t12:0.09611198612,t32:0.09611198612):0.006369985865,t23:0.102481972):0.2684252638,((t29:0.008348389451,t22:0.008348389451):0.2021958916,(t2:0.1077122311,(t31:0.07556384204,t13:0.07556384204):0.0321483891):0.1028320499):0.1603629547):0.4230323485,(((t16:0.663830819,(t17:0.3724215563,(t11:0.2732328594,(t20:0.01766170337,t1:0.01766170337):0.255571156):0.09918869689):0.2914092628):0.08000569551,((t8:0.3849261518,(t25:0.3606665774,t4:0.3606665774):0.02425957432):0.2664657746,(t28:0.05615758847,t18:0.05615758847):0.5952343379):0.09244458813):0.02401126101,t3:0.7678477755):0.02609180874):0.1655580495,((((t33:0.01614134142,t14:0.01614134142):0.1030081634,t30:0.1191495048):0.5047248735,(t27:0.3374092779,t34:0.3374092779):0.2864651004):0.167103957,((t26:0.1703742221,t10:0.1703742221):0.5242155558,((t21:0.08367176302,(t9:0.01934782286,t24:0.01934782286):0.06432394016):0.4606245173,(t15:0.03783188431,t19:0.03783188431):0.506464396):0.1502934976):0.09638855744):0.1685192984):0.267422724,((t6:0.2354425432,t7:0.2354425432):0.212019888,t5:0.4474624313):0.7794579265):0.527218911;
27|3.2819132130756|0.196948829579633|0.819167605950497|(((t17:0.09604538418,t15:0.09604538418):0.215663423,t19:0.3117088072):0.9446465518,(((t22:0.08145846932,(t13:0.02009568985,(t25:0.00787139158,t23:0.00787139158):0.01222429827):0.06136277947):0.9725722799,(((t9:0.264627003,(((t7:0.0008189865579,t4:0.0008189865579):0.01793430855,t20:0.01875329511):0.130732417,t11:0.1494857121):0.1151412909):0.08210807317,t26:0.3467350762):0.2844217038,((t16:0.2219520415,(t3:0.09906229763,t2:0.09906229763):0.1228897438):0.2776136227,((t6:0.1620746355,t5:0.1620746355):0.1074960513,((t10:0.2383802001,(t8:0.06916095374,(t1:0.01413072484,t27:0.01413072484):0.0550302289):0.1692192464):0.009709349615,t14:0.2480895497):0.02148113705):0.2299949774):0.1315911158):0.4228739692):0.1250290137,(((t24:0.13666162,t18:0.13666162):0.03388064523,t12:0.1705422652):0.3116590537,t21:0.4822013189):0.696858444):0.07729559608):0.02363773081;
10|3.50241548555205|0.198047199468128|0.601322795613669|(((t5:0.03746184521,t10:0.03746184521):0.6952039655,((t4:0.08631755144,t1:0.08631755144):0.1902361393,t3:0.2765536907):0.45611212):0.1727998251,(t6:0.5818558135,((t9:0.1246112853,t8:0.1246112853):0.4545435675,(t7:0.02185253329,t2:0.02185253329):0.5573023195):0.00270096066):0.3236098223):0.3796486171;
24|1.74576832064893|0.446537708702963|0.991378608276136|((t13:1.260640552,(((t22:0.09896478596,t5:0.09896478596):0.2911762306,((t3:0.1887614267,t20:0.1887614267):0.07480672729,(t8:0.08146115699,t18:0.08146115699):0.182106997):0.1265728626):0.6325727247,(t17:0.6179090938,(((t11:0.2259421324,t7:0.2259421324):0.2477938872,t2:0.4737360196):0.1415323677,((t23:0.05987642519,(t14:0.05658458816,t12:0.05658458816):0.003291837036):0.07841711251,(t16:0.008857509408,t10:0.008857509408):0.1294360283):0.4769748496):0.002640706568):0.4048046474):0.2379268106):0.4034719008,(t1:0.585460642,((t15:0.3186642702,(t19:0.04323963394,(t9:0.01097148005,t21:0.01097148005):0.03226815388):0.2754246363):0.1757829884,(t6:0.3466424532,(t24:0.1323924902,t4:0.1323924902):0.214249963):0.1478048054):0.09101338334):1.078651811):1.845771498;
33|3.85090557519579|0.245031353940722|0.733982807723805|(((((t32:0.1672108528,t12:0.1672108528):0.0541010757,((t4:0.01495966642,t5:0.01495966642):0.1040254413,(t33:0.02270708374,t1:0.02270708374):0.09627802394):0.1023268208):0.3309462106,(t24:0.4436465101,((t22:0.321209051,t28:0.321209051):0.1069830309,(t16:0.189854447,t27:0.189854447):0.2383376349):0.01545442824):0.1086116289):0.08029647509,(((t26:0.1068534499,t11:0.1068534499):0.09258280514,t29:0.199436255):0.1081515626,t14:0.3075878176):0.3249667965):0.01209867059,((t25:0.3698895771,(((t17:0.1463040883,t9:0.1463040883):0.1062664556,(t31:0.166845991,(t13:0.113436788,t18:0.113436788):0.05340920297):0.08572455285):0.08726866672,t2:0.3398392106):0.03005036656):0.05190523158,(t8:0.3262849386,(((t20:0.09564800499,t3:0.09564800499):0.05246319665,(t15:0.1140736383,(t7:0.09043395557,(t10:0.04991161232,t19:0.04991161232):0.04052234325):0.02363968275):0.03403756332):0.04879646306,((t6:0.006090376161,(t21:0.002684787174,t30:0.002684787174):0.003405588987):0.05657995712,t23:0.06267033328):0.1342373314):0.129377274):0.09550987007):0.222858476):0.0180528112;
42|3.62974562401418|0.366288903446402|0.861750280484557|((((((t4:0.1195817177,t6:0.1195817177):0.2488883167,(t3:0.361341814,t31:0.361341814):0.007128220443):0.4443613025,t22:0.8128313369):0.4157347121,(t8:0.4461620113,(t41:0.1207846373,(t23:0.1093400203,(t21:0.0309156206,t34:0.0309156206):0.07842439971):0.01144461695):0.325377374):0.7824040377):0.05134469449,(t38:0.8490814578,(((t40:0.5000136699,(((t20:0.1783678633,(t39:0.1691396844,t30:0.1691396844):0.00922817888):0.02545699782,t2:0.2038248611):0.2520761192,(t35:0.01072044466,(t42:0.006122104882,t12:0.006122104882):0.00459833978):0.4451805356):0.0441126896):0.1502813635,((t19:0.3166570847,(t33:0.1659653119,t10:0.1659653119):0.1506917728):0.02570771618,(t37:0.096103917,t27:0.096103917):0.2462608839):0.3079302325):0.05006219323,(t18:0.3340139881,(t16:0.1686352366,t17:0.1686352366):0.1653787515):0.3663432385):0.1487242312):0.4308292857):0.1965182477,((((t1:0.3123761735,(t13:0.1480514485,t29:0.1480514485):0.164324725):0.02419240907,((t9:0.03508293765,t24:0.03508293765):0.2982561065,(t7:0.01902674188,t14:0.01902674188):0.3143123023):0.003229538456):0.05106765939,((t15:0.06480541527,t11:0.06480541527):0.1862792348,(t25:0.03926340815,t5:0.03926340815):0.211821242):0.1365515919):0.2357326284,(((t26:0.02209228297,t32:0.02209228297):0.003954498709,t36:0.02604678168):0.0687106673,t28:0.09475744898):0.5286114214):0.8530601208):0.3048463775;
35|2.59405921336031|0.284855532366782|0.96182477241382|((((t25:0.03205406687,t35:0.03205406687):0.4831466581,t1:0.5152007249):0.9020388506,(((t3:0.1068519008,t4:0.1068519008):0.270399557,(t7:0.2762724411,t24:0.2762724411):0.1009790167):0.366175935,((((t5:0.3123361951,(t32:0.1808773902,((t10:0.1123979782,t30:0.1123979782):0.0322777776,t22:0.1446757558):0.03620163434):0.131458805):0.01876743067,((t6:0.0296874275,(t33:0.002632320624,t29:0.002632320624):0.02705510688):0.178442574,t27:0.2081300015):0.1229736243):0.2144520918,t13:0.5455557176):0.0474612196,((t8:0.1446012466,t23:0.1446012466):0.001725116744,t15:0.1463263633):0.4466905739):0.1504104555):0.6738121828):0.01540081735,(((((t19:0.394399997,t14:0.394399997):0.005736985343,(t28:0.1466583317,t34:0.1466583317):0.2534786506):0.05144785709,(t17:0.444516567,((t18:0.3245874884,t20:0.3245874884):0.02236787859,(t2:0.1070469925,t31:0.1070469925):0.2399083745):0.09756120002):0.007068272427):0.2261936593,((t26:0.04470515868,t21:0.04470515868):0.06058558301,t11:0.1052907417):0.572487757):0.07947954483,((t16:0.001710809549,t12:0.001710809549):0.02691598689,t9:0.02862679644):0.7286312471):0.6753823494):0.3917620482;
10|2.52663387121633|0.367613047773484|0.634704906027764|(((t2:0.250591952,t5:0.250591952):0.1445097349,t1:0.3951016869):0.2116205484,((((t7:0.1102577595,t3:0.1102577595):0.1223683474,t10:0.2326261068):0.2241809308,(t6:0.2260103906,t9:0.2260103906):0.230796647):0.04868315712,(t4:0.01125368601,t8:0.01125368601):0.4942365088):0.1012320406):0.2772619656;
25|3.62942045651143|0.493160769329406|0.59292488405481|(((((t3:0.1247409208,(t10:0.01270104371,t4:0.01270104371):0.1120398771):0.1229733612,((((t18:0.04490182657,t2:0.04490182657):0.007228667101,t16:0.05213049367):0.05901889696,t9:0.1111493906):0.06789529,t23:0.1790446806):0.06866960143):0.1057728113,(t14:0.1975561597,t7:0.1975561597):0.1559309336):0.2285575149,((((t25:0.1366677991,(t21:0.0933354162,t1:0.0933354162):0.04333238292):0.2074265865,(t22:0.03863584319,t11:0.03863584319):0.3054585425):0.01924051936,t24:0.363334905):0.06642917602,(t6:0.08516770418,t12:0.08516770418):0.3445963769):0.1522805271):0.1826328957,(((t5:0.01156139719,t19:0.01156139719):0.13764703,t20:0.1492084271):0.5946246344,(t17:0.4740718332,(t13:0.4016188861,(t8:0.4006621287,t15:0.4006621287):0.0009567574094):0.07245294705):0.2697612284):0.02084444231):0.6613622245;
49|0.239858648467343|0.230004899636842|0.714666654821485|((((t8:4.517952356,(t16:3.066820982,t41:3.066820982):1.451131374):4.348251107,(((t36:0.6510636727,t43:0.6510636727):2.698852712,((t29:1.173720003,t38:1.173720003):0.9882898527,(t20:0.6677880078,t37:0.6677880078):1.494221848):1.187906529):2.215794973,t24:5.565711357):3.300492105):2.995869511,(((((t25:1.825927198,((t5:0.4233908318,t1:0.4233908318):0.1497835432,t26:0.573174375):1.252752823):3.187361102,((t22:1.211870936,t12:1.211870936):3.305826289,(t10:1.113147422,(t4:0.9034841188,t3:0.9034841188):0.2096633033):3.404549803):0.4955910742):0.2451944621,(((t9:0.3023055313,t30:0.3023055313):1.579734543,t15:1.882040074):1.856757411,(t47:3.549987802,t31:3.549987802):0.1888096829):1.519685276):0.7204831986,(t11:5.379107659,(t7:5.038244522,t14:5.038244522):0.3408631373):0.5998583011):5.788785998,(t21:7.541684667,((t34:0.2968880376,t46:0.2968880376):1.715318345,((t49:0.833888367,t44:0.833888367):0.9874107196,t6:1.821299087):0.1909072964):5.529478284):4.226067291):0.09432101527):2.886140229,((((t42:4.315247474,(t23:2.433767514,((t45:0.1322605959,t48:0.1322605959):1.284724444,(t13:1.329779018,t19:1.329779018):0.08720602208):1.016782474):1.881479961):0.2453915734,((t2:1.777609706,(t35:1.457856427,t40:1.457856427):0.319753279):2.226291587,t18:4.003901294):0.5567377541):1.085214172,((t28:0.3263098937,t27:0.3263098937):1.20652943,t17:1.532839324):4.113013897):1.818785379,(t32:5.978253902,(t39:1.886815031,t33:1.886815031):4.09143887):1.486384698):7.283574603):3.244238003;
42|0.039087684720289|0.342440456878394|0.973303543636575|((t40:36.30892933,(t16:25.21606976,((t8:22.24497885,(t17:3.417841676,t38:3.417841676):18.82713717):0.7954697189,((((t42:1.905065964,t28:1.905065964):3.810660666,t18:5.71572663):7.74384238,(t25:5.444758187,t23:5.444758187):8.014810824):3.251416905,t24:16.71098592):6.329462652):2.175621194):11.09285957):16.56067295,((((((t35:2.409386779,t19:2.409386779):10.11316629,t12:12.52255307):1.720852704,((t15:6.800278686,t27:6.800278686):1.602001187,t13:8.402279873):5.841125898):18.4433625,(((t29:10.10732524,t2:10.10732524):3.168690003,t30:13.27601524):11.02626053,(((t20:0.940463333,t9:0.940463333):8.446217566,t7:9.386680899):4.194196992,(t22:9.238449951,t10:9.238449951):4.342427941):10.72139788):8.384492509):8.161196653,(((t6:3.201414729,(t31:0.8917443512,t33:0.8917443512):2.309670378):9.720835962,t14:12.92225069):26.37820442,((t36:23.84029883,(t3:8.440505956,t21:8.440505956):15.39979288):2.762056685,t41:26.60235552):12.69809959):1.547509816):9.225084541,(((t32:3.314479668,t5:3.314479668):8.525031399,t1:11.83951107):25.16361985,(t39:31.273596,((t4:6.446495747,(t37:5.502107514,t11:5.502107514):0.9443882325):9.621268107,(t34:5.96842328,t26:5.96842328):10.09934057):15.20583214):5.729534922):13.06991855):2.796552812):32.31000411;
15|1.51424605432898|0.437344601303339|0.945868181064725|((((t11:0.1362175339,t5:0.1362175339):0.1148765516,t13:0.2510940854):0.5456339719,(t9:0.4898737204,(t1:0.1024716757,(t6:0.09394252289,t14:0.09394252289):0.008529152807):0.3874020447):0.3068543369):0.3099923185,(((t12:0.9034795388,(t8:0.266830298,t3:0.266830298):0.6366492409):0.1253421343,((t4:0.3818028436,t7:0.3818028436):0.06064290957,(t2:0.1207587323,t15:0.1207587323):0.3216870208):0.5863759199):0.04365250629,t10:1.072474179):0.03424619649):0.1259548795;
28|1.99567969871452|0.0952112088049762|0.946554850204848|((t8:0.8225837779,(t1:0.6011270611,(((t28:0.2961924126,((t18:0.1222229373,(t5:0.06724629295,t7:0.06724629295):0.05497664437):0.09514751674,(t9:0.1394470524,t22:0.1394470524):0.07792340166):0.07882195849):0.06252735822,t21:0.3587197708):0.09547733696,(t27:0.02601719723,t4:0.02601719723):0.4281799105):0.1469299534):0.2214567167):1.718892157,(((t25:0.1434714781,t24:0.1434714781):0.5644630279,(t19:0.641398329,(((((t14:0.4348291188,t6:0.4348291188):0.06779553659,(t16:0.4464680467,t23:0.4464680467):0.05615660879):0.06479038367,t17:0.5674150391):0.02568520336,(t26:0.3716908039,(t3:0.3154899011,t12:0.3154899011):0.0562009028):0.2214094386):0.02459838129,((t2:0.2825155186,t13:0.2825155186):0.06818890094,t20:0.3507044196):0.2669942042):0.02369970519):0.0665361771):0.02587817473,(t11:0.1921505122,(t10:0.06089017796,t15:0.06089017796):0.1312603343):0.5416621685):1.807663254):1.021917651;
46|1.3179805492796|0.0768446922698058|0.995078387320973|((t4:0.2341645683,(t41:0.1036486846,t24:0.1036486846):0.1305158837):3.119955887,(((t19:0.6016651547,t6:0.6016651547):0.8090300556,((((t25:0.2913889908,t1:0.2913889908):0.03018980302,t44:0.3215787938):0.4526777918,(t17:0.7735115967,t39:0.7735115967):0.0007449889501):0.03592369895,t16:0.8101802846):0.6005149257):0.6689244384,((((((t3:0.4748311816,t12:0.4748311816):0.2284525461,(t21:0.278019694,((t28:0.1965396153,t45:0.1965396153):0.07831084445,(t26:0.04721413454,t35:0.04721413454):0.2276363252):0.003169234237):0.4252640337):0.07135885125,(t14:0.01498660726,t10:0.01498660726):0.7596559716):0.003442701552,t38:0.7780852805):0.6123565866,(t23:0.617066011,t5:0.617066011):0.773375856):0.6578240546,((((t13:1.061218926,(t42:0.9836332825,t11:0.9836332825):0.07758564346):0.01220538042,(((t30:0.3950427841,t29:0.3950427841):0.192700375,((t18:0.4124562782,t8:0.4124562782):0.009230319448,t27:0.4216865976):0.1660565614):0.4487105941,(t2:0.8417025118,((t15:0.1483072302,t33:0.1483072302):0.6095482399,((t32:0.3944454545,((t22:0.0719201921,t31:0.0719201921):0.2323048119,t7:0.304225004):0.09022045049):0.1403866083,t20:0.5348320628):0.2230234073):0.08384704174):0.1947512414):0.0369705532):0.09183541175,(t9:0.5942731512,(t34:0.5376128431,t40:0.5376128431):0.05666030805):0.570986567):0.4970206492,(t36:0.5872023092,((t46:0.001728981165,t43:0.001728981165):0.5314419734,t37:0.5331709546):0.05403135461):1.075078058):0.3859855543):0.03135372714):1.274500806):3.458223282;
35|2.3085542049096|0.174612566356082|0.712991269072518|((t11:0.609827601,(t34:0.3277006953,(t17:0.2505646473,((t22:0.09467677066,t14:0.09467677066):0.06339407062,(t8:0.1193098381,t31:0.1193098381):0.03876100317):0.09249380605):0.07713604802):0.2821269057):0.3022810133,((((((t26:0.09689517456,t10:0.09689517456):0.4287505756,(((t30:0.1051135073,t12:0.1051135073):0.09420408559,t6:0.1993175929):0.1825995514,((t3:0.1153087751,t2:0.1153087751):0.06643876122,t18:0.1817475363):0.2001696079):0.143728606):0.0630286181,(t5:0.5354073174,((t35:0.1604725566,t24:0.1604725566):0.09137055927,t27:0.2518431158):0.2835642015):0.05326705091):0.008548302218,(t33:0.3951273065,(t13:0.3587420079,(((t16:0.07704162814,t7:0.07704162814):0.2214840533,(t29:0.1046622778,t15:0.1046622778):0.1938634037):0.003218619994,t32:0.3017443014):0.05699770645):0.03638529861):0.202095364):0.06644098904,t1:0.6636636595):0.1828841831,((t19:0.7425218308,(t9:0.02065609424,t25:0.02065609424):0.7218657365):0.06346453529,(t21:0.5815339617,((t23:0.3433859288,t28:0.3433859288):0.1502705848,(t20:0.1470997025,t4:0.1470997025):0.3465568111):0.08787744806):0.2244524043):0.04056147658):0.0655607717):0.6308177812;
16|2.80692107559647|0.227673257098068|0.987764876219444|(((t9:0.3001607805,((t16:0.1521453094,(t11:0.004990908348,t3:0.004990908348):0.147154401):0.112713041,((t14:0.1820167042,((t7:0.03369929546,(t5:0.007545661438,t12:0.007545661438):0.02615363403):0.04963684631,t8:0.08333614177):0.09868056245):0.07117451995,t13:0.2531912242):0.01166712626):0.03530243007):0.198843209,t15:0.4990039895):0.2043288056,((t6:0.04707282037,t4:0.04707282037):0.2642834727,(t1:0.1754794152,(t2:0.0722762061,t10:0.0722762061):0.1032032091):0.1358768778):0.3919765021):0.2453915106;
30|3.81186490786262|0.447970744865015|0.778866435284726|((((t4:0.06934038112,t16:0.06934038112):0.3239309173,(t13:0.15525301,t5:0.15525301):0.2380182884):0.02677994048,((t3:0.1222155366,t19:0.1222155366):0.009669169661,t29:0.1318847063):0.2881665326):0.2168433793,((((t21:0.3731840513,((t11:0.005976585198,t18:0.005976585198):0.2921855164,(((t26:0.04956855721,(((t7:0.0008709974133,t25:0.0008709974133):0.01125487527,t15:0.01212587268):0.01955443293,t22:0.03168030561):0.0178882516):0.04162752321,(t10:0.02542776412,t12:0.02542776412):0.0657683163):0.1730459994,t14:0.2642420798):0.03392002184):0.07502194965):0.05430608079,t17:0.4274901321):0.05087857332,((t6:0.008349991018,t28:0.008349991018):0.323255115,(t30:0.124362578,(t23:0.04141827069,t8:0.04141827069):0.08294430735):0.207242528):0.1467635994):0.14086497,(t1:0.5456731525,((t27:0.1340240971,(t24:0.03995090567,t2:0.03995090567):0.0940731914):0.2293225935,(t20:0.03846333203,t9:0.03846333203):0.3248833586):0.1823264619):0.07356052284):0.01766094275):0.05835656765;
18|0.91198922138894|0.256080598782282|0.682809136109427|((t10:1.853738459,((t17:1.407599847,(t11:0.6411066321,(t14:0.344148338,(t1:0.04330412214,t2:0.04330412214):0.3008442158):0.2969582941):0.7664932151):0.3450718505,t12:1.752671698):0.1010667613):0.6138238343,((t3:1.216286812,t7:1.216286812):0.4048585489,((((t6:0.6481166031,t16:0.6481166031):0.08504868378,(t9:0.4991265766,t18:0.4991265766):0.2340387103):0.7156787883,((t13:0.2590109901,t8:0.2590109901):1.015614021,(t5:0.2339714559,t15:0.2339714559):1.040653556):0.1742190638):0.1151739713,t4:1.564018047):0.05712731461):0.8464169322):1.291776518;
16|3.42900256075198|0.0108573837717995|0.728197007440031|((t3:0.2850086305,t1:0.2850086305):0.2710067297,((((t7:0.2083328095,t13:0.2083328095):0.1624370112,((((((t9:0.1031771787,t2:0.1031771787):0.05121896292,t16:0.1543961417):0.01473763845,(t15:0.1455074724,t10:0.1455074724):0.02362630775):0.003436164317,t8:0.1725699444):0.0007178572608,t14:0.1732878017):0.1170711236,(t11:0.0696256597,t6:0.0696256597):0.2207332656):0.08041089544):0.04377465544,(t12:0.06940062094,t5:0.06940062094):0.3451438552):0.02997263982,t4:0.444517116):0.1114982442):0.159247031;
14|0.0631450717151165|0.191414648720529|0.708645122125745|(((t13:2.531180981,t11:2.531180981):6.653393612,(t12:6.510765431,t9:6.510765431):2.673809162):24.28006512,((t2:3.972277477,t14:3.972277477):17.01311033,(((t10:1.595552053,t8:1.595552053):8.446746066,(t7:3.047024839,(t3:2.053228973,t1:2.053228973):0.993795866):6.99527328):6.40758781,((t6:4.405556607,t4:4.405556607):0.5043001496,t5:4.909856757):11.54002917):4.535501879):12.47925191):9.203696776;
30|2.54442796677817|0.0349650873779319|0.517178321373649|(((t2:0.7801232126,((t11:0.5099741638,(t24:0.09038719971,t19:0.09038719971):0.4195869641):0.1880137771,(t25:0.5440427743,(t7:0.3522119707,t14:0.3522119707):0.1918308035):0.1539451666):0.08213527175):0.4001222216,(((t3:0.2662235354,(t10:0.08922530258,(t16:0.07563360771,t22:0.07563360771):0.01359169487):0.1769982328):0.2145863006,t5:0.480809836):0.6810126782,((((t21:0.2108036773,t30:0.2108036773):0.4606602764,(((t27:0.036476283,t12:0.036476283):0.5454256173,t20:0.5819019003):0.03270410092,t29:0.6146060012):0.05685795251):7.544390247e-05,((t8:0.4670279471,(t6:0.1525033335,(t23:0.03459233164,t15:0.03459233164):0.1179110019):0.3145246136):0.07162148379,(t18:0.2857542986,(t1:0.2365243214,t13:0.2365243214):0.04922997721):0.2528951323):0.1328899667):0.03343108878,t17:0.7049704864):0.4568520278):0.01842291998):0.7472120228,(t26:0.318758373,(t9:0.06233151333,(t28:0.05795918924,t4:0.05795918924):0.004372324087):0.2564268597):1.608699084):0.6018638254;
13|2.62025949656963|0.474266244738828|0.902193217654712|(t6:0.337474301,(((((t2:0.01607478715,t7:0.01607478715):0.03816863946,(t4:0.04856692354,t11:0.04856692354):0.005676503065):0.07523122212,((t8:0.04702223605,t1:0.04702223605):0.05494702332,t5:0.1019692594):0.02750538935):0.0814173076,t13:0.2108919563):0.07639845754,(t9:0.184054308,(t3:0.1436179855,(t10:0.1276935873,t12:0.1276935873):0.01592439815):0.04043632257):0.1032361058):0.05018388715):0.2540514377;
36|3.29335037365323|0.431566452663392|0.540645242552273|((((t28:0.2500990933,t10:0.2500990933):0.3101930572,((t35:0.1858492842,(t20:0.07932669702,t16:0.07932669702):0.1065225872):0.3643940176,((((t36:0.08709336729,t7:0.08709336729):0.01064014074,(t29:0.05864963328,t12:0.05864963328):0.03908387475):0.1228578948,(t25:0.1963883613,(t14:0.1262626011,t17:0.1262626011):0.07012576024):0.02420304152):0.05067550789,(t32:0.1479323,t26:0.1479323):0.1233346107):0.2789763911):0.01004884859):0.160314317,(t13:0.1908392667,(((t23:0.1557229552,((t22:0.07714699829,t2:0.07714699829):0.0500532347,t34:0.127200233):0.02852272217):0.02717706231,t27:0.1829000175):0.003969454367,((t15:0.02884462932,(t9:0.01395283602,t11:0.01395283602):0.01489179331):0.07254598745,t30:0.1013906168):0.08547885507):0.003969794901):0.5297672008):0.1409595401,(((((t3:0.02834066804,t31:0.02834066804):0.1890896225,((t1:0.02624675363,t8:0.02624675363):0.1782112532,t5:0.2044580068):0.01297228372):0.09194618043,t4:0.3093764709):0.1026780458,t19:0.4120545167):0.2705486644,(((t18:0.09969396314,t21:0.09969396314):0.04444649758,(t33:0.1130552777,t24:0.1130552777):0.03108518305):0.179563639,t6:0.3237040997):0.3588990814):0.1789628265):0.1414032593;
12|0.743236564402469|0.092257000610698|0.797962229931727|(((t9:2.269725795,(t7:0.1447532103,t11:0.1447532103):2.124972584):1.300196366,t8:3.56992216):0.01706430501,((t12:2.274578584,t4:2.274578584):0.6326231604,(t10:2.731081782,((t6:1.985934039,(t5:0.1999471935,t2:0.1999471935):1.785986846):0.1524947013,(t1:0.2541778089,t3:0.2541778089):1.884250931):0.5926530419):0.176119962):0.6797847212):2.851506949;
44|1.0998032596102|0.467886033135001|0.866509208339266|((((((t40:0.002305736578,t41:0.002305736578):0.6164842971,t34:0.6187900337):0.2871667748,(((t23:0.4115805712,t15:0.4115805712):0.1378409793,((t32:0.1643406822,t1:0.1643406822):0.03498367281,t18:0.199324355):0.3500971955):0.3351704127,(t13:0.03029238974,t22:0.03029238974):0.8542995735):0.02136484527):1.033509674,(t3:0.3873913735,t25:0.3873913735):1.552075109):1.057114754,((t24:1.5079974,(t8:0.2730822525,(t35:0.1344459661,t33:0.1344459661):0.1386362864):1.234915148):0.05052478339,(((((t27:0.1096316299,t10:0.1096316299):0.3651105028,t9:0.4747421327):0.112763464,(t37:0.08093839547,t38:0.08093839547):0.5065672012):0.1017277656,(t39:0.3335178082,(((t28:0.03034887738,t12:0.03034887738):0.1313272515,(((t14:0.01990085469,t44:0.01990085469):0.04147553518,t5:0.06137638987):0.06589600547,t4:0.1272723953):0.0344037336):0.1576574927,(t17:0.2265698062,t29:0.2265698062):0.09276381537):0.01418418663):0.355715554):0.7413785438,(t21:0.22429062,t36:0.22429062):1.206321286):0.1279102778):1.438059053):0.2252302672,(t7:2.911043299,(t42:2.855157931,(((t20:0.0262578345,t43:0.0262578345):1.985703513,((((t6:0.5688055219,t19:0.5688055219):0.1839671868,t30:0.7527727087):0.06709529071,(t2:0.1326700803,t16:0.1326700803):0.6871979191):0.8560846007,t31:1.6759526):0.3360087474):0.02231479335,(t26:0.1400611864,t11:0.1400611864):1.894214954):0.8208817906):0.05588536726):0.3107682049):0.08716847563;
11|3.61415618606377|0.459853557015304|0.974944553803653|(t8:0.68872453,((t7:0.1997696333,(t4:0.1069839576,t10:0.1069839576):0.09278567564):0.2832123645,(((t6:0.4092373676,(t3:0.04775743348,t2:0.04775743348):0.3614799341):0.009277984646,t11:0.4185153523):0.03451077651,((t9:0.04174228383,t1:0.04174228383):0.170774693,t5:0.2125169769):0.2405091519):0.02995586897):0.2057425323):0.4911255253;
29|3.26734132391401|0.0622759200469591|0.601581814931706|((((t17:0.04101579772,t20:0.04101579772):0.6005481555,((((t18:0.4203784801,t4:0.4203784801):0.0444556195,((t14:0.1537682128,t28:0.1537682128):0.3109205842,t16:0.464688797):0.0001453025727):0.0417758173,(t22:0.3922973232,t21:0.3922973232):0.1143125937):0.03496092124,(t15:0.1444137828,t25:0.1444137828):0.3971570553):0.09999311508):0.0162201358,(((((t19:0.241277516,t10:0.241277516):0.02138506389,(((t5:0.0279037253,t26:0.0279037253):0.05425416027,t12:0.08215788557):0.08545077753,t7:0.1676086631):0.0950539168):0.1083941647,t11:0.3710567446):0.2139067544,(t2:0.2534355946,t1:0.2534355946):0.3315279044):0.02909778007,((t9:0.001799589624,t8:0.001799589624):0.4484806654,(t27:0.2005485293,t13:0.2005485293):0.2497317257):0.1637810241):0.04372280997):0.2422503593,((t29:0.4392205025,t24:0.4392205025):0.2115463637,((t23:0.06168329023,t6:0.06168329023):0.3173754452,t3:0.3790587355):0.2717081308):0.2492675821):0.09251366185;
12|1.15004252365092|0.387114614883903|0.593417053227313|(((t8:0.1140082964,t3:0.1140082964):1.6525371,((t1:0.1690038399,t7:0.1690038399):1.45552969,t5:1.62453353):0.1420118667):0.06409295741,((t9:1.524597229,t12:1.524597229):0.1517017664,((t11:1.489921528,((t4:0.2152535237,t10:0.2152535237):0.879106019,t2:1.094359543):0.3955619848):0.03738135104,t6:1.527302879):0.1489961168):0.1543393584):0.4307873712;
15|1.61512973724864|0.154121001069434|0.916393173160031|(((t2:0.3743419315,t11:0.3743419315):0.8490189024,(t13:0.9653086299,(t8:0.8347195071,(t9:0.05493628681,t12:0.05493628681):0.7797832203):0.1305891228):0.2580522039):0.8854623258,((t5:0.2109194034,t10:0.2109194034):1.62650258,((t14:0.5620951235,t1:0.5620951235):1.185946711,((t7:0.04184963982,t3:0.04184963982):1.424618047,((t4:0.01245021605,t15:0.01245021605):0.04548907728,t6:0.05793929332):1.408528394):0.2815741471):0.08938014881):0.2714011768):1.314230211;
23|2.88536541477311|0.139887275714427|0.830465751234442|(((t4:0.35270927,((t14:0.06381983362,t23:0.06381983362):0.1669183063,t2:0.2307381399):0.1219711301):0.4295957084,(((t21:0.2244456382,(t5:0.1028987362,t20:0.1028987362):0.121546902):0.001339071308,((t9:0.03186831104,t8:0.03186831104):0.002095031319,t15:0.03396334236):0.1918213672):0.2689856799,(t1:0.4192170598,((((t22:0.1137162998,t13:0.1137162998):0.09545605204,t12:0.2091723519):0.01811009936,((t18:0.0101361343,t6:0.0101361343):0.2006014616,t11:0.2107375959):0.01654485536):0.02264160628,t17:0.2499240575):0.1692930023):0.0755533296):0.287534589):0.2319176929,(t7:0.8061737779,(t3:0.2008255046,(t16:0.1456562746,(t19:0.06671953901,t10:0.06671953901):0.07893673559):0.05516923003):0.6053482733):0.2080488934):0.07537133902;
24|2.61862317163963|0.119085616557859|0.911947223707102|(((((t21:0.3786565045,(t20:0.2171509527,t9:0.2171509527):0.1615055518):0.05362392871,(((t14:0.1447885539,t18:0.1447885539):0.02982962309,(t22:0.09561709266,(t19:0.02106782195,t23:0.02106782195):0.07454927071):0.07900108431):0.04911564109,(t17:0.06457115725,t7:0.06457115725):0.1591626608):0.2085466151):0.01783165376,(t15:0.111969025,(t4:0.01992260178,t3:0.01992260178):0.09204642321):0.3381430619):0.1212276092,(t2:0.4024027599,((t5:0.2417055075,t11:0.2417055075):0.07706156452,(t8:0.2290038082,t1:0.2290038082):0.08976326378):0.08363568785):0.1689369363):0.07969513045,((((t13:0.122458293,t10:0.122458293):0.1076231501,t6:0.2300814432):0.01305587669,t16:0.2431373198):0.306391732,(t12:0.521955826,t24:0.521955826):0.02757322581):0.1015057748):0.9587118134;
49|2.68881039051805|0.365478432825767|0.956886934582144|(((((t33:0.3953322176,t45:0.3953322176):0.2155125696,((t49:0.02681889873,t30:0.02681889873):0.04629411841,t23:0.07311301714):0.5377317701):0.1698068268,(t18:0.5425772512,((t19:0.3434767718,(t46:0.2333790788,(t17:0.05839404123,t27:0.05839404123):0.1749850376):0.110097693):0.01720823621,((t32:0.03449616782,(t48:0.002484304399,t8:0.002484304399):0.03201186342):0.2025382158,t12:0.2370343836):0.1236506244):0.1818922432):0.2380743628):0.5764857172,((((t42:0.0918108265,t37:0.0918108265):0.6311552501,(((t6:0.03304938624,t2:0.03304938624):0.0294320079,t4:0.06248139414):0.2262334481,((t10:0.008432459836,t47:0.008432459836):0.05912358743,t26:0.06755604727):0.221158795):0.4342512343):0.3046097243,(t11:0.1733420705,(t28:0.1197966438,t39:0.1197966438):0.05354542667):0.8542337304):0.04395767721,(((t25:0.1340435476,t41:0.1340435476):0.2919130956,((t34:0.1921072662,(t13:0.181183856,t29:0.181183856):0.01092341022):0.178195999,(t7:0.1803518338,t22:0.1803518338):0.1899514313):0.055653378):0.1626373327,((t35:0.3658879104,(t40:0.2917416198,t9:0.2917416198):0.07414629058):0.1466567555,t36:0.5125446659):0.07604931005):0.4829395022):0.2856038531):0.1560438089,(((t44:0.04123607486,t31:0.04123607486):0.5105957473,((t3:0.4696469701,(t14:0.1570858972,(t43:0.07294371276,t21:0.07294371276):0.08414218441):0.312561073):0.03251906986,(t20:0.2595569089,(t15:0.1354798428,(t16:0.02647381347,t5:0.02647381347):0.1090060294):0.124077066):0.2426091311):0.04966578213):0.7460318895,((t38:0.06987367357,t24:0.06987367357):0.4686886252,t1:0.5385622987):0.7593014129):0.2153174285):1.137996085;
11|2.31454701130046|0.267876954879612|0.521133257076144|((((t9:0.4853089769,((t3:0.1049345805,t5:0.1049345805):0.1579402171,(t10:0.1064352633,t4:0.1064352633):0.1564395343):0.2224341794):0.03836482844,((t1:0.3409832861,t8:0.3409832861):0.04390998784,t11:0.3848932739):0.1387805315):0.06624275621,t7:0.5899165616):0.1070194057,(t6:0.6073369121,t2:0.6073369121):0.0895990552):0.4348417385;
13|3.35431459782179|0.393567569737788|0.607261624187231|((t4:0.003417664801,t3:0.003417664801):0.4675100938,((t13:0.3112525838,((t2:0.04559608596,t10:0.04559608596):0.1083095307,t5:0.1539056167):0.1573469671):0.1398714795,(((t1:0.2808574841,(t6:0.1017610691,t8:0.1017610691):0.179096415):0.06189517425,((t12:0.07118196745,t7:0.07118196745):0.1731148512,t9:0.2442968187):0.09845583968):0.0009878483519,t11:0.3437405067):0.1073835566):0.0198036953):0.02450448841;
47|3.61431764991255|0.179174735313281|0.691934171249159|((((((((t6:0.1159162476,t17:0.1159162476):0.07331389372,(t7:0.001442602704,t22:0.001442602704):0.1877875386):0.01930684439,(t29:0.01799900927,t3:0.01799900927):0.1905379764):0.01466427108,t18:0.2232012568):0.1930721031,(t19:0.3839550644,(t33:0.0581942059,t34:0.0581942059):0.3257608585):0.03231829551):0.1222448372,(t46:0.4581607507,(t26:0.2489064289,(t45:0.1715926347,t43:0.1715926347):0.07731379416):0.2092543219):0.08035744639):0.1530096481,(t38:0.4469926932,(t35:0.23985959,(t13:0.05869162703,t1:0.05869162703):0.1811679629):0.2071331032):0.244535152):0.4412664224,((((t2:0.1625826247,t21:0.1625826247):0.5258981603,(t4:0.4602982907,((t10:0.1770197034,t16:0.1770197034):0.2634110645,((t24:0.2047919544,(t11:0.04011461567,t25:0.04011461567):0.1646773387):0.09699911197,((t32:0.1970623497,(t30:0.06938937524,t15:0.06938937524):0.1276729745):0.09358193828,t20:0.290644288):0.01114677833):0.1386397016):0.01986752273):0.2281824944):0.1677670715,(((t39:0.04340334327,t36:0.04340334327):0.2923959824,((t31:0.1193376725,t5:0.1193376725):0.1168494493,t23:0.2361871218):0.0996122039):0.07311286998,(t44:0.368304011,(t41:0.2787723306,t27:0.2787723306):0.08953168045):0.04060818468):0.4473356608):0.02476621279,((t28:0.3650908246,(t12:0.1242422524,t14:0.1242422524):0.2408485722):0.06391452437,(((t42:0.08336906388,(t37:0.01266665235,t40:0.01266665235):0.07070241153):0.02846307447,t8:0.1118321383):0.3123947771,(t9:0.238247224,t47:0.238247224):0.1859796915):0.004778433513):0.4520087203):0.2517801983):0.2277034242;
50|3.23872950628866|0.423199039655738|0.654631199198775|(((((t14:0.4944438716,(((t9:0.3265766584,(t7:0.067414513,t16:0.067414513):0.2591621454):0.02695699484,(t8:0.2652544903,t31:0.2652544903):0.088279163):0.06565918286,((t30:0.006782862342,t11:0.006782862342):0.09005525158,t5:0.09683811392):0.3223547222):0.07525103548):0.1187242585,(((t35:0.01786207126,t33:0.01786207126):0.1406712335,t40:0.1585333047):0.3433839838,(((t17:0.02814765645,t12:0.02814765645):0.01059171293,(t26:0.02243307208,t42:0.02243307208):0.01630629729):0.1527765243,((t3:0.0100450442,t38:0.0100450442):0.1549983649,t45:0.1650434091):0.02647248459):0.3104013948):0.1112508416):0.06858626779,(((t48:0.1908253663,t39:0.1908253663):0.1067282821,((t25:0.02544595501,t43:0.02544595501):0.06456308177,(t29:0.05384846858,t21:0.05384846858):0.0361605682):0.2075446116):0.2699056624,((t19:0.1537775837,t50:0.1537775837):0.1461326,(t4:0.06054500723,t41:0.06054500723):0.2393651764):0.2675491271):0.1142950871):0.1826153529,((t47:0.0806028644,(t24:0.003503895491,(t10:0.001083517915,t22:0.001083517915):0.002420377576):0.07709896891):0.6093225509,((t6:0.3017932272,((t2:0.1149020984,(t18:0.09244897446,t27:0.09244897446):0.0224531239):0.1866012303,((((t1:0.02469403054,t23:0.02469403054):0.02715017835,((t15:0.02211115707,t28:0.02211115707):0.01120437416,t20:0.03331553122):0.01852867768):0.0251162517,((t46:0.0009661896881,t13:0.0009661896881):0.06279985391,t36:0.0637660436):0.013194417):0.05133208128,t34:0.1282925419):0.1732107868):0.0002898985593):0.3283930571,t44:0.6301862844):0.05973913098):0.1744443355):0.2368725487,(t49:0.1213291352,(t32:0.01761539163,t37:0.01761539163):0.1037137435):0.9799131643):0.5567535205;
25|0.165887515165377|0.0225978121324442|0.598791349912062|((((t3:3.001317106,t25:3.001317106):3.707353193,((t4:5.297145201,(t24:0.2488350776,t19:0.2488350776):5.048310124):0.1365825876,t23:5.433727789):1.274942511):3.447502043,(t14:4.099402119,(t18:3.646198109,t2:3.646198109):0.4532040101):6.056770224):8.55943498,((t7:16.34601039,((t13:4.04416681,t22:4.04416681):9.992903525,((t17:4.086828692,t9:4.086828692):4.865391993,t1:8.952220685):5.084849649):2.308940056):1.153638249,(((t12:5.207408926,(t8:1.765356487,(t15:0.70840888,t20:0.70840888):1.056947607):3.442052438):1.189605747,(t16:6.267083996,((t10:1.446952142,t5:1.446952142):0.9228959445,t6:2.369848086):3.89723591):0.1299306769):10.22125985,(t11:15.38586979,t21:15.38586979):1.232404734):0.8813741133):1.215958683):9.382740429;
17|1.99022778530139|0.398795190800447|0.73054586071521|(((t7:0.03387066599,t8:0.03387066599):0.3717185742,(t9:0.3178016709,((((t15:0.03385930117,t6:0.03385930117):0.1248187534,t16:0.1586780546):0.04471364084,(t10:0.120384073,t3:0.120384073):0.08300762241):0.02426553138,t13:0.2276572268):0.09014444403):0.08778756934):0.2062582344,((t17:0.5519747493,(((t11:0.0386570784,t14:0.0386570784):0.2589145946,t2:0.297571673):0.01586490128,t4:0.3134365743):0.238538175):0.05285115972,(t12:0.3611330766,(t1:0.2802749143,t5:0.2802749143):0.08085816222):0.2436928325):0.007021565539):1.625462882;
14|1.32773213429609|0.466824354315177|0.785692615667358|(t5:1.539629424,(((t10:0.47045996,(t12:0.2216340079,t7:0.2216340079):0.2488259521):0.4799782969,((t6:0.06369260335,t3:0.06369260335):0.5680391476,t9:0.6317317509):0.3187065059):0.1699875262,(((t2:0.3737104719,t1:0.3737104719):0.3271904642,(t4:0.2632201286,t8:0.2632201286):0.4376808075):0.02655221772,((t13:0.105595999,t11:0.105595999):0.3899088139,t14:0.495504813):0.2319483409):0.3929726292):0.4192036407):1.852921853;
29|0.135817410645541|0.0407383516104892|0.922735681640916|((t6:10.31653138,(((t10:3.154876877,t1:3.154876877):5.546839382,((t25:2.75607688,(t28:1.992379245,t26:1.992379245):0.7636976349):3.978617745,((t9:3.253074256,t8:3.253074256):1.196482327,t14:4.449556583):2.285138042):1.967021633):0.353894589,t21:9.055610847):1.260920534):5.840974783,(((t29:2.650005632,t17:2.650005632):8.072829516,(((t5:3.339392541,t11:3.339392541):5.006593223,t3:8.345985764):1.908423257,t24:10.25440902):0.4684261281):1.896318616,((t15:12.18562066,(t13:6.708752573,((t12:3.832423989,t22:3.832423989):1.493556245,t27:5.325980234):1.382772339):5.476868087):0.2942804725,((t4:1.951171174,t19:1.951171174):8.999663921,(((t18:4.490525998,t20:4.490525998):2.156141771,((t2:1.760024197,t16:1.760024197):3.369881067,t7:5.129905265):1.516762505):2.010098748,t23:8.656766518):2.294068578):1.529066037):0.1392526324):3.5383524):2.629349605;
37|2.54758506368613|0.0984081664448604|0.69339800614398|((((t8:0.2032529945,t25:0.2032529945):0.2322624721,t20:0.4355154666):0.2152754621,((t3:0.3210829804,((t11:0.1932280408,((t35:0.05345942142,t13:0.05345942142):0.06786718561,t30:0.121326607):0.07190143382):0.01989720416,(t23:0.1661858307,t10:0.1661858307):0.04693941432):0.1079577354):0.3045073406,(t2:0.3885582297,(t16:0.2147174125,t17:0.2147174125):0.1738408171):0.2370320914):0.02520060762):0.5163981481,((((t26:0.5444335643,(t34:0.2776518101,(t21:0.2568295531,(t15:0.2513137425,t1:0.2513137425):0.005515810561):0.02082225696):0.2667817542):0.06672851407,t32:0.6111620783):0.06058616101,((t29:0.1501709425,t37:0.1501709425):0.2856862914,((t12:0.0468091966,t5:0.0468091966):0.1312583142,t6:0.1780675108):0.2577897231):0.2358910054):0.4888030222,(((t33:0.2388077179,t27:0.2388077179):0.4122324461,((t9:0.2909683677,(t36:0.09172904453,t22:0.09172904453):0.1992393232):0.2074897629,(t31:0.1833027216,(t14:0.06142508283,(t7:0.006564846823,t24:0.006564846823):0.05486023601):0.1218776388):0.315155409):0.1525820335):0.4042992985,(t28:0.3991436772,(t4:0.1924311649,(t18:0.1246883306,t19:0.1246883306):0.06774283436):0.2067125123):0.6561957854):0.1052117989):0.006637815298):0.9649322464;
24|0.0348883296339773|0.466323182720225|0.656120893661864|(((((t10:10.8945823,(t11:3.508755841,t9:3.508755841):7.385826455):7.3401168,(t20:15.00883595,(t12:0.9426026205,t15:0.9426026205):14.06623332):3.225863151):10.8130035,(t4:2.112643424,t14:2.112643424):26.93505917):29.34760508,(t16:37.26313897,(t6:8.580641262,t19:8.580641262):28.68249771):21.13216871):7.561067112,((((t18:28.47995208,((t1:4.066923171,(t7:2.067193734,t24:2.067193734):1.999729437):0.3860020247,t8:4.452925196):24.02702688):14.08658177,t22:42.56653385):6.64844406,(t21:33.17517776,t13:33.17517776):16.03980015):11.08336157,(t17:31.27006051,(t5:16.51874379,(t3:11.68123542,(t23:5.356623483,t2:5.356623483):6.324611935):4.837508373):14.75131672):29.02827897):5.658035305):10.69928351;
17|3.16210625785403|0.455412171753123|0.518047229852527|(((t10:0.1153381402,t4:0.1153381402):0.5878602699,(t13:0.6002290791,(t3:0.4751432,t1:0.4751432):0.1250858791):0.102969331):0.05388843341,((((t17:0.2673270613,(t15:0.0207373734,t2:0.0207373734):0.2465896879):0.2104627529,((t8:0.0412448413,t5:0.0412448413):0.3201939984,((t14:0.08695253436,t16:0.08695253436):0.07651530485,t11:0.1634678392):0.1979710005):0.1163509744):0.03039703448,t12:0.5081868487):0.2355057985,(t7:0.6216302651,(t6:0.1447994184,t9:0.1447994184):0.4768308467):0.1220623821):0.01339419631):0.3772294904;
43|0.122419687558431|0.456285420008935|0.601168845081702|(((t20:11.90909962,((t24:2.116655983,(t30:0.8875547998,t29:0.8875547998):1.229101183):1.41425581,t36:3.530911793):8.37818783):15.09674944,((((((t11:4.962459518,(t38:2.601994224,t28:2.601994224):2.360465294):3.88508146,(t33:1.849994632,t5:1.849994632):6.997546346):3.78745204,t41:12.63499302):0.1181106866,(t17:7.923337261,((t8:4.084960113,t18:4.084960113):3.634574369,t32:7.719534482):0.2038027793):4.829766443):9.382517676,(((t12:6.440089735,(t14:2.336728267,t3:2.336728267):4.103361468):2.271699059,(t19:5.160206513,(t43:0.5746124336,t39:0.5746124336):4.58559408):3.551582281):5.999996411,((t9:9.273386968,(t22:5.522257785,t27:5.522257785):3.751129182):3.614940425,(t16:10.97866965,t2:10.97866965):1.909657745):1.823457813):7.423836175):2.433318545,((t37:7.176735017,((t10:1.512002973,(t6:0.08051769343,t35:0.08051769343):1.431485279):5.231321501,t13:6.743324474):0.4334105436):16.28176438,((((t23:4.535239196,(t31:0.8074640268,t4:0.8074640268):3.727775169):0.06833886499,t26:4.603578061):8.552517032,((t34:2.478631475,t15:2.478631475):4.671477001,t1:7.150108476):6.005986617):8.679934931,((t42:12.42926189,t40:12.42926189):1.74064485,(t25:4.327436537,t21:4.327436537):9.842470204):7.666123282):1.622469374):1.110440528):2.436909135):0.9894844014,t7:27.99533346):3.048509277;
32|1.03915150359273|0.422682199007831|0.948900385759771|((((t24:0.3290208106,(t16:0.2248097526,t4:0.2248097526):0.104211058):0.531226333,(t17:0.621747849,t31:0.621747849):0.2384992946):0.7434348287,t7:1.603681972):1.112548856,(t26:2.345642137,((((t29:0.1775777698,t5:0.1775777698):0.1789823059,t15:0.3565600757):0.4780410449,(t25:0.3094085571,t22:0.3094085571):0.5251925635):1.119372358,(((t1:0.1204975187,t23:0.1204975187):0.1344686193,t9:0.254966138):1.621828157,((t14:0.3934798323,((t30:0.2853476828,t8:0.2853476828):0.107025801,(t20:0.3422671618,t11:0.3422671618):0.05010632205):0.001106348437):1.157866239,(((t21:0.1913013424,t2:0.1913013424):0.4097995984,(t13:0.3954947945,(t3:0.3018149208,t12:0.3018149208):0.09367987364):0.2056061464):0.5992262415,(t32:1.178132084,((t27:0.493606965,((t6:0.1543591559,t19:0.1543591559):0.1847986581,t18:0.339157814):0.154449151):0.4466419767,(t28:0.3235316304,t10:0.3235316304):0.6167173113):0.2378831427):0.02219509809):0.3510188888):0.325448224):0.07717918309):0.3916686587):0.3705886912):0.08433774161;
39|0.329405695421156|0.428993647971656|0.836156712728553|((((t6:0.7803246387,(t14:0.1882194288,t13:0.1882194288):0.59210521):2.050187303,t9:2.830511942):2.807076946,((t29:0.04831644778,t26:0.04831644778):4.999622114,(((((t12:0.3616725881,(t1:0.330741552,t18:0.330741552):0.03093103613):0.4540193894,((t36:0.03846544261,t27:0.03846544261):0.3236767523,t33:0.3621421949):0.4535497827):1.110113002,t8:1.92580498):0.8050896438,((t38:0.9519633504,t5:0.9519633504):0.4784608164,(t39:0.4033731657,(t20:0.1686356887,t30:0.1686356887):0.2347374769):1.027051001):1.300470457):1.446022811,((((t32:0.9860956693,t3:0.9860956693):0.3622817457,t10:1.348377415):0.4449688565,(t7:1.593879608,t37:1.593879608):0.1994666633):1.0486638,((t28:0.5955388638,(t25:0.01584900502,t35:0.01584900502):0.5796898588):0.4619898402,t17:1.057528704):1.784481367):1.334907364):0.8710211276):0.5896503251):0.4012934186,((((t34:0.3859565077,(t22:0.2505651944,t15:0.2505651944):0.1353913133):1.52258184,(t4:0.5395378885,t24:0.5395378885):1.369000459):1.176639258,(t11:0.6203666293,(t2:0.5370578378,t23:0.5370578378):0.08330879148):2.464810976):0.1549616664,(t31:2.450712726,(t19:0.4099584006,(t16:0.3431013532,t21:0.3431013532):0.06685704741):2.040754325):0.7894265459):2.798743034):0.7249467167;
44|1.64566830385011|0.282812763056718|0.501476242439821|(((((t27:0.1908037876,t10:0.1908037876):0.05801925902,t31:0.2488230466):0.4520059005,t33:0.7008289471):1.904072084,(t24:1.291423147,(t7:1.103438094,(t28:0.8558585994,t21:0.8558585994):0.2475794943):0.1879850538):1.313477884):0.4394738072,(((((t2:0.4988066466,(t6:0.4070118748,t25:0.4070118748):0.09179477179):0.7850946098,t42:1.283901256):0.9052699942,((((t5:0.3399342456,t23:0.3399342456):0.08892964281,(t36:0.2608288786,t37:0.2608288786):0.1680350099):0.3192464947,((t39:0.5104923174,(t9:0.1489674218,t1:0.1489674218):0.3615248955):0.05044687761,t17:0.560939195):0.1871711882):0.7691489629,(t43:0.7910726447,(t22:0.2598000657,t8:0.2598000657):0.531272579):0.7261867014):0.6719119044):0.3007271966,((t41:0.206021551,t15:0.206021551):1.596633023,(t18:0.2685336036,(t20:0.06042915634,t30:0.06042915634):0.2081044473):1.534120971):0.6872438728):0.2177199731,(((t35:0.1205128912,t12:0.1205128912):1.766354621,((t13:0.5387850102,t4:0.5387850102):0.5206444806,(t29:0.7548477831,t14:0.7548477831):0.3045817077):0.827438021):0.1854865052,((((t40:0.366526454,((t3:0.1941832729,t16:0.1941832729):0.1373483408,(t44:0.2801018603,t11:0.2801018603):0.05142975345):0.03499484027):0.3371198812,(t34:0.6673211111,t38:0.6673211111):0.03632522413):0.5988913337,(t32:1.189937365,t26:1.189937365):0.1126003037):0.02319446297,t19:1.325732132):0.7466218851):0.6352644032):0.3367564181):0.6025522107;
30|3.88136378100608|0.309908736562356|0.769521979964338|(((((t7:0.07038605676,t21:0.07038605676):0.3097642554,((t6:0.01727629025,t25:0.01727629025):0.2724089788,((t17:0.1748751224,t12:0.1748751224):0.07137490694,t24:0.2462500294):0.04343523966):0.09046504318):0.1357600886,t8:0.5159104008):0.0748395747,(t19:0.1153009277,t3:0.1153009277):0.4754490478):0.4790626245,(((((t18:0.1736242983,((t23:0.008691812082,t14:0.008691812082):0.06160065544,t28:0.07029246752):0.1033318308):0.1348281623,t30:0.3084524606):0.01677343182,(t10:0.05564771328,(t5:0.02499121208,t2:0.02499121208):0.03065650121):0.2695781791):0.02876743632,((((t26:0.0127300996,t20:0.0127300996):0.06355428354,t9:0.07628438314):0.07352674364,t27:0.1498111268):0.07303501388,(t16:0.1474673418,(t15:0.05006994494,(t22:0.0313819879,t11:0.0313819879):0.01868795704):0.09739739691):0.07537879881):0.131147188):0.04015991569,(t1:0.3044483006,(t29:0.258661686,(t4:0.05763846656,t13:0.05763846656):0.2010232195):0.04578661453):0.08970494384):0.6756593556):0.1459570977;
30|2.15706919915508|0.412515758464579|0.71081864531152|((((t14:0.4407044809,((t19:0.1167761832,(t22:0.004720130498,t6:0.004720130498):0.1120560527):0.02057835861,t26:0.1373545418):0.3033499391):0.2036720466,(t8:0.1467727962,t24:0.1467727962):0.4976037314):0.09416284187,(t27:0.5746967251,(t9:0.4223508379,t21:0.4223508379):0.1523458872):0.1638426443):0.5887714863,(((((t2:0.2127740672,((t17:0.1740326828,t18:0.1740326828):0.001481816131,t16:0.1755144989):0.03725956829):0.2546899703,t20:0.4674640375):0.1474408011,((t5:0.1478880447,(t12:0.1049095869,t23:0.1049095869):0.04297845779):0.3497726736,t13:0.4976607183):0.1172441202):0.002319821868,(t29:0.2668140297,((t25:0.005131961531,t3:0.005131961531):0.1739609364,t11:0.1790928979):0.08772113179):0.3504106307):0.4769116051,((t10:0.3361042332,(t30:0.3071827069,t7:0.3071827069):0.02892152621):0.4816282088,(((t1:0.150411456,t15:0.150411456):0.07180614916,t4:0.2222176052):0.3642576866,t28:0.5864752918):0.2312571502):0.2764038235):0.2331745902):0.4213265314;
19|2.97197097416967|0.358969736995641|0.969171483186074|(t5:0.6978316028,(((t10:0.4276144558,(((t18:0.02896529425,t8:0.02896529425):0.1646180139,t7:0.1935833082):0.1865125831,((t2:0.304513972,t19:0.304513972):0.02478805106,t15:0.3293020231):0.05079386818):0.04751856451):0.05164553936,(t3:0.3774967099,((t11:0.1475946793,t16:0.1475946793):0.08332465801,((t9:0.1245679942,t17:0.1245679942):0.01242493014,t12:0.1369929243):0.09392641303):0.1465773726):0.1017632852):0.006825794045,((t13:0.01965796177,t4:0.01965796177):0.1804498044,((t14:0.03264790563,t6:0.03264790563):0.01775143489,t1:0.05039934053):0.1497084256):0.2859780231):0.2117458136):0.09014403138;
42|1.44823514311807|0.112490610592067|0.868721802951768|(((((((t1:0.3578714553,(t18:0.002147275366,t14:0.002147275366):0.3557241799):0.3426441901,((t31:0.04469048208,t9:0.04469048208):0.4180057824,(t38:0.456731141,(t24:0.3436469138,t20:0.3436469138):0.1130842272):0.005965123475):0.237819381):0.2527455874,((t22:0.5307311768,((t25:0.2415551312,(t13:0.0195459234,t23:0.0195459234):0.2220092078):0.1494178596,t42:0.3909729908):0.1397581859):0.2027649008,t19:0.7334960776):0.2197651553):0.234994549,(t34:1.095405259,((t16:0.3908527307,(t28:0.02887544821,t36:0.02887544821):0.3619772825):0.3604846755,(t29:0.7040183941,((t12:0.1566503763,t27:0.1566503763):0.4700518586,(((t26:0.1728094341,t37:0.1728094341):0.2439049522,(t15:0.3755776161,t11:0.3755776161):0.04113677024):0.1525334896,t7:0.5692478759):0.05745435894):0.07731615927):0.04731901202):0.3440678524):0.09285052338):0.145066718,(t21:0.1348189286,t35:0.1348189286):1.198503571):0.03998088694,((t5:0.1520331212,t3:0.1520331212):0.8021074282,(t30:0.4667054751,t4:0.4667054751):0.4874350743):0.4191628375):0.4336642801,(t33:1.12780275,((t17:0.7738181881,(t6:0.7639398064,(t8:0.143862686,t40:0.143862686):0.6200771205):0.009878381709):0.2961423842,(((t10:0.0900224999,t2:0.0900224999):0.4778232298,t32:0.5678457297):0.4531392022,(t41:0.00549705607,t39:0.00549705607):1.015487876):0.04897564037):0.05784217787):0.6791649168):0.8129100585;
28|1.53918284401996|0.121105092950165|0.79824270773679|((((t13:0.5030271579,t3:0.5030271579):0.8048307983,((t19:0.766100956,(t7:0.673190755,t21:0.673190755):0.09291020103):0.402976518,(t25:1.127074561,(t11:0.4966463856,(t28:0.1615035941,t27:0.1615035941):0.3351427916):0.630428175):0.04200291341):0.1387804822):0.1464655055,((t9:0.4122349946,(t18:0.01513777055,t15:0.01513777055):0.397097224):0.3420273109,((t26:0.03950561995,t16:0.03950561995):0.2394012543,t5:0.2789068742):0.4753554313):0.7000611561):0.6680228283,(((t10:0.2448878058,t12:0.2448878058):0.6265910986,(t20:0.3387630964,(t24:0.08012335216,t1:0.08012335216):0.2586397442):0.532715808):0.5642977863,(((t23:0.186795512,t22:0.186795512):0.5272431355,(t8:0.01422413343,t4:0.01422413343):0.6998145141):0.0274645007,((t17:0.1272745076,t14:0.1272745076):0.1803561218,(t2:0.09752585103,t6:0.09752585103):0.2101047783):0.4338725189):0.6942735425):0.6865695991):1.323994374;
46|0.889966970989481|0.14946930335369|0.755872420617379|((t37:1.166028959,((t28:0.2123382542,t9:0.2123382542):0.8335617986,(t39:0.4891460966,t25:0.4891460966):0.5567539561):0.1201289064):3.069148926,(((((t24:0.7683636296,t21:0.7683636296):0.3967310417,t41:1.165094671):0.08028864448,((((t11:0.03050037658,t45:0.03050037658):0.605289875,(t18:0.4343494732,(t6:0.0809934791,t27:0.0809934791):0.3533559941):0.2014407784):0.0670725101,(t30:0.5671845249,t19:0.5671845249):0.1356782369):0.3740038964,t36:1.076866658):0.1685166577):1.685062208,((t1:2.244592802,(((t43:0.2984512279,t35:0.2984512279):1.563043844,(((t26:0.4091314307,t2:0.4091314307):0.735517619,((((t23:0.110149707,t8:0.110149707):0.1567283064,t14:0.2668780134):0.2647862183,t34:0.5316642317):0.4830767195,(t15:0.4914897091,t32:0.4914897091):0.5232512422):0.1299080984):0.1150698453,(t40:0.8125126387,t22:0.8125126387):0.4472062562):0.6017761772):0.1237688217,t16:1.985263894):0.2593289077):0.1013327129,((t5:0.8594985239,(((t46:0.2937240051,t13:0.2937240051):0.4129052605,t42:0.7066292656):0.08218195597,t20:0.7888112216):0.0706873023):0.1814325065,t17:1.04093103):1.304994484):0.584520009):0.2908431227,(t44:1.852300158,(t10:1.59601696,(((t31:0.4932931162,t38:0.4932931162):0.1288789139,((t33:0.1102144591,(t7:0.090983194,t12:0.090983194):0.01923126512):0.2330441531,t3:0.3432586122):0.2789134179):0.4297208294,(t29:0.203154118,t4:0.203154118):0.8487387415):0.5441241009):0.256283198):1.368988488):1.013889239):0.4145058266;
16|1.4536626797216|0.352086425498128|0.748445779085159|((((t8:0.3863256996,((t14:0.001384965399,t1:0.001384965399):0.1969527741,t9:0.1983377395):0.18798796):0.3257196045,((t12:0.131505535,t2:0.131505535):0.4719083348,t13:0.6034138698):0.1086314342):0.4795596463,(((t4:0.1491120623,(t6:0.02757992963,t5:0.02757992963):0.1215321327):0.5630511109,(t3:0.6761274669,(t10:0.1984527615,t15:0.1984527615):0.4776747054):0.03603570624):0.21182404,(t16:0.8842390387,t7:0.8842390387):0.03974817447):0.2676177372):0.2939728207,t11:1.485577771):2.283111124;
39|1.68258977175457|0.264038847608026|0.855111727607436|(((((t21:0.1835123209,t34:0.1835123209):0.2587801304,(t12:0.2592241793,(t23:0.142095648,t25:0.142095648):0.1171285313):0.183068272):0.7302306226,((t13:0.4270013656,t31:0.4270013656):0.03286215779,(t18:0.1883875845,t19:0.1883875845):0.2714759388):0.7126595506):0.1739506379,(((((t35:0.3940433478,((t1:0.3197975605,(t6:0.100770513,((t16:0.03176264665,t2:0.03176264665):0.03904482389,t24:0.07080747054):0.02996304244):0.2190270475):0.002114185094,t5:0.3219117456):0.07213160223):0.05097165574,(t27:0.1051158166,t28:0.1051158166):0.3398991869):0.06720922351,t10:0.512224227):0.6303273027,(((((t11:0.04609106649,t39:0.04609106649):0.1874755574,(t37:0.05711827778,t32:0.05711827778):0.1764483461):0.002159460196,(t33:0.08646126122,t20:0.08646126122):0.1492648229):0.03309016333,t29:0.2688162474):0.4296782769,t4:0.6984945243):0.4440570055):0.1632171263,(t36:0.6954678581,(((t9:0.2148319649,t38:0.2148319649):0.1048950221,t30:0.3197269871):0.196643306,((t14:0.04404569801,t26:0.04404569801):0.1488758891,t22:0.1929215871):0.323448706):0.1790975649):0.6103007981):0.04070505572):0.1921322986,(((t15:0.1505405933,t17:0.1505405933):0.1471355418,(t3:0.1900972749,t7:0.1900972749):0.1075788601):0.8675597518,t8:1.165235887):0.3733701237):0.4571264615;
24|3.3014909525495|0.366748812620062|0.652540999697521|(((((t18:0.4204567016,((t22:0.04635261155,t14:0.04635261155):0.06953104371,t10:0.1158836553):0.3045730463):0.04179107041,((((t17:0.00369212243,t1:0.00369212243):0.134070351,((t3:0.04474101283,t7:0.04474101283):0.08428182005,t5:0.1290228329):0.008739640575):0.06623210348,(t24:0.1123606668,t23:0.1123606668):0.09163391014):0.1688605064,(t11:0.2345594577,t21:0.2345594577):0.1382956256):0.08939268868):0.1297558166,t12:0.5920035886):0.07119745048,((t15:0.08574860008,t19:0.08574860008):0.1900793033,((t2:0.0505034429,t16:0.0505034429):0.2074480551,(t13:0.1596390228,t4:0.1596390228):0.09831247526):0.01787640533):0.3873731357):0.256551019,(t9:0.3287286892,((t8:0.002794239374,t20:0.002794239374):0.08011636119,t6:0.08291060056):0.2458180886):0.5910233688):0.9002153401;
23|0.506734671420418|0.114366010257509|0.537871470907703|((((t4:2.772003707,(t14:2.391226841,t12:2.391226841):0.3807768661):0.9202415758,(t3:0.2293140044,t18:0.2293140044):3.462931279):1.002496644,(((((((t22:0.6239112364,t11:0.6239112364):0.286616097,t21:0.9105273334):0.4555094029,t23:1.366036736):0.4064340292,t19:1.772470765):0.7450351752,(t9:2.059453485,((t6:0.802289389,t20:0.802289389):0.6596686404,t16:1.461958029):0.5974954556):0.4580524555):0.220592974,(t15:1.959406455,(t17:1.188612993,t1:1.188612993):0.7707934619):0.77869246):0.05125904431,t13:2.789357959):1.905383968):1.996829975,((t8:3.187891447,t7:3.187891447):2.399722261,((t5:0.3038085502,t2:0.3038085502):0.0007628561074,t10:0.3045714063):5.283042301):1.103958194):1.386564538;
29|0.0750231914990582|0.321387530995999|0.708285437198356|(t16:39.65215886,((t27:4.349670992,(t29:2.908089087,(t8:1.270665733,t7:1.270665733):1.637423354):1.441581904):30.18752551,(((((t3:2.425668714,t19:2.425668714):11.89233577,((t12:0.5211419968,t6:0.5211419968):0.598855398,t1:1.119997395):13.19800709):9.948217485,t22:24.26622197):5.869123288,(t10:9.832877144,t21:9.832877144):20.30246812):1.60807151,(((t20:2.713091575,t9:2.713091575):3.235166051,t14:5.948257626):16.78812527,(((t13:8.718444576,(t23:6.994319101,((t24:2.035716591,t15:2.035716591):2.323797187,t11:4.359513778):2.634805323):1.724125474):1.303640067,t2:10.02208464):12.15906132,(((t5:8.018925792,t17:8.018925792):2.689699128,t18:10.70862492):11.34294757,((t28:19.52466108,t4:19.52466108):0.9760584655,(t25:3.070694231,t26:3.070694231):17.43002531):1.550852943):0.1295734763):0.555236927):9.007033881):2.793779728):5.114962364):14.95968942;
50|2.99866167902714|0.490782228014432|0.574251335114241|((((t27:0.2743050459,t2:0.2743050459):0.1717225033,(t12:0.1207783078,t43:0.1207783078):0.3252492415):0.4040295072,((t4:0.1700089448,t7:0.1700089448):0.4261246941,(t11:0.103546554,t44:0.103546554):0.4925870848):0.2539234176):0.2510838166,(((((t1:0.1441931919,(t9:0.01375394633,t19:0.01375394633):0.1304392456):0.119333224,t37:0.2635264159):0.205251171,(t17:0.1867482661,t21:0.1867482661):0.2820293208):0.2821386957,(((((t39:0.1361852513,t31:0.1361852513):0.03680378517,t6:0.1729890365):0.2032689045,t23:0.376257941):0.0818332778,t40:0.4580912188):0.0750866097,(((t8:0.03278575966,t45:0.03278575966):0.03889620532,t16:0.07168196498):0.08406207434,t36:0.1557440393):0.3774337892):0.2177384542):0.2793430294,((((t25:0.1182289048,(t30:0.05334056235,t38:0.05334056235):0.06488834243):0.2015645213,((t26:0.009159546586,t3:0.009159546586):0.01640212066,t33:0.02556166724):0.2942317589):0.629082452,(((t13:0.3570245226,(((t5:0.004175606927,t29:0.004175606927):0.007163623516,t42:0.01133923044):0.3082864283,t46:0.3196256587):0.03739886394):0.1509306069,t47:0.5079551295):0.3848371248,(((t35:0.04769093835,t41:0.04769093835):0.4338467086,(t49:0.2140247512,(t48:0.173346204,t22:0.173346204):0.04067854711):0.2675128958):0.0781518248,(t28:0.3115008952,((t18:0.07008309731,t24:0.07008309731):0.2213001569,t15:0.2913832542):0.02011764099):0.2481885766):0.3331027825):0.05608362386):0.02816500784,(t20:0.707303456,((((t10:0.05035833308,t50:0.05035833308):0.06899519635,t34:0.1193535294):0.1790688015,t32:0.298422331):0.1800732706,t14:0.4784956016):0.2288078544):0.26973743):0.05321842606):0.07088156103):0.08243029976;
47|1.77948545507388|0.114046606658958|0.876502232509665|((t8:0.7942758038,(t35:0.2826590355,t13:0.2826590355):0.5116167684):0.3869356768,((t43:0.03775818304,t25:0.03775818304):1.057034378,(((t45:0.1018159681,t46:0.1018159681):0.4990133961,(t44:0.4637793443,((((t14:0.09322100957,t37:0.09322100957):0.1544766228,(t21:0.2024585542,t12:0.2024585542):0.04523907821):0.0196168931,(t41:0.03938289887,t3:0.03938289887):0.2279316266):0.1611722199,(t47:0.2487127664,t11:0.2487127664):0.179773979):0.03529259885):0.1370500199):0.4169770688,(t32:0.9954562128,(((t16:0.4237274437,((t34:0.1171257489,t7:0.1171257489):0.2725763307,((t17:0.1465369948,t24:0.1465369948):0.1451586088,(t40:0.03946808893,t1:0.03946808893):0.2522275147):0.09800647601):0.03402536408):0.2709372588,((t20:0.4823870509,t19:0.4823870509):0.140378102,((t10:0.2428437689,t27:0.2428437689):0.2930516453,(((t33:0.01964799166,t6:0.01964799166):0.03316122134,t36:0.052809213):0.2966566211,((t15:0.1436964487,t23:0.1436964487):0.2042904641,t28:0.3479869129):0.00147892124):0.1864295801):0.08686973863):0.07189954959):0.2905023535,((t18:0.5559426137,(t39:0.4790193305,(t5:0.3406111314,t29:0.3406111314):0.1384081991):0.0769232832):0.325019853,(((t30:0.2070745277,(t42:0.1684437039,t4:0.1684437039):0.03863082386):0.08961299851,(t9:0.1898472212,t31:0.1898472212):0.106840305):0.430797383,(((t22:0.06453406478,t2:0.06453406478):0.2333970153,t38:0.2979310801):0.296890398,t26:0.5948214781):0.1326634312):0.1534775574):0.1042045892):0.01028915693):0.02235022017):0.07698612815):0.08641891947):0.4383091493;
48|0.953955204347149|0.47728273029672|0.625329299946316|(((((((t17:0.3063681454,t40:0.3063681454):0.02898073084,t3:0.3353488762):0.8751681217,((((t12:0.436433131,(t48:0.3749405413,t22:0.3749405413):0.06149258976):0.1203589502,t35:0.5567920813):0.215324595,(t14:0.4791545299,(t2:0.4243688955,t19:0.4243688955):0.05478563439):0.2929621464):0.2635770866,((t42:0.06434152334,t43:0.06434152334):0.2735904933,(t15:0.2463593887,t8:0.2463593887):0.09157262791):0.6977617462):0.1748232352):0.2538110768,t10:1.464328075):1.671161913,(((t28:0.3244526599,t26:0.3244526599):0.8630464179,(t23:0.9383936125,t44:0.9383936125):0.2491054653):0.2522191661,(t18:0.0704581501,t21:0.0704581501):1.369260094):1.695771744):0.1235712236,((t30:0.4307818194,t20:0.4307818194):2.613623452,((((t33:0.3109075508,t4:0.3109075508):0.4773784349,(t25:0.749651268,(t1:0.1772748593,(t38:0.1719778985,t27:0.1719778985):0.005296960816):0.5723764087):0.03863471778):1.228589877,(t9:0.1976990001,t41:0.1976990001):1.819176863):0.3012388756,(t39:1.703642012,t7:1.703642012):0.6144727267):0.7262905322):0.2146559409):0.1695092062,(((((t47:0.1861951198,t36:0.1861951198):1.213228551,((t31:0.09927350888,t45:0.09927350888):1.294540521,t32:1.393814029):0.005609641202):0.0155707205,(t5:1.261957741,((t16:0.5117855536,t6:0.5117855536):0.4035974714,(t24:0.5234382459,(t29:0.262940885,(t11:0.2605530663,t37:0.2605530663):0.002387818695):0.260497361):0.3919447791):0.3465747163):0.1530366498):0.2012967937,t34:1.616291185):0.1139424877,(t13:0.5713898994,t46:0.5713898994):1.158843773):1.698336746):2.441743693;
22|1.42328442687402|0.399483648780733|0.792824391857721|(((((t3:0.926370055,((t6:0.4322115024,t20:0.4322115024):0.4652600795,((t15:0.7556461643,(t1:0.4401960243,t8:0.4401960243):0.31545014):0.01597190784,(t13:0.4624583009,t17:0.4624583009):0.3091597712):0.1258535098):0.02889847309):0.07584571315,((t11:0.088815251,t18:0.088815251):0.689623432,t21:0.778438683):0.2237770851):0.2629043836,t4:1.265120152):0.4947013856,((t2:0.4966120805,(t12:0.4097357275,t19:0.4097357275):0.08687635297):0.4925905455,(((t14:0.2835968525,t10:0.2835968525):0.2760771275,(t7:0.5053638639,t5:0.5053638639):0.05431011612):0.4180931907,(t9:0.2313805629,t22:0.2313805629):0.7463866078):0.0114354553):0.7706189113):0.1991715931,t16:1.95899313):0.09309785432;
16|2.14640577374957|0.137529818364419|0.90754325024318|((t11:0.158176521,(t8:0.1342859806,t1:0.1342859806):0.02389054046):0.9102948999,(((t13:0.09132621644,t12:0.09132621644):0.4847395412,(t4:0.3958476185,(t2:0.3698569502,((t3:0.1498732579,((t10:0.02979171692,t9:0.02979171692):0.04672033978,(t5:0.05451298063,(t15:0.0293299478,t14:0.0293299478):0.02518303283):0.02199907607):0.07336120122):0.1504356096,t16:0.3003088675):0.06954808266):0.02599066836):0.1802181391):0.03725970988,(t7:0.07018093463,t6:0.07018093463):0.5431445329):0.4551459534):0.9127667418;
26|2.80701035101665|0.199634081285913|0.587252227123827|(((t24:0.2613968289,t22:0.2613968289):0.4017215358,(t11:0.2601687713,(t17:0.04114293514,(t20:0.03393027596,t6:0.03393027596):0.007212659179):0.2190258362):0.4029495934):0.501341765,(((t2:0.1571419796,(t1:0.04988417587,t9:0.04988417587):0.1072578038):0.3429700913,(t8:0.387825123,t13:0.387825123):0.112286948):0.5029801022,((t18:0.7201211905,((t26:0.1972392474,t15:0.1972392474):0.324651279,t14:0.5218905264):0.1982306641):0.1741407385,((t7:0.2080935821,(t5:0.05572903734,t10:0.05572903734):0.1523645448):0.3753752023,(((t12:0.0696524008,t23:0.0696524008):0.389785502,(t19:0.3282484714,(t25:0.248428588,(t21:0.1317944369,t3:0.1317944369):0.1166341511):0.07981988341):0.1311894314):0.0735774221,(t4:0.3439731786,t16:0.3439731786):0.1890421464):0.05045345949):0.3107931446):0.1088302442):0.1613679565):0.1393883479;
20|0.355898972274736|0.175452688306104|0.770455760299228|(((t16:5.237663189,t12:5.237663189):0.1589281782,(((t3:1.114344144,t5:1.114344144):0.9532065577,(t17:0.5523944699,t10:0.5523944699):1.515156232):0.3842013066,t13:2.451752008):2.944839359):1.794937617,((t1:3.870927857,((t7:1.907363444,(t8:1.63031759,(t2:0.971807969,t19:0.971807969):0.6585096212):0.2770458537):1.58482178,((t18:0.6192609007,t9:0.6192609007):2.677553908,(((t11:1.240991735,t6:1.240991735):1.441178768,(t20:1.41990522,t15:1.41990522):1.262265284):0.09271407098,t4:2.774884575):0.5219302339):0.1953704152):0.3787426328):2.619118577,t14:6.490046433):0.7014825514):6.298913374;
22|2.62190156268422|0.465576348695904|0.9619525995804|(((t10:0.4559466174,(((t17:0.05619610038,t20:0.05619610038):0.019720852,t1:0.07591695238):0.1519083794,((t19:0.05310223667,t11:0.05310223667):0.004917467403,t22:0.05801970407):0.1698056277):0.2281212855):0.1271824327,(t2:0.4069657669,((t12:0.2562424952,(t8:0.1982033378,(t14:0.1934393427,t3:0.1934393427):0.004763995069):0.0580391574):0.02185858733,(t4:0.08793801466,t16:0.08793801466):0.1901630679):0.1288646844):0.1761632832):0.01611738471,((((t6:0.2331607513,t15:0.2331607513):0.03939332743,(t5:0.138689358,t9:0.138689358):0.1338647207):0.06594786589,t7:0.3385019446):0.05202581664,(t13:0.2526254892,(t18:0.0475694987,t21:0.0475694987):0.2050559905):0.137902272):0.2087186735):1.407002876;
37|0.264801408804487|0.421891469776165|0.598123213159852|((((t27:6.116470661,(((((t6:0.5326016628,t33:0.5326016628):1.786868617,t14:2.31947028):0.0352732108,t28:2.354743491):1.886148307,((t29:1.257173951,t4:1.257173951):1.023608359,(t5:1.089054206,t1:1.089054206):1.191728103):1.960109488):0.5817723059,t11:4.822664104):1.293806557):5.81141196,(((t18:2.683726946,(((t12:0.8582621595,t31:0.8582621595):1.336458158,t25:2.194720318):0.3644305906,t8:2.559150908):0.1245760381):0.2782581187,((t21:0.2185472806,t13:0.2185472806):1.364856601,t32:1.583403882):1.378581183):2.782312256,t15:5.744297321):6.1835853):3.018445064,((((t17:1.683008679,t24:1.683008679):10.03585756,(((t34:1.446022513,t9:1.446022513):0.07396232148,t22:1.519984835):4.583483626,t30:6.103468461):5.615397777):0.08632328636,(((t26:3.418388378,((t19:0.7073547296,t35:0.7073547296):0.7365305594,t20:1.443885289):1.974503089):2.44174752,(t36:1.693048697,(t10:1.326690413,t7:1.326690413):0.3663582847):4.167087201):2.225133391,t16:8.085269289):3.719920235):0.7122222767,(t3:7.642648274,t23:7.642648274):4.874763526):2.428915885):4.249407068,(t37:2.569356324,t2:2.569356324):16.62637843):3.537251876;
39|3.5851846107631|0.393682081955485|0.920196787454188|((((t6:0.3609060994,((((t39:0.07668005863,t38:0.07668005863):0.02988305613,(t35:0.07039944958,(t24:0.02890554708,t34:0.02890554708):0.0414939025):0.03616366518):0.0275074676,t26:0.1340705824):0.02170215922,(t14:0.01731091011,t33:0.01731091011):0.1384618315):0.2051333578):0.08065533109,(t15:0.3077745073,(t21:0.2078156362,t2:0.2078156362):0.0999588711):0.1337869232):0.1663793615,((t37:0.05148264546,t32:0.05148264546):0.4321037692,((t8:0.3331164397,t36:0.3331164397):0.04445043381,(t4:0.2944086893,((t17:0.05483809971,t3:0.05483809971):0.05877937014,t19:0.1136174698):0.1807912195):0.08315818413):0.1060195412):0.1243543773):0.03853690867,(((t20:0.1433568709,(t27:0.1117369742,t1:0.1117369742):0.03161989668):0.2225034129,t7:0.3658602838):0.2736183604,(((t31:0.3919186495,(((t16:0.005461458663,t23:0.005461458663):0.04789286383,t10:0.0533543225):0.009344391036,(t25:0.05621135506,t5:0.05621135506):0.006487358475):0.329219936):0.08585935692,(t22:0.2574337769,t13:0.2574337769):0.2203442295):0.09018690921,(t9:0.5020735775,(((t12:0.01975960292,t30:0.01975960292):0.1045052985,t18:0.1242649014):0.05862602193,(t28:0.1821538108,(t29:0.05848409353,t11:0.05848409353):0.1236697173):0.0007371125884):0.3191826541):0.06589133812):0.07151372852):0.006999056481):0.1683998203;
22|0.719873864457477|0.35904290715931|0.934919040300883|(((((t18:0.8869122256,t8:0.8869122256):0.3826756217,t7:1.269587847):1.167676178,(((((t14:0.1800435196,t17:0.1800435196):1.220653514,(t16:1.112294135,((t3:0.11424862,t21:0.11424862):0.1443984418,t12:0.2586470618):0.8536470731):0.2884028986):0.1012036009,t11:1.501900635):0.04298439268,(t2:0.9634651268,(t19:0.4105168633,t10:0.4105168633):0.5529482636):0.5814199004):0.7436480273,((t1:0.2997644847,t5:0.2997644847):0.7670359047,(t22:0.6282197199,t13:0.6282197199):0.4385806695):1.221732665):0.1487309703):0.1111929962,(t4:0.8356349247,(t15:0.5133575275,(t20:0.1862668364,t6:0.1862668364):0.3270906911):0.3222773972):1.712822096):1.112297379,t9:3.6607544):0.03414991759;
12|3.65882534632459|0.0841715816128999|0.956593786948361|((((t5:0.1648175435,(t8:0.04592506587,t7:0.04592506587):0.1188924776):0.05385594166,(t2:0.113585141,(t1:0.04353256918,(t4:0.007330617671,t3:0.007330617671):0.03620195151):0.07005257178):0.1050883442):0.01253769114,(t11:0.0423053668,t12:0.0423053668):0.1889058095):0.06065871869,((t9:0.07680537526,t10:0.07680537526):0.108099961,t6:0.1849053363):0.1069645587):0.01612962285;
21|0.644767044023611|0.190446488624439|0.761774337152019|(((t21:1.569072505,t16:1.569072505):3.442225976,(t5:2.149394128,(t20:2.128656218,(t19:1.96152981,((t7:0.1802160752,t11:0.1802160752):1.359281942,(t15:0.01642554796,t17:0.01642554796):1.52307247):0.422031792):0.1671264085):0.0207379103):2.861904352):1.640674541,((t3:1.931855023,(t13:1.734243439,((t12:1.180600729,t6:1.180600729):0.3571149638,(t10:1.089209393,t18:1.089209393):0.4485062998):0.1965277466):0.1976115836):2.292070758,(t9:3.28725237,((t2:0.9283696895,t4:0.9283696895):0.2863585906,((t1:0.5064105788,t14:0.5064105788):0.230621245,t8:0.7370318238):0.4776964563):2.07252409):0.9366734108):2.428047241):2.707985032;
44|1.25014221715974|0.48467073103413|0.638964068377391|(((((t22:0.2987890673,((t23:0.09306970509,t1:0.09306970509):0.1965389616,t9:0.2896086666):0.009180400644):0.6146960205,t41:0.9134850877):0.0276222123,((t29:0.2153669388,t3:0.2153669388):0.5524724719,t4:0.7678394107):0.1732678893):0.7447331357,((((t11:0.1431214445,t32:0.1431214445):0.9479761772,(t28:0.5420205568,(t27:0.2824753311,t2:0.2824753311):0.2595452257):0.549077065):0.1961760826,((t37:0.05875197647,t30:0.05875197647):1.009920349,(t7:0.8008085592,t43:0.8008085592):0.2678637666):0.2186013785):0.1091239137,((t24:0.3944483811,t36:0.3944483811):0.1702691896,t21:0.5647175707):0.8316800473):0.2894428177):0.1190523769,((t34:1.080195152,(t13:0.6525967256,((t38:0.009542083311,t25:0.009542083311):0.4807620801,t31:0.4903041635):0.1622925621):0.4275984263):0.5352755622,(((t19:0.755631125,((t39:0.3236647303,(t35:0.3204063586,t33:0.3204063586):0.00325837171):0.4260132217,(t10:0.6560791112,t26:0.6560791112):0.09359884068):0.005953173075):0.0404200365,(((t14:0.3834077831,t6:0.3834077831):0.2059179483,(t16:0.001992122642,t15:0.001992122642):0.5873336087):0.08713274672,(((t18:0.06919721385,(t17:0.0569184344,t12:0.0569184344):0.01227877944):0.07328501936,t44:0.1424822332):0.3728628855,(t40:0.5023489323,t20:0.5023489323):0.01299618648):0.1611133593):0.1195926834):0.6220246988,((t8:0.02391625007,t5:0.02391625007):0.6617426193,t42:0.6856588693):0.7324169909):0.1973948538):0.1894220986):3.413911977;
17|2.15336296816124|0.0543006983818486|0.869227908086032|((((t9:0.03283976309,t17:0.03283976309):0.2209889447,(t4:0.1323703443,(t16:0.05272003797,t10:0.05272003797):0.0796503063):0.1214583635):0.271867094,(t12:0.07036277117,t13:0.07036277117):0.4553330306):1.482817192,((t5:0.1951495221,t8:0.1951495221):1.790846942,(((t1:0.1560157764,(t11:0.05919728802,t3:0.05919728802):0.09681848843):0.5892054477,((t2:0.1819984503,(t15:0.03544773541,t7:0.03544773541):0.1465507149):0.16305392,t6:0.3450523702):0.4001688539):0.0590995971,t14:0.8043208213):1.181675643):0.02251653009):0.09315597054;
23|3.91635024674935|0.40572031370597|0.742883493192494|((((t2:0.3979445741,t23:0.3979445741):0.02293675366,(t1:0.3431427739,t16:0.3431427739):0.07773855384):0.06462628142,(t14:0.1288366354,(t20:0.05932475547,((t7:0.03455122525,(t13:0.0258638624,t8:0.0258638624):0.008687362848):0.00376210743,t12:0.03831333268):0.0210114228):0.06951187994):0.3566709738):0.08267891533,(t19:0.5241189353,((t5:0.3077195845,t10:0.3077195845):0.0473310388,(((t21:0.1037148809,t4:0.1037148809):0.07138139075,((t17:0.06257152299,(t15:0.008134221754,t11:0.008134221754):0.05443730124):0.07228757893,((t22:0.008854791043,t6:0.008854791043):0.1139421055,(t18:0.1098135754,t3:0.1098135754):0.01298332113):0.01206220536):0.04023716971):0.02276555672,t9:0.1978618283):0.1571887949):0.169068312):0.04406758923):0.002125162323;
18|0.345825549270958|0.455371471780818|0.747576384572312|((((t13:0.8669217052,t7:0.8669217052):0.5094783381,t8:1.376400043):2.771750655,((t3:0.9108833815,(t16:0.1909402636,t2:0.1909402636):0.7199431179):0.7302750768,(((t5:0.51636424,t1:0.51636424):0.4780618799,t10:0.9944261199):0.376523448,t6:1.370949568):0.2702088904):2.50699224):1.198020678,((t11:4.543648485,((t12:1.594921482,t9:1.594921482):1.717874593,(t4:0.8292017021,t14:0.8292017021):2.483594374):1.23085241):0.5961326663,(t18:3.184878881,(t15:0.2858169315,t17:0.2858169315):2.899061949):1.954902271):0.2063902241):0.03502884251;
43|2.88351603708463|0.155194193550851|0.603093098965473|(t40:1.145868501,((((((t1:0.02737332434,t19:0.02737332434):0.709157246,(t22:0.2639990408,(t32:0.1910885862,(t5:0.07217715327,t15:0.07217715327):0.118911433):0.07291045459):0.4725315295):0.1574051069,(t3:0.1628321425,(t12:0.114721819,t28:0.114721819):0.04811032351):0.7311035347):0.0934628878,(((((t31:0.1296755032,t23:0.1296755032):0.2603975687,(t36:0.1609685266,t20:0.1609685266):0.2291045453):0.09820142828,t2:0.4882745002):0.2919496659,t26:0.7802241661):0.004067329837,(t38:0.477896519,t29:0.477896519):0.3063949769):0.203107069):0.05642891565,((t18:0.3461175287,t21:0.3461175287):0.08293909267,(((t7:0.007378611633,t16:0.007378611633):0.1051326967,t4:0.1125113084):0.06490014191,t17:0.1774114503):0.2516451711):0.6147708593):0.005050825765,(((((t34:0.2139252425,t41:0.2139252425):0.02557284387,t35:0.2394980864):0.1114462019,t33:0.3509442882):0.06792773028,((t13:0.2158733481,((t11:0.01981181577,t10:0.01981181577):0.007930458448,t14:0.02774227422):0.1881310739):0.1970543737,(t25:0.3873775441,t39:0.3873775441):0.02555017768):0.005944296731):0.5266612,(((t6:0.2908937867,(((t27:0.1245173318,t30:0.1245173318):0.0418130542,t9:0.166330386):0.09981736842,t24:0.2661477544):0.02474603229):0.2545283923,(t42:0.1378715226,t8:0.1378715226):0.4075506564):0.1323054425,(t43:0.03368656668,t37:0.03368656668):0.6440410548):0.267805597):0.1033450878):0.09699019445):1.383224445;
19|0.26858748128172|0.134998733126558|0.833862288040109|(t10:8.318134771,(((t15:0.179590904,t5:0.179590904):3.684254934,((((t8:0.6869689814,t18:0.6869689814):0.6849192574,t11:1.371888239):0.4058599901,((t4:0.1207288945,t12:0.1207288945):1.413963795,t16:1.534692689):0.2430555396):1.335995063,(t3:2.369087701,t6:2.369087701):0.7446555907):0.7501025467):0.1790268164,(((((t13:1.105002513,(t1:0.5688125948,t7:0.5688125948):0.5361899181):1.626484567,(t17:0.3452300478,t9:0.3452300478):2.386257032):0.06001740725,t2:2.791504487):0.1044897956,t19:2.895994283):0.2409456835,t14:3.136939966):0.9059326884):4.275262116):1.164378573;
45|2.74324432844296|0.321923499244731|0.724187826737761|(((((t4:0.6929921629,((t18:0.2186108918,t12:0.2186108918):0.1252493739,t14:0.3438602657):0.3491318972):0.08459367413,((((t1:0.1211885842,t22:0.1211885842):0.2279661846,t7:0.3491547688):0.08125677594,t40:0.4304115447):0.2854912898,t16:0.7159028346):0.06168300249):0.001932647953,(((((t32:0.04192138977,t45:0.04192138977):0.1444844163,t11:0.186405806):0.1163636085,t8:0.3027694145):0.01166358192,t34:0.3144329965):0.4486404294,(((t24:0.1986179556,t5:0.1986179556):0.041164506,t39:0.2397824616):0.1407821987,(t36:0.2229985654,((t37:0.2144753417,t10:0.2144753417):0.007880916473,(t43:0.1964497554,t29:0.1964497554):0.02590650279):0.0006423072786):0.1575660949):0.3825087655):0.01644505913):0.002370530446,(t13:0.6670068265,((t41:0.301074942,t42:0.301074942):0.04211007507,(t31:0.1439365328,(t3:0.1269286431,t6:0.1269286431):0.01700788976):0.1992484842):0.3238218095):0.114882189):0.1809342752,((((t21:0.1762308938,(t15:0.05519247113,t33:0.05519247113):0.1210384226):0.2830400999,t19:0.4592709937):0.04329139116,t35:0.5025623848):0.2079114314,(((t26:0.2583924592,(t44:0.06916424937,t17:0.06916424937):0.1892282098):0.1164821869,((t25:0.06660911364,t20:0.06660911364):0.04989078623,t2:0.1164998999):0.2583747462):0.002683732626,((t9:0.1269004143,t23:0.1269004143):0.2098259937,(((t38:0.01557654635,t28:0.01557654635):0.07182635999,t27:0.08740290634):0.2302349256,t30:0.3176378319):0.01908857608):0.04083197069):0.3329154375):0.2523494745):1.030807697;
18|0.680797458714806|0.120526796479244|0.938792321830988|((t11:1.928588365,(t16:0.271979498,(t3:0.009935960373,t1:0.009935960373):0.2620435377):1.656608867):1.246983232,((t17:1.712319832,t14:1.712319832):1.415869662,((((t6:0.3400361273,(t8:0.06163384167,t7:0.06163384167):0.2784022856):0.2622366586,((t2:0.07949834319,t18:0.07949834319):0.3629882579,t10:0.4424866011):0.1597861848):1.111972542,t5:1.714245328):1.405181024,(((t4:1.240147606,t15:1.240147606):0.8917408491,(t12:0.5006732635,t13:0.5006732635):1.631215192):0.1452289826,t9:2.277117438):0.8423089143):0.008763141169):0.04738210341):4.131230783;
47|3.07891152506694|0.224483647802845|0.625302534201182|(((t34:0.4466304083,t35:0.4466304083):0.5788783569,(((((t17:0.1571561678,t27:0.1571561678):0.2560405872,(t31:0.1321314139,(t36:0.1056716781,(t1:0.0887548307,t19:0.0887548307):0.01691684738):0.02645973586):0.2810653411):0.2530177884,t39:0.6662145434):0.03699997725,(((t22:0.1015535765,t40:0.1015535765):0.09782057223,t18:0.1993741487):0.2711859381,(((t9:0.2057342539,(t44:0.1264292034,(t15:0.01649892607,t28:0.01649892607):0.1099302774):0.07930505045):0.1837422842,t43:0.3894765381):0.07504940813,t24:0.4645259462):0.006034140556):0.2326544339):0.09731083463,(t26:0.6785142857,(((t30:0.006120580868,t11:0.006120580868):0.4839410189,t13:0.4900615997):0.1287828086,((t5:0.1633080924,(t23:0.1210794742,t47:0.1210794742):0.04222861811):0.08020593102,t25:0.2435140234):0.3753303849):0.05966987739):0.1220110696):0.2249834099):0.1293781637,((((t46:0.4277045954,(t12:0.3379548615,(t16:0.006658274045,t21:0.006658274045):0.3312965875):0.0897497339):0.004746554873,t14:0.4324511503):0.3611617268,(t45:0.7715208114,((t2:0.231831473,t37:0.231831473):0.1372776388,(t7:0.1369359558,(t38:0.136877573,t20:0.136877573):5.838275953e-05):0.232173156):0.4024116996):0.02209206563):0.1028960795,(((t3:0.0690814478,(t29:0.0419801503,t8:0.0419801503):0.0271012975):0.5446881803,((t6:0.0345099521,t32:0.0345099521):0.1544626668,t42:0.1889726189):0.4247970092):0.2769796824,((t41:0.0385249286,t4:0.0385249286):0.1490791003,(t10:0.04257460075,t33:0.04257460075):0.1450294281):0.7031452816):0.005759646128):0.2583779724):0.04514636638;
42|2.26541578473523|0.453676179575268|0.58996360830497|(((t20:0.5414452544,(t9:0.4721138585,t26:0.4721138585):0.06933139583):0.3249126808,((((t19:0.2013143839,t5:0.2013143839):0.2820672317,(t22:0.174066085,(t33:0.02904771638,t10:0.02904771638):0.1450183687):0.3093155305):0.1600486977,((t12:0.4893325542,t35:0.4893325542):0.1484370989,((t17:0.3711379057,((t6:0.2312891626,t42:0.2312891626):0.01659274556,(t32:0.009944229413,t34:0.009944229413):0.2379376788):0.1232559976):0.2093717911,((t7:0.06844601429,t37:0.06844601429):0.1427290035,t14:0.2111750178):0.3693346791):0.0572599563):0.005660660103):0.002726143982,((t24:0.125406361,t13:0.125406361):0.5027073399,(t16:0.6169849842,((t15:0.1352893901,(t2:0.07328844212,t27:0.07328844212):0.06200094797):0.4270695993,t39:0.5623589894):0.05462599479):0.01112871666):0.01804275636):0.220201478):0.105884137,(((t1:0.0799174392,(t4:0.03182205326,t23:0.03182205326):0.04809538594):0.2015004577,t41:0.2814178969):0.3944613532,(((t28:0.07421911001,t29:0.07421911001):0.06672197423,t30:0.1409410842):0.364114526,(((t3:0.03379609238,t18:0.03379609238):0.2108521358,(t21:0.1401749484,t25:0.1401749484):0.1044732797):0.2568326263,(((t38:0.452355992,(t8:0.2320663061,(t31:0.01520561006,t11:0.01520561006):0.2168606961):0.2202896859):0.02063835728,t40:0.4729943493):0.01528272895,t36:0.4882770783):0.01320377617):0.003574755777):0.1708236399):0.2963628221):0.3574427699;
30|2.26616108989576|0.0983043828560039|0.922544879605994|(((t4:0.2919047139,(t3:0.1741825768,t14:0.1741825768):0.1177221371):0.4042520531,((t22:0.3806124817,((t5:0.2998846376,(t1:0.06769581053,t28:0.06769581053):0.2321888271):0.005989852229,(t2:0.02822392752,t18:0.02822392752):0.2776505623):0.07473799191):0.2301173298,t19:0.6107298116):0.08542695537):0.7441705428,(t26:1.205943945,(((((t6:0.3997811872,(t21:0.3914902099,((t25:0.003698677135,t24:0.003698677135):0.075861294,(t8:0.05317993765,t20:0.05317993765):0.02638003348):0.3119302388):0.008290977316):0.03709300672,t15:0.436874194):0.1031627721,(((t11:0.009479019043,t30:0.009479019043):0.1233936782,t12:0.1328726972):0.2721588932,t13:0.4050315904):0.1350053757):0.2060535456,t16:0.7460905117):0.3231327586,((t29:0.1558696963,t23:0.1558696963):0.5990915988,((t9:0.261577182,(t10:0.2204534788,(t7:0.04103723921,t27:0.04103723921):0.1794162396):0.0411237032):0.1796636025,t17:0.4412407845):0.3137205106):0.3142619752):0.1367206745):0.234383365):0.5729237363;
34|0.715473148005549|0.0491973488824442|0.974659965373576|((t24:2.85726232,((((t18:0.09254537593,t6:0.09254537593):0.09210678438,t29:0.1846521603):2.256008962,((t30:0.316994956,t7:0.316994956):0.6309368303,(t28:0.04815052447,t27:0.04815052447):0.8997812618):1.492729336):0.08572411179,((((t1:1.721692202,(((t26:0.1622317689,t14:0.1622317689):0.0219506711,((t15:0.009547067154,t5:0.009547067154):0.009970292485,t32:0.01951735964):0.1646650803):0.8909564167,(t4:0.06410515361,t19:0.06410515361):1.011033703):0.6465533457):0.1370594679,(((t22:0.199222329,(t25:0.03257640248,t20:0.03257640248):0.1666459265):0.4153432046,t31:0.6145655335):0.7888561057,(((t23:0.2423026357,t8:0.2423026357):0.2317061808,t2:0.4740088165):0.6761025008,t21:1.150111317):0.253310322):0.4553300311):0.1629441915,(t12:0.365140186,t10:0.365140186):1.656555676):0.5002597672,(t33:0.8138535447,(t34:0.1953632448,t17:0.1953632448):0.6184903):1.708102084):0.004429605098):0.3308770859):0.02117399519,(t3:1.21046732,(((t11:0.2104734154,t9:0.2104734154):0.6265944774,t16:0.8370678928):0.03543602457,t13:0.8725039173):0.3379634025):1.667968995):0.8384327966;
19|2.71868594784522|0.0502699433197267|0.692535914597102|(t15:1.056384205,((((t4:0.1052259719,t14:0.1052259719):0.2017821785,t8:0.3070081504):0.4171688845,(((((t9:0.06008665083,t13:0.06008665083):0.06822613541,t18:0.1283127862):0.2882401779,(t1:0.08661561416,t12:0.08661561416):0.3299373499):0.06790482144,(t3:0.2167693873,t2:0.2167693873):0.2676883983):0.06360212826,((t16:0.2715137919,(t5:0.07171974292,t11:0.07171974292):0.199794049):0.1916839787,(t19:0.0432269803,t7:0.0432269803):0.4199707903):0.08486214324):0.1761171211):0.2446768198,(t10:0.4157980704,(t17:0.03177292541,t6:0.03177292541):0.384025145):0.5530557843):0.08753035038):0.008769239036;
38|3.52887216096045|0.349866291265935|0.90324186370708|((((t11:0.06919375488,t15:0.06919375488):0.2705829374,(((((t5:0.1388772409,t30:0.1388772409):0.03748243087,(((t8:0.003235018143,t22:0.003235018143):0.0373173965,(t1:0.0339567291,t12:0.0339567291):0.006595685536):0.03217775739,(t27:0.0589779353,t10:0.0589779353):0.01375223673):0.1036294997):0.02402739529,t18:0.200387067):0.07008811515,(t32:0.1481004371,t17:0.1481004371):0.1223747451):0.04516822347,((t7:0.1091693847,(t21:0.1050826409,t31:0.1050826409):0.004086743837):0.08485102611,t3:0.1940204109):0.1216229948):0.0241332866):0.1467177481,(((t13:0.2532845267,(t26:0.2058978596,((t24:0.1954113972,(((t29:0.01823638232,t25:0.01823638232):0.07233906319,t28:0.0905754455):0.0204211478,(t38:0.06023788266,t16:0.06023788266):0.05075871064):0.08441480387):0.006893125746,(t37:0.1386697531,(t19:0.004261268966,t35:0.004261268966):0.1344084841):0.06363476986):0.003593336698):0.04738666708):0.02238311617,t36:0.2756676429):0.1607443227,(((t2:0.07006846513,t6:0.07006846513):0.06742830679,t14:0.1374967719):0.1476473206,((t9:0.05169305285,t33:0.05169305285):0.0995540346,t20:0.1512470875):0.1338970051):0.151267873):0.05008247479):0.2006755161,(t34:0.04934081662,(t23:0.01930986272,t4:0.01930986272):0.0300309539):0.6378291399):0.2715401265;
49|3.31597683077678|0.360833773480263|0.637068866519257|(((((((t6:0.3169238288,(((t16:0.1321403537,t23:0.1321403537):0.005024112726,t40:0.1371644664):0.1351797014,t7:0.2723441678):0.04457966098):0.17209791,t47:0.4890217388):0.1105099482,(((t9:0.1081963511,((t48:0.05414117678,t14:0.05414117678):0.03921336787,(t27:0.03720223827,(t41:0.03405780333,t21:0.03405780333):0.003144434944):0.05615230637):0.01484180647):0.1685687339,t49:0.276765085):0.1595082565,(((t34:0.1809017368,t33:0.1809017368):0.06672349566,(t32:0.001601643433,t5:0.001601643433):0.246023589):0.02352157182,(t19:0.05815207764,t4:0.05815207764):0.2129947266):0.1651265373):0.1632583454):0.02193325137,(((t42:0.2505568692,(t28:0.03853176623,t31:0.03853176623):0.212025103):0.1026813842,(t45:0.1551355889,t18:0.1551355889):0.1981026645):0.1784347127,(t13:0.04339535457,t29:0.04339535457):0.4882776115):0.08979197227):0.1187531238,(((t30:0.005812283126,t15:0.005812283126):0.1913453902,t11:0.1971576733):0.02368975327,(t37:0.05844602436,t46:0.05844602436):0.1624014023):0.5193706356):0.1089340783,(((t44:0.3164310114,t3:0.3164310114):0.2866517716,(t10:0.3632289881,t43:0.3632289881):0.2398537949):0.01570035137,((t26:0.05981960203,t1:0.05981960203):0.07466097197,t20:0.134480574):0.4843025604):0.2303690061):0.1468253435,(((t17:0.108710986,((t12:0.01160345772,t36:0.01160345772):0.08854053454,t39:0.1001439923):0.00856699377):0.08471543832,t8:0.1934264244):0.4397070379,((t24:0.2652556062,(t25:0.1855302075,t38:0.1855302075):0.07972539863):0.08134296052,(t22:0.1884668096,(t35:0.1769188281,t2:0.1769188281):0.01154798153):0.1581317571):0.2865348956):0.3628440217):0.2203043657;
15|2.10580022021662|0.281285877774935|0.697921165148728|((t8:1.311307419,(((t13:0.6983845402,((((t7:0.1491043798,t9:0.1491043798):0.2405321708,(t2:0.2222020018,(t5:0.1745272639,t1:0.1745272639):0.04767473794):0.1674345488):0.04869153389,t15:0.4383280845):0.03846837034,t4:0.4767964549):0.2215880853):0.1901860173,t10:0.8885705575):0.3477545464,((t11:0.3048026057,t6:0.3048026057):0.06386034874,t14:0.3686629544):0.8676621495):0.07498231539):0.05666242641,(t12:0.350218058,t3:0.350218058):1.017751788):0.4112580301;
41|2.67324398326455|0.317870119016152|0.628305165329948|(t24:0.8494676486,((((t4:0.09812976536,t2:0.09812976536):0.2671234543,(t1:0.1816825428,(t39:0.1297485308,t15:0.1297485308):0.05193401193):0.1835706769):0.162992747,((t13:0.4787101659,((t38:0.0165864973,t25:0.0165864973):0.09326681857,t22:0.1098533159):0.36885685):0.009190217498,(t37:0.1776362026,(t11:0.01328913901,t30:0.01328913901):0.1643470636):0.3102641808):0.04034558324):0.3078981653,(((((t35:0.04649233081,(t17:0.04022111639,t10:0.04022111639):0.006271214412):0.01110439272,t8:0.05759672353):0.2735518267,(t33:0.2650206334,(t31:0.07794541633,t3:0.07794541633):0.1870752171):0.06612791679):0.07959817899,((t40:0.1201158138,t20:0.1201158138):0.1379219201,t9:0.2580377339):0.1527089953):0.3464998995,(((t29:0.4028517572,(t12:0.1327441073,t19:0.1327441073):0.2701076499):0.03112354642,((((t5:0.04251171738,t18:0.04251171738):0.08119093462,(t26:0.05683787009,t28:0.05683787009):0.06686478191):0.110720741,((t7:0.06538091479,(t21:0.02975517512,t6:0.02975517512):0.03562573968):0.02416036291,(t32:0.03846141793,t36:0.03846141793):0.05107985977):0.1448821153):0.1595644878,(t23:0.1821263212,(t41:0.07923745985,t14:0.07923745985):0.1028888613):0.2118615596):0.03998742281):0.3040115103,(t16:0.6185549817,(t34:0.1669342301,t27:0.1669342301):0.4516207516):0.1194318322):0.01925981484):0.07889750326):0.01332351667):0.06364229355;
25|2.37783689458389|0.268720352610108|0.610739404219203|((((t20:0.02695230844,t7:0.02695230844):0.7106812138,(t8:0.3523235028,t5:0.3523235028):0.3853100195):0.2613944821,((((t3:0.6558491902,t19:0.6558491902):0.002923132139,((t10:0.05559387923,t18:0.05559387923):0.5381255626,(t12:0.001019699421,t17:0.001019699421):0.5926997424):0.06505288046):0.1435939142,((t16:0.134422583,t15:0.134422583):0.4039906137,t14:0.5384131967):0.2639530398):0.06569146214,(t2:0.1200106436,t11:0.1200106436):0.7480470551):0.1309703057):0.3129785728,((((t1:0.1950487154,t25:0.1950487154):0.09779692799,t13:0.2928456434):0.364539183,((t21:0.4300400488,t9:0.4300400488):0.03972587555,(t4:0.2487804794,t6:0.2487804794):0.220985445):0.187618902):0.4643553471,((t23:0.4673402959,t22:0.4673402959):0.1131224735,t24:0.5804627694):0.541277404):0.1902664037):0.2846162116;
45|1.18748549456475|0.146922773015685|0.614431640831754|(((((t23:0.1601972133,(t45:0.0722904603,(t7:0.06204094433,t9:0.06204094433):0.01024951597):0.08790675298):0.9577140944,t33:1.117911308):0.5522998415,t21:1.670211149):1.639074055,((((t13:0.8812281219,t34:0.8812281219):0.6088294923,(t22:0.6492363061,t32:0.6492363061):0.8408213081):0.3208706005,t26:1.810928215):0.2926924209,((((t17:0.1453089183,t20:0.1453089183):0.816020182,t27:0.9613291002):0.3989130627,((t3:0.3103953826,(t11:0.07581918598,t15:0.07581918598):0.2345761966):0.9751577679,((t35:0.2972495306,t41:0.2972495306):0.6131166397,((t30:0.5196022286,t12:0.5196022286):0.03223003438,(t44:0.4252733894,t5:0.4252733894):0.1265588736):0.3585339073):0.3751869802):0.07468901244):0.6602594137,(((t2:0.7205637025,(t38:0.3221033269,t24:0.3221033269):0.3984603756):0.209880155,(t14:0.4071340154,(t16:0.07465569076,t36:0.07465569076):0.3324783246):0.5233098422):0.3044676378,t31:1.234911495):0.7855900814):0.08311905887):1.205664569):0.1420641495,((((t6:1.05609673,(t4:0.8818690283,t10:0.8818690283):0.1742277018):0.3165262882,((t25:0.7144679358,t43:0.7144679358):0.2551929356,((t39:0.3578662672,(t28:0.2351250045,(t29:0.07761383329,t8:0.07761383329):0.1575111712):0.1227412628):0.4999687626,(t1:0.8572102419,t40:0.8572102419):0.0006247878682):0.1118258416):0.4029621469):0.025799188,(t18:0.9906316828,(t37:0.3070267215,t42:0.3070267215):0.6836049614):0.4077905235):0.5467415705,t19:1.945163777):1.506185577):0.2226895328;
26|1.30594046677696|0.0968520430568606|0.876843975274824|((((t21:0.2363354638,t1:0.2363354638):1.40839294,t24:1.644728404):0.601744909,(((t12:0.3666969696,t18:0.3666969696):0.5382782692,(t22:0.1390187171,t3:0.1390187171):0.7659565217):0.2368411442,t14:1.141816383):1.10465693):0.3876775693,((t6:1.130248244,((((t10:0.04880789987,t4:0.04880789987):0.5247809273,t11:0.5735888272):0.4376462465,t16:1.011235074):0.01859021101,t9:1.029825285):0.1004229595):0.9343782083,((((t19:0.188253375,t5:0.188253375):0.507081028,(t7:0.2991852307,t23:0.2991852307):0.3961491723):0.0566326562,(t20:0.1164854841,t15:0.1164854841):0.6354815751):1.160480298,(((t2:0.7260160487,t13:0.7260160487):0.01431679656,(t8:0.03510740956,t26:0.03510740956):0.7052254357):0.3850316398,(t17:0.4149272565,t25:0.4149272565):0.7104372286):0.7870828718):0.1521790957):0.5695244295):0.05944501875;
40|3.43081435876433|0.255741428923793|0.847446820233017|(((t31:0.1813675529,(((t20:0.0286025354,t38:0.0286025354):0.04999464094,t23:0.07859717634):0.008873157658,t10:0.087470334):0.09389721888):0.4158271298,((t32:0.09662084932,t36:0.09662084932):0.4543381896,(t35:0.1997741888,t25:0.1997741888):0.3511848501):0.04623564375):0.1829500743,((((((t9:0.1770250071,t17:0.1770250071):0.1406451178,t1:0.3176701249):0.07797942696,(t2:0.04403134485,(t19:0.02291200727,t12:0.02291200727):0.02111933758):0.351618207):0.1540601521,(((t11:0.127058456,t28:0.127058456):0.04179080081,((t18:0.06871036074,t3:0.06871036074):0.003456424215,t7:0.07216678496):0.0966824718):0.3337814979,((((t33:0.1332805213,t22:0.1332805213):0.00502250057,t21:0.1383030219):0.03592181169,t29:0.1742248336):0.1586397259,(t5:0.2171629065,t40:0.2171629065):0.115701653):0.1697661952):0.04707894924):0.1291609305,((t14:0.05910284594,t30:0.05910284594):0.2311507104,((t8:0.01882539749,t13:0.01882539749):0.2024390825,t24:0.22126448):0.06898907634):0.3886170781):0.06802680113,(t15:0.3481704865,((((t27:0.1981503341,t39:0.1981503341):0.03203634914,((t6:0.1166574068,(t37:0.01464230443,t34:0.01464230443):0.1020151024):0.09574185002,t16:0.2123992568):0.0177874264):0.02437149303,t26:0.2545581763):0.0003650809216,t4:0.2549232572):0.09324722931):0.398726949):0.03324732139):0.6299422927;
13|2.65717492601136|0.0557808917271905|0.526762437308207|(((t4:0.4529484675,((t10:0.09677326739,t8:0.09677326739):0.2314860464,(t7:0.2979909909,t2:0.2979909909):0.03026832296):0.1246891537):0.2239984759,((t12:0.03308100771,t11:0.03308100771):0.3709723455,(t9:0.2944003099,(t1:0.2617736432,(t6:0.07276764661,t13:0.07276764661):0.1890059966):0.03262666674):0.1096530433):0.2728935902):0.4481370084,(t5:0.6748559633,t3:0.6748559633):0.4502279886):0.6609945199;
30|0.155940071216319|0.023597740214318|0.517139642150141|(((((t19:1.814635996,t10:1.814635996):4.957901207,t13:6.772537203):4.38784316,(((t29:2.859992572,t21:2.859992572):0.5117181571,(t4:2.76128071,t15:2.76128071):0.6104300194):0.1326455104,t5:3.50435624):7.656024124):0.6575514943,(t3:8.020365037,(t22:7.060621334,(t6:3.453053937,t28:3.453053937):3.607567397):0.9597437027):3.79756682):22.56368163,((((t27:2.299589296,(t9:0.9757870216,t7:0.9757870216):1.323802274):1.253778038,t1:3.553367334):0.08876804467,t8:3.642135379):20.82995085,(((((t16:2.370750543,(t17:0.599306561,t26:0.599306561):1.771443982):3.815459626,t24:6.186210169):6.116323064,((t23:2.908936089,(t14:2.369819544,t30:2.369819544):0.5391165451):5.609378683,(t25:3.054145974,t11:3.054145974):5.464168798):3.784218461):1.720700351,t2:14.02323358):4.651041929,(t18:8.027134936,(t20:2.949945904,t12:2.949945904):5.077189032):10.64714058):5.797810711):9.909527258):3.15380915;
40|2.61271742130164|0.315836731081363|0.660795249510556|((((t21:0.3456231877,t16:0.3456231877):0.3501483643,(t31:0.2000157335,(t14:0.10857333,t28:0.10857333):0.09144240347):0.4957558186):0.581819075,((((t26:0.1314322701,(t34:0.06223229428,(t6:0.06209054791,(t17:0.04891284218,t10:0.04891284218):0.01317770573):0.0001417463721):0.06919997585):0.3422374995,(t12:0.1855542029,t22:0.1855542029):0.2881155668):0.1391230217,((t19:0.3729314079,t30:0.3729314079):0.2172236544,(t4:0.2488355639,t33:0.2488355639):0.3413194983):0.02263772909):0.1730584014,((t25:0.4175173357,t15:0.4175173357):0.07942617318,t24:0.4969435088):0.288907684):0.4917394343):0.09218468686,((((t40:0.03103916698,t11:0.03103916698):0.740374189,(t1:0.5965974734,(((t8:0.09514925718,t32:0.09514925718):0.1527368995,t7:0.2478861567):0.2490361767,(((t20:0.1215489239,t23:0.1215489239):0.1709374524,t9:0.2924863763):0.08757983254,t27:0.3800662089):0.1168561245):0.09967514):0.1748158826):0.2094870598,((t38:0.5113847244,(t3:0.2014270115,t36:0.2014270115):0.309957713):0.1129241796,t35:0.624308904):0.3565915118):0.1617504234,(((t18:0.04147419492,t2:0.04147419492):0.06518440328,t29:0.1066585982):0.570163485,(t13:0.5489737665,((t39:0.003325130613,t37:0.003325130613):0.144605751,t5:0.1479308816):0.4010428848):0.1278483167):0.4658287561):0.2271244747):0.6263705574;
24|0.661833403564524|0.0874908315204084|0.9280354072107|(((t13:1.530134879,t8:1.530134879):0.5657763735,(t4:1.801325724,(((t11:0.9980502045,t23:0.9980502045):0.1029919096,(t6:0.5060290681,t14:0.5060290681):0.595013046):0.5837163027,(((t3:0.9326468189,(t22:0.3953269165,t12:0.3953269165):0.5373199024):0.09800817706,(t2:0.9197638797,((t21:0.2261666192,t24:0.2261666192):0.0006872784228,(t16:0.1485612549,t15:0.1485612549):0.07829264278):0.692909982):0.1108911163):0.6005339002,((t10:0.5458077982,(((t18:0.09323948966,t9:0.09323948966):0.07623317039,t5:0.1694726601):0.1451922281,(t7:0.1340147096,t1:0.1340147096):0.1806501785):0.2311429101):0.7466464041,t17:1.292454202):0.3387346939):0.05356952059):0.1165673071):0.2945855284):0.8734895189,(t19:2.057911955,t20:2.057911955):0.9114888159):0.2040760289;
27|1.49239964210661|0.136077585008461|0.548084872658364|(((t13:0.5365707994,(t18:0.2380870123,t2:0.2380870123):0.2984837871):1.336851835,((t24:0.4598381135,t12:0.4598381135):0.577105521,(t1:0.06032778407,t19:0.06032778407):0.9766158504):0.8364790003):0.4987257288,(((((t27:0.3033508846,(t14:0.1235034498,t4:0.1235034498):0.1798474348):0.07733621173,t20:0.3806870963):0.6477051246,t3:1.028392221):0.3280837621,(t8:0.2955038784,t25:0.2955038784):1.060972105):0.1961755817,(((t17:0.2278440814,t7:0.2278440814):1.263222824,(((t22:0.5141799573,(t21:0.1912208917,(t6:0.04951218135,(t10:0.01516343335,t26:0.01516343335):0.034348748):0.1417087103):0.3229590657):0.0652312785,t23:0.5794112358):0.7601431916,(t9:0.8114723196,t11:0.8114723196):0.5280821078):0.1515124781):0.0246855623,((t16:0.2228848563,t15:0.2228848563):0.9796117002,t5:1.202496557):0.3132559113):0.03689909695):0.8194967988):0.7054008028;
42|2.46006667452166|0.478755321453791|0.86747272242792|(((t28:0.08533859208,t42:0.08533859208):0.6609804481,(((t21:0.1509119745,(t3:0.1011712261,((t31:0.03371783329,t26:0.03371783329):0.0596193587,t24:0.093337192):0.007834034073):0.04974074841):0.4934460501,((t9:0.0002455671607,t11:0.0002455671607):0.4796409298,(((t2:0.1124543536,(t15:0.05378372192,(t17:0.05092027036,(t30:0.01708243692,t18:0.01708243692):0.03383783344):0.002863451565):0.05867063164):0.07038060922,(t29:0.07080925351,t5:0.07080925351):0.1120257093):0.1324316343,t34:0.3152665971):0.1646198998):0.1644715276):0.01540862103,(((t22:0.1122794374,t12:0.1122794374):0.2104908373,t13:0.3227702747):0.1622505234,(t27:0.3309245535,(t33:0.2552430909,((t1:0.01010827854,t16:0.01010827854):0.06572728159,t10:0.07583556013):0.1794075308):0.07568146259):0.1540962446):0.1747458475):0.08655239466):0.1545521739,(((((t39:0.07182018368,t32:0.07182018368):0.03104147289,(t40:0.05613363113,t38:0.05613363113):0.04672802544):0.2505100005,((t23:0.1298594789,t20:0.1298594789):0.04974098812,(t14:0.01090851017,t4:0.01090851017):0.1686919569):0.17377119):0.163999005,((t8:0.05050374874,t25:0.05050374874):0.1323972173,t41:0.1829009661):0.334469696):0.1850776384,((t37:0.2261494697,(t6:0.2099913019,t7:0.2099913019):0.01615816782):0.1196784687,(t36:0.06067418362,(t19:0.00180723577,t35:0.00180723577):0.05886694785):0.2851537548):0.3566203621):0.1984229137):0.7696706946;
40|3.31621494872961|0.220356446430087|0.651968391845003|((((((t38:0.1473723478,t17:0.1473723478):0.2704190246,((t5:0.0653013479,t19:0.0653013479):0.1879796077,(t40:0.2354370566,(t1:0.2305907832,t31:0.2305907832):0.0048462734):0.01784389897):0.1645104168):0.1094514376,(t29:0.03319171583,t8:0.03319171583):0.4940510941):0.08647248882,(t21:0.2067710821,(t23:0.1614859241,t28:0.1614859241):0.04528515804):0.4069442166):0.4432744621,((t14:0.3191164324,t24:0.3191164324):0.4067663744,((((t2:0.5067261557,(((t16:0.09992626547,t15:0.09992626547):0.06079605675,t10:0.1607223222):0.1761252503,(t36:0.1483878886,t34:0.1483878886):0.1884596839):0.1698785831):0.03876468333,(((t11:0.01371986709,t13:0.01371986709):0.1239294504,t35:0.1376493174):0.2555767643,((t20:0.08541778766,t3:0.08541778766):0.2058707209,(t30:0.2882662348,t4:0.2882662348):0.003022273724):0.1019375732):0.1522647572):0.01429322418,((t27:0.1842240448,((t7:0.004667021899,t18:0.004667021899):0.1051806497,t12:0.1098476716):0.07437637315):0.03386028216,(t6:0.115446737,t32:0.115446737):0.10263759):0.3416997363):0.01745984868,(((t26:0.05105479754,t39:0.05105479754):0.1555256022,t22:0.2065803997):0.3152550148,t25:0.5218354145):0.05540849733):0.148638895):0.331106954):0.1420390365,(t9:0.3015123804,(t37:0.1706759028,t33:0.1706759028):0.1308364776):0.8975164169):0.259645239;
33|3.41009258050006|0.472309406909626|0.505963958450593|(((((t30:0.4728674788,t26:0.4728674788):0.01985420961,(((t22:0.09201979443,t5:0.09201979443):0.04203736178,t24:0.1340571562):0.29806453,(t4:0.2056592578,t17:0.2056592578):0.2264624284):0.06060000222):0.07026893101,((((t6:0.1631241612,(t1:0.09179085163,(t23:0.02380991327,t25:0.02380991327):0.06798093836):0.07133330957):0.2779720418,(t12:0.3771426686,t7:0.3771426686):0.0639535344):0.03809062271,((t9:0.02580922889,t11:0.02580922889):0.07186714359,(t10:0.06519723035,t33:0.06519723035):0.03247914212):0.3815104532):0.02912054331,(t19:0.4842171042,((((t28:0.02345893983,t32:0.02345893983):0.2062242273,t14:0.2296831671):0.1057699712,(t20:0.09207201522,t2:0.09207201522):0.2433811231):0.03307616223,((t13:0.1952204099,(t15:0.1202466705,(t18:0.004943022402,t21:0.004943022402):0.1153036481):0.0749737394):0.1243347197,(t8:0.09161628564,t3:0.09161628564):0.227938844):0.04897417084):0.1156878037):0.02409026482):0.05468325038):0.2464939849,t27:0.8094846043):0.5686801477,((t29:0.1517835823,t16:0.1517835823):0.1306915148,t31:0.2824750971):1.095689655):0.08183731226;
27|2.70436542966869|0.422433483495843|0.852724356809631|((((((((t24:0.03314568665,t22:0.03314568665):0.1319099979,t27:0.1650556846):0.06989768965,t2:0.2349533742):0.07243499702,(t11:0.2534840966,t1:0.2534840966):0.05390427469):0.2450551546,(t19:0.2106607023,t10:0.2106607023):0.3417828236):0.1843173697,(t7:0.3511660067,t23:0.3511660067):0.3855948889):0.06444613942,(((t8:0.131110385,(t9:0.1137836719,t5:0.1137836719):0.01732671308):0.07772396824,(t15:0.1656254568,(t25:0.1573864838,t17:0.1573864838):0.008238973048):0.0432088964):0.003440257256,t4:0.2122746105):0.5889324245):0.1859584538,(((t18:0.0841595397,t3:0.0841595397):0.5930728764,(t12:0.1125878772,(t26:0.03636364609,t6:0.03636364609):0.07622423113):0.5646445389):0.08653706628,((t16:0.3761070119,(t13:0.1609675289,t14:0.1609675289):0.215139483):0.03955531413,(t21:0.02732352387,t20:0.02732352387):0.3883388021):0.3481071564):0.2233960065):0.1698877408;
25|3.81566694603534|0.152065254247282|0.678251591743901|((((t16:0.4995653287,((t22:0.1326425924,(t19:0.09594963879,(t10:0.02414917391,t8:0.02414917391):0.07180046489):0.03669295356):0.1393803985,t11:0.2720229909):0.2275423378):0.02999177632,((t20:0.4316080985,((t2:0.1554962658,t3:0.1554962658):0.08033324184,(t24:0.2275598693,(t4:0.05617073183,t5:0.05617073183):0.1713891375):0.008269638399):0.1957785908):0.07077895102,t23:0.5023870495):0.02717005547):0.08586528004,(t7:0.344375603,(t12:0.1818958739,(t15:0.1703653882,t21:0.1703653882):0.0115304857):0.1624797291):0.2710467821):0.3206892903,((t6:0.1597694442,(t18:0.1513396868,(t25:0.1167499923,t9:0.1167499923):0.03458969457):0.008429757343):0.5216597667,((t14:0.1781970541,t1:0.1781970541):0.2154780112,(t17:0.1439256618,t13:0.1439256618):0.2497494035):0.2877541456):0.2546824644):0.1539506922;
26|0.0398070077691227|0.10212706282502|0.899069261155091|(((t11:65.96686306,(t1:6.210029192,(t5:4.491650744,(t23:1.528208632,t22:1.528208632):2.963442112):1.718378448):59.75683387):1.61540986,(((t17:10.4116412,t18:10.4116412):36.71712248,((((t8:10.86500817,(t14:2.935465439,t16:2.935465439):7.929542733):13.5983568,t15:24.46336497):2.624020653,((t13:7.587022694,t21:7.587022694):14.39587676,t20:21.98289946):5.104486165):3.764619873,(t25:30.60957595,t19:30.60957595):0.2424295485):16.27675819):1.26274037,(((t2:0.5789506668,t12:0.5789506668):14.15335673,(t24:11.11495261,t26:11.11495261):3.617354791):9.328570678,(t4:18.47381322,(t7:9.413852712,t9:9.413852712):9.05996051):5.587064853):24.33062598):19.19076887):15.56961877,(t3:4.660758217,(t10:3.392689786,t6:3.392689786):1.268068432):78.49113347):7.402672152;
42|3.11315194431227|0.257834982927889|0.98799094511196|(((((t3:0.04786780066,t29:0.04786780066):0.3172965165,(((t12:0.001209968077,t33:0.001209968077):0.2333595863,t8:0.2345695543):0.08780584128,(((t32:0.06289785589,t7:0.06289785589):0.07773669328,((t24:0.003095972388,t13:0.003095972388):0.05293822527,t16:0.05603419766):0.0846003515):0.1147379404,t36:0.2553724896):0.06700290607):0.04278892153):0.0446728491,t19:0.4098371662):0.107817627,(((t23:0.31092533,(t26:0.03164507049,t18:0.03164507049):0.2792802595):0.0160959391,((t40:0.06253246043,(t21:0.02999263144,t2:0.02999263144):0.03253982898):0.04971998321,(t14:0.1027550995,t41:0.1027550995):0.009497344098):0.2147688255):0.1524612397,(((t20:0.009050394968,t9:0.009050394968):0.3579287244,(t30:0.3578241607,((t1:0.05324753938,t5:0.05324753938):0.2369354178,((t42:0.0677750382,t17:0.0677750382):0.1429804187,(t4:0.05395832666,t34:0.05395832666):0.1567971302):0.07942750031):0.06764120351):0.00915495861):0.01526936679,(((t39:0.1605496707,((t22:0.03975615672,t38:0.03975615672):0.01942906817,t28:0.0591852249):0.1013644458):0.02161117157,t31:0.1821608423):0.09577059667,t25:0.277931439):0.1043170472):0.09723402262):0.03817228453):0.6412256578,(t37:0.8768237698,(((t15:0.09210990586,t6:0.09210990586):0.3184031271,(t27:0.3113405839,(t11:0.08291150163,t35:0.08291150163):0.2284290823):0.099172449):0.0986767694,t10:0.5091898023):0.3676339674):0.2820566813):0.07955812045;
35|3.23076135616051|0.121626081003342|0.782163649913855|((((t20:0.481712311,t2:0.481712311):0.2786915748,((t19:0.2313073277,(t5:0.05339685999,t3:0.05339685999):0.1779104677):0.08837159106,t35:0.3196789187):0.4407249671):0.2175241671,(t26:0.804776355,(((t32:0.1718111202,t1:0.1718111202):0.4013005268,t7:0.573111647):0.01105496534,((t22:0.1448363647,(t21:0.02102262542,t13:0.02102262542):0.1238137393):0.01191846816,t25:0.1567548328):0.4274117795):0.2206097427):0.1731516979):0.0424224442,(((t17:0.1385796985,t12:0.1385796985):0.3729383216,t28:0.5115180201):0.3662673342,((((t14:0.266972592,t18:0.266972592):0.4172577043,(((t15:0.1464591592,t27:0.1464591592):0.07749005151,t10:0.2239492108):0.411896527,(t6:0.4551668329,(t31:0.2985665111,t23:0.2985665111):0.1566003218):0.1806789048):0.04838455857):0.08892754183,((t33:0.3933766247,(t4:0.262897271,t8:0.262897271):0.1304793537):0.1377947865,t9:0.5311714112):0.2419864269):0.05954528844,((t34:0.4985979675,(t16:0.3103398737,(t30:0.2172855447,(t11:0.06205046663,t24:0.06205046663):0.1552350781):0.09305432901):0.1882580937):0.154069854,t29:0.6526678215):0.1800353051):0.04508222773):0.1425651428):0.4630378213;
17|2.2297914269357|0.0849941392964683|0.83215890720021|(((t14:0.4540406536,((t13:0.3197027199,t3:0.3197027199):0.07384200915,t8:0.3935447291):0.06049592451):0.2173292202,(((t2:0.05180175227,t1:0.05180175227):0.3963157774,(t12:0.2515215326,t5:0.2515215326):0.196595997):0.05428942463,t10:0.5024069543):0.1689629195):0.1588378043,(((t7:0.3437448452,(t11:0.1612936356,t9:0.1612936356):0.1824512096):0.1554586665,(t6:0.1330994554,(t15:0.02154982491,t4:0.02154982491):0.1115496305):0.3661040563):0.1805254095,(t17:0.2448064831,t16:0.2448064831):0.434922438):0.150478757):0.1685864991;
26|2.25646210174775|0.20153575017117|0.641062968061306|(((t15:0.4278488793,(((t7:0.1554570748,(t8:0.05550154615,t10:0.05550154615):0.09995552866):0.03561462039,t14:0.1910716952):0.1393153234,t26:0.3303870186):0.09746186068):0.2206523626,(t21:0.3260743806,(t24:0.1445304827,t16:0.1445304827):0.1815438979):0.3224268613):0.3752059897,(((((t6:0.2215287533,t4:0.2215287533):0.1000944999,(t3:0.3054503238,(t18:0.05089314184,t22:0.05089314184):0.254557182):0.01617292932):0.05071539639,t12:0.3723386495):0.3505538697,(t19:0.2972802231,t20:0.2972802231):0.4256122961):0.2193172919,(((t11:0.2796860852,t5:0.2796860852):0.368392827,(((t23:0.01440950332,t17:0.01440950332):0.1543748444,t25:0.1687843477):0.2242527639,t9:0.3930371116):0.2550418006):0.06792796548,(t2:0.2756772454,(t13:0.2472160679,t1:0.2472160679):0.02846117756):0.4403296322):0.2262029335):0.08149742046):0.08816500785;
46|0.97626774501754|0.253507197757717|0.598247080342844|((((((t21:0.7405699308,(t14:0.6228742767,(t32:0.5488208167,t40:0.5488208167):0.07405345995):0.1176956541):0.9676531926,((t20:0.07306017126,(t17:0.01157085123,t24:0.01157085123):0.06148932003):0.7170757121,t1:0.7901358833):0.91808724):0.5908343052,t42:2.299057429):1.224857446,(((t10:1.405108881,(t6:0.7660468305,t41:0.7660468305):0.639062051):0.1731932616,((t9:0.5195178998,t31:0.5195178998):0.1064295402,t18:0.6259474401):0.952354703):1.476505383,(((t15:1.465953393,(t44:0.2592504231,t45:0.2592504231):1.20670297):0.6355954511,(t3:1.06313147,(t22:0.5376497617,t23:0.5376497617):0.5254817085):1.038417374):0.2895472208,(t25:1.815528806,((((t29:0.1263573728,t35:0.1263573728):0.4760704821,t7:0.6024278549):0.7358518111,t43:1.338279666):0.2550263876,((t16:0.4760075883,(t30:0.1141338824,t37:0.1141338824):0.3618737059):0.6729007267,(t33:1.013375887,(t5:0.1263323734,t34:0.1263323734):0.8870435132):0.1355324284):0.4443977386):0.2222227527):0.5755672589):0.6637114609):0.469107348):0.2446144465,t8:3.768529321):0.7751219284,(((t46:0.8752899653,t2:0.8752899653):1.151399529,((t13:0.5473100972,(t38:0.4261906126,t12:0.4261906126):0.1211194846):1.276284852,(t28:1.777341056,t36:1.777341056):0.04625389381):0.2030945447):0.8546927739,(((t19:0.2022486145,t27:0.2022486145):0.5958568871,(t39:0.2539177,t4:0.2539177):0.5441878016):0.7626763633,(t11:0.7490922166,t26:0.7490922166):0.8116896482):1.320600403):1.662268981):0.3217305684;
28|0.27393855329603|0.426752679054625|0.765841060434468|((((t11:1.906926247,t13:1.906926247):4.483040185,((((t1:0.9045637924,t19:0.9045637924):0.5453989877,t24:1.44996278):1.766271175,(t25:0.3570827144,t9:0.3570827144):2.859151241):2.970356363,((t10:0.9818073731,t16:0.9818073731):3.671928676,(((t12:0.6120691187,t14:0.6120691187):0.05225831634,(t18:0.03421779619,t22:0.03421779619):0.6301096389):1.281197238,t3:1.945524673):2.708211376):1.532854269):0.203376113):1.105091528,((((t21:1.843415308,t15:1.843415308):1.174246401,(t28:2.130146125,(t8:0.8866119693,t5:0.8866119693):1.243534156):0.8875155834):2.178012732,(t2:4.386808975,(t6:0.5838555856,t7:0.5838555856):3.802953389):0.8088654656):1.378933218,((t23:0.713516273,t17:0.713516273):4.920757624,t26:5.634273897):0.9403337613):0.9204503009):0.9412403403,((t4:0.5690345935,t27:0.5690345935):4.272887555,t20:4.841922148):3.594376151):4.85308653;
18|0.0719805206730962|0.176504358272068|0.88695264258422|((t8:17.30998366,t2:17.30998366):10.81710152,((((t12:9.925085184,(t1:0.307359587,t15:0.307359587):9.617725597):9.279395456,(t16:2.921329742,t11:2.921329742):16.2831509):3.564520143,((t3:11.32170648,t14:11.32170648):9.611781283,t9:20.93348776):1.835513022):3.566409287,((t10:17.06106549,(t17:10.33291088,t13:10.33291088):6.728154611):0.05036353919,(t5:8.922388281,(t4:7.452125477,(t6:1.393108926,(t7:0.7222996853,t18:0.7222996853):0.670809241):6.059016551):1.470262803):8.189040747):9.223981043):1.791675102):7.248051655;
45|2.48817097143037|0.378838312565349|0.548080111970194|(((t9:0.1772130031,t6:0.1772130031):0.987502663,((t41:0.07599157295,t10:0.07599157295):0.5346028908,((t39:0.3860724829,(t32:0.1299881804,t35:0.1299881804):0.2560843024):0.09115986403,((t21:0.02397356994,t28:0.02397356994):0.3547132763,t33:0.3786868463):0.09854550061):0.1333621168):0.5541212024):0.3870477013,(((t40:0.1841893656,(t5:0.07952823572,t24:0.07952823572):0.1046611299):1.018074802,((t3:0.007209515987,t19:0.007209515987):1.115956813,(t2:0.6958558439,(t16:0.3283964331,(t36:0.02408730517,t37:0.02408730517):0.3043091279):0.3674594108):0.4273104851):0.07909783824):0.3246256807,(((t42:0.601913291,t38:0.601913291):0.1634604546,t17:0.7653737456):0.3082862945,(((t29:0.02920684372,t31:0.02920684372):0.1459493154,t43:0.1751561591):0.6944549589,((((t18:0.1076089134,(t20:0.01646005636,t26:0.01646005636):0.09114885701):0.104735854,t25:0.2123447674):0.07721553024,(t23:0.2861507191,(t14:0.2391385442,((t27:0.1784189623,t11:0.1784189623):0.02988253983,t7:0.2083015022):0.03083704209):0.04701217485):0.003409578503):0.09365089268,((((t15:0.05894871331,t34:0.05894871331):0.1151537165,(t1:0.1140932226,t44:0.1140932226):0.06000920723):0.0172523989,((t45:0.08093539048,t8:0.08093539048):0.04595521147,t4:0.126890602):0.06446422676):0.02892354047,(((t13:0.02613247639,t12:0.02613247639):0.04001777012,t22:0.06615024651):0.09749906329,t30:0.1636493098):0.05662905938):0.1629328211):0.4863999278):0.2040489221):0.4532298079):0.02487351935):0.1978284698;
28|1.16495883000549|0.164527056745719|0.749074618099257|((t25:0.1007297399,t9:0.1007297399):1.810612232,((((t8:0.4608363787,t1:0.4608363787):0.9526999215,(t6:0.9066626819,t17:0.9066626819):0.5068736183):0.05944680311,((t2:0.8409128852,(t11:0.7386683056,(((t26:0.1947594583,t20:0.1947594583):0.3207946632,(t19:0.1886386541,t28:0.1886386541):0.3269154674):0.101185318,(t3:0.2954951289,t7:0.2954951289):0.3212443106):0.1219288661):0.1022445796):0.2495146329,(((t18:0.5949487737,((t5:0.05845076525,t23:0.05845076525):0.3564392668,t22:0.4148900321):0.1800587416):0.4028597816,(t10:0.7286723018,(t16:0.08552964227,t15:0.08552964227):0.6431426595):0.2691362534):0.03862294192,(t13:0.6094566562,t14:0.6094566562):0.426974841):0.05399602095):0.3825555852):0.03711984248,((t27:0.9784468775,t12:0.9784468775):0.0877684193,(t24:0.966207751,(t21:0.04553504365,t4:0.04553504365):0.9206727073):0.1000075458):0.443887649):0.4012390261):0.9862057068;
17|0.598088487740606|0.480133612162899|0.792973965406418|((t2:2.559988368,((((t16:0.555011155,(t14:0.0690159035,t12:0.0690159035):0.4859952515):0.1988425041,t17:0.7538536592):1.050055584,((t7:0.04528452824,t6:0.04528452824):1.660238314,t15:1.705522843):0.09838640081):0.5505035774,(t3:1.315690478,((t11:0.7675065883,((t10:0.493459665,t5:0.493459665):0.2704920556,t8:0.7639517206):0.003554867653):0.2170734234,t9:0.9845800116):0.331110466):1.038722343):0.2055755475):1.198370565,((t4:0.3497201951,t13:0.3497201951):0.1242541187,t1:0.4739743137):3.284384619):0.4858052441;
41|3.3221413636161|0.0144235768495128|0.505165762500837|((((t41:0.4242562002,((t12:0.06214318235,t10:0.06214318235):0.07550295145,t29:0.1376461338):0.2866100664):0.4212995776,t37:0.8455557778):0.2063472646,((t16:0.6376762187,(t6:0.5626507204,t3:0.5626507204):0.07502549833):0.2275915012,(t2:0.3196462039,((t35:0.08249392589,t25:0.08249392589):0.1340741427,(t31:0.06139697279,t40:0.06139697279):0.1551710958):0.1030781354):0.545621516):0.1866353225):0.2327184918,((((((t26:0.139462495,t20:0.139462495):0.01987086075,t7:0.1593333558):0.1918420597,t33:0.3511754154):0.4572365203,((t8:0.3795397217,((t14:0.2612800455,(t36:0.1695834117,t23:0.1695834117):0.09169663383):0.001874479234,t21:0.2631545248):0.116385197):0.06961969645,t19:0.4491594182):0.3592525176):0.1972459414,((t15:0.3455251739,t27:0.3455251739):0.2926735501,((t32:0.1741071432,(t39:0.1520168399,t24:0.1520168399):0.02209030322):0.01701758408,t18:0.1911247272):0.4470739968):0.3674591532):0.03555320589,((t13:0.6461986809,((t38:0.0839261511,t30:0.0839261511):0.3659015795,t4:0.4498277306):0.1963709503):0.1096010522,((t28:0.1100538522,t11:0.1100538522):0.4583678074,((t17:0.1256521073,t1:0.1256521073):0.3966772768,((t34:0.0458072799,t5:0.0458072799):0.316992567,(t9:0.1920415913,t22:0.1920415913):0.1707582556):0.1595295373):0.04609227547):0.1873780735):0.2854113499):0.2434104512):0.0251948623;
21|2.1698393448093|0.251987209150102|0.90668426186312|(((((t3:0.4110544051,(t12:0.09990579202,t8:0.09990579202):0.3111486131):0.2848352657,t10:0.6958896708):0.2289133302,t1:0.924803001):0.1347929246,(((((t19:0.4859268582,t11:0.4859268582):0.03129685702,((t16:0.1113827721,t6:0.1113827721):0.1393607268,t2:0.2507434989):0.2664802163):0.1554150268,(t5:0.3398942355,t7:0.3398942355):0.3327445065):0.05536957828,t17:0.7280083203):0.06542915974,((t21:0.07016731805,t9:0.07016731805):0.4001685003,(t14:0.007934037901,t15:0.007934037901):0.4624017804):0.3231016617):0.2661584456):0.1895548011,(t18:0.3568213437,(t13:0.1378835101,(t20:0.01858494683,t4:0.01858494683):0.1192985633):0.2189378336):0.8923293831):0.1635055862;
11|3.31661136730574|0.088075748689007|0.948731616721489|((t2:0.1883577918,t9:0.1883577918):0.4136857409,((((t1:0.05757850722,(t4:0.02784855513,t7:0.02784855513):0.0297299521):0.04685888017,t5:0.1044373874):0.0417243575,t8:0.1461617449):0.270846189,((t6:0.1164542852,t11:0.1164542852):0.1593174177,(t3:0.1394439382,t10:0.1394439382):0.1363277646):0.1412362311):0.1850355988):0.06178741303;
38|3.24808837570017|0.109967598151416|0.678666946245357|((t4:0.07000261311,t33:0.07000261311):0.7052472495,((t7:0.5871031281,(t35:0.1472815845,(t23:0.09090470891,(t38:0.0601682314,t19:0.0601682314):0.03073647751):0.05637687554):0.4398215436):0.1750073118,(((t15:0.5568454401,(((t21:0.2301062555,t36:0.2301062555):0.2335187783,(((t12:0.03696163455,t34:0.03696163455):0.3735928919,((((t22:0.020578452,t20:0.020578452):0.1193194513,((t14:0.008822904143,t18:0.008822904143):0.07876710258,t27:0.08759000672):0.05230789657):0.1409499953,t30:0.2808478985):0.1165215674,t13:0.3973694659):0.01318506049):0.02096161749,(t3:0.1520100491,(t9:0.1424503502,t16:0.1424503502):0.009559698913):0.2795060948):0.03210888988):0.01235432185,t29:0.4759793556):0.08086608445):0.03380468602,(((t2:0.05765749158,(t37:0.04017718941,t24:0.04017718941):0.01748030217):0.09707147734,t32:0.1547289689):0.01486854902,(((t8:0.108022102,t25:0.108022102):0.003955500032,(t1:0.1109828462,t5:0.1109828462):0.0009947558519):0.007429660158,t11:0.1194072622):0.05019025571):0.4210526082):0.02247138952,((t10:0.3623421082,(t17:0.03391674793,t31:0.03391674793):0.3284253603):0.01186714787,(t28:0.1087596593,(t6:0.03368901038,t26:0.03368901038):0.07507064891):0.2654495968):0.2389122596):0.1489889243):0.01313942272):0.3146263133;
17|2.31825178005733|0.45915256760316|0.567302023177035|((t3:0.4578631654,t14:0.4578631654):0.2326891183,(((((t11:0.04482537709,t7:0.04482537709):0.1359672407,t1:0.1807926177):0.02145638733,t13:0.2022490051):0.06518396166,(((t17:0.04658147502,t16:0.04658147502):0.0860003467,(((t15:0.003635015269,t8:0.003635015269):0.08097734153,t2:0.0846123568):0.04015927218,t12:0.124771629):0.007810192737):0.06464552493,(t9:0.1717779031,(t10:0.008841932486,t6:0.008841932486):0.1629359706):0.0254494436):0.07020562009):0.009808857704,(t4:0.04531413653,t5:0.04531413653):0.2319276879):0.4133104592):0.6052461241;
26|1.46592920457711|0.247892784520518|0.775966466404498|(((t23:0.112301923,t4:0.112301923):0.3763193793,(t13:0.01991524927,t19:0.01991524927):0.468706053):0.872164655,((((((t15:0.05534199764,t6:0.05534199764):0.4531449607,((t22:0.02059948408,t18:0.02059948408):0.07675565728,t7:0.09735514136):0.4111318169):0.001700445806,(t8:0.06650076967,t24:0.06650076967):0.4436866344):0.0570501676,t25:0.5672375717):0.5598202831,((((t17:0.4059425766,t21:0.4059425766):0.1053543901,t12:0.5112969667):0.2372081354,t3:0.7485051021):0.1911463305,(t26:0.8995515006,(((t5:0.01293468181,t11:0.01293468181):0.08801039701,t10:0.1009450788):0.3377760338,t14:0.4387211126):0.4608303879):0.04009993212):0.1874064221):0.1817383697,((t2:0.5249923558,t9:0.5249923558):0.5069846416,((t16:0.1756058471,t20:0.1756058471):0.4354084644,t1:0.6110143115):0.4209626859):0.2768192271):0.05198973275):0.04411573421;
19|0.991398930533324|0.0167362646292895|0.55272773897741|((t4:3.239320347,(((((t13:0.6450747585,(t15:0.06445141824,t3:0.06445141824):0.5806233403):0.07363156046,t5:0.718706319):1.127114002,((t12:0.8208272185,(t16:0.7017024026,(t19:0.6241377373,t6:0.6241377373):0.0775646653):0.1191248159):0.04397395342,((t10:0.3277961651,t14:0.3277961651):0.3194547725,t18:0.6472509376):0.2175502343):0.9810191494):0.1260921268,t1:1.971912448):0.1314194859,(t7:0.8159728485,t17:0.8159728485):1.287359086):1.135988413):0.3083341436,(t9:0.9739100543,((t11:0.03598170953,t2:0.03598170953):0.6120963144,t8:0.6480780239):0.3258320304):2.573744436):0.02904546489;
14|1.06307413903996|0.290973492376506|0.50504286645446|((t11:3.922068039,(((t12:0.7416055746,t7:0.7416055746):1.564920594,(t8:1.658672323,(t10:0.8983367547,t3:0.8983367547):0.7603355683):0.6478538459):0.0911628962,((t9:0.580226894,t14:0.580226894):0.3093806472,t2:0.8896075413):1.508081524):1.524378974):0.02251564973,(t4:3.310221653,(t1:1.040491113,((t6:0.03012893112,t5:0.03012893112):0.8025392052,t13:0.8326681364):0.2078229768):2.26973054):0.6343620358):0.1083412256;
38|2.92885901175207|0.34583019704558|0.635198590694927|((((((t5:0.1088801763,t19:0.1088801763):0.02114207488,t22:0.1300222511):0.1962367106,(t32:0.2079928756,(t35:0.02961333314,(t3:0.0039352186,t20:0.0039352186):0.02567811454):0.1783795425):0.1182660862):0.04391619547,((t13:0.2125963929,(t38:0.02679804886,t12:0.02679804886):0.185798344):0.006348100886,(t24:0.02281542307,t9:0.02281542307):0.1961290707):0.1512306635):0.3260373528,t18:0.69621251):0.4598327476,(((t34:0.8154433273,((t1:0.2787769084,t23:0.2787769084):0.5317795939,(((t2:0.1153956528,t4:0.1153956528):0.006748730611,t8:0.1221443834):0.09164004342,t31:0.2137844268):0.5967720755):0.004886824942):0.1319091455,((t28:0.4282427751,t7:0.4282427751):0.2637711546,((t16:0.09123152359,t15:0.09123152359):0.2479692974,(t37:0.0988245187,(t25:0.07283244904,t29:0.07283244904):0.02599206966):0.2403763022):0.3528131087):0.2553385431):0.1680463183,((t17:0.005799680884,t6:0.005799680884):0.8660738143,((t27:0.7168088538,(t26:0.3535199883,t11:0.3535199883):0.3632888655):0.04575515232,(t21:0.4285934304,(((t14:0.329143186,t33:0.329143186):0.05995095484,(t10:0.2460685794,t30:0.2460685794):0.1430255614):0.002596491528,t36:0.3916906323):0.0369027981):0.3339705757):0.109309489):0.2435252959):0.04064646657):0.6442319394;
36|2.66293385530822|0.0311998641397804|0.833742214366794|((t10:0.7407451428,(((((t6:0.1185229328,t17:0.1185229328):0.0666112512,t3:0.185134184):0.3739899081,t34:0.5591240922):0.08990871921,((((t22:0.2726935263,t11:0.2726935263):0.02130631335,t16:0.2939998396):0.1759121605,((t4:0.3458276291,((t31:0.06528142695,t9:0.06528142695):0.2101200369,((t27:0.2167421855,t2:0.2167421855):0.01159471835,(t23:0.1001319902,t21:0.1001319902):0.1282049137):0.04706455991):0.07042616525):0.02745707455,(t7:0.3187286423,t15:0.3187286423):0.05455606134):0.09662729652):0.01749669807,(t20:0.2767893944,(t5:0.05325410635,t8:0.05325410635):0.2235352881):0.2106193038):0.1616241132):0.06954297683,(((t32:0.02055429798,t25:0.02055429798):0.0008544359584,t35:0.02140873394):0.1413522715,t28:0.1627610054):0.5558147828):0.0221693546):0.6680293069,(((t24:0.1210170526,t1:0.1210170526):0.5501360856,((t18:0.5637467052,(t12:0.1392191003,t36:0.1392191003):0.4245276049):0.036959152,((t30:0.1111031966,t33:0.1111031966):0.3482091943,t29:0.4593123908):0.1413934663):0.07044728096):0.01227838035,((t26:0.1325385038,(t14:0.1141502443,t19:0.1141502443):0.01838825958):0.1615337043,t13:0.2940722082):0.3893593103):0.7253429312):0.6875692977;
18|0.0689026660472155|0.190262676530983|0.76416213309858|(((t6:15.20473383,t13:15.20473383):13.34015015,((t9:10.30022266,t12:10.30022266):8.349974358,((t2:4.000607837,t14:4.000607837):14.37832701,(t4:17.93293405,(((t11:12.08591522,((t18:6.046474338,t10:6.046474338):2.759278897,(t17:0.7163884957,t7:0.7163884957):8.08936474):3.280161982):1.13818244,t8:13.22409766):0.3661027466,(t5:8.499601346,t1:8.499601346):5.090599058):4.342733642):0.4460008048):0.2712621727):9.894686959):1.061270537,((t3:5.525661647,t15:5.525661647):16.28706236,t16:21.81272401):7.79343051):19.0374588;
47|3.78039470957825|0.398665152823087|0.827850963105448|(((((t25:0.1073119449,((t4:0.01146703284,t10:0.01146703284):0.04139208424,t23:0.05285911708):0.05445282785):0.07088513662,(t19:0.1246743844,t41:0.1246743844):0.05352269714):0.3275024941,(t44:0.229475485,t18:0.229475485):0.2762240906):0.1570815457,(((t38:0.3825839857,t5:0.3825839857):0.02625862102,t37:0.4088426067):0.2328734443,(((((t20:0.003732440589,t24:0.003732440589):0.06586641328,t39:0.06959885387):0.2769262155,(((t3:0.1821214855,(t16:0.1518418296,t43:0.1518418296):0.0302796559):0.08268966423,(((t8:0.149122602,t13:0.149122602):0.05140735961,(t40:0.004846273625,t6:0.004846273625):0.195683688):0.04732114798,(t46:0.04591414244,t9:0.04591414244):0.2019369671):0.01696004017):0.06786650972,((t11:0.08719139832,t1:0.08719139832):0.03726533388,(t30:0.01014426916,t47:0.01014426916):0.114312463):0.2082209273):0.01384740993):0.18431728,(t36:0.2178278968,t28:0.2178278968):0.3130144526):0.01349943527,t29:0.5443417847):0.09737426635):0.02106507029):0.1135049106,(((t45:0.1463804965,t35:0.1463804965):0.09556840798,(t31:0.1130675867,((t34:0.03735096279,t15:0.03735096279):0.05571522278,t42:0.09306618557):0.02000140111):0.1288813178):0.06798646951,(((t12:0.1462937813,(t7:0.01277900341,t27:0.01277900341):0.1335147779):0.1075579428,(t22:0.1288232323,t17:0.1288232323):0.1250284918):0.01286224015,((t2:0.007371516145,t33:0.007371516145):0.1762896552,((t21:0.04091887299,(t26:0.01384309467,t14:0.01384309467):0.02707577832):0.08476785111,t32:0.1256867241):0.05797444727):0.08305279293):0.04322140967):0.466350658):0.6431452763;
13|1.57517604877474|0.384443177061621|0.75682129629422|(((t12:0.1656430885,t11:0.1656430885):0.9946069416,((t9:0.1331988773,t8:0.1331988773):0.7347601767,((t2:0.008358044285,t13:0.008358044285):0.1234150436,t6:0.1317730879):0.736185966):0.2922909761):1.890247204,(((t3:0.7595287469,(t4:0.5016298608,t1:0.5016298608):0.2578988862):0.2777112225,(t10:0.08140025815,t7:0.08140025815):0.9558397113):1.404431786,t5:2.441671756):0.6088254777):0.2035572623;
21|1.59909533055266|0.438115214484278|0.821446706308052|((((t11:0.2467627733,t9:0.2467627733):0.6639827964,(((t6:0.2361827458,t4:0.2361827458):0.09627742419,(t16:0.1718003911,t1:0.1718003911):0.160659779):0.533894075,(((t5:0.001098875802,t14:0.001098875802):0.1857982708,t21:0.1868971466):0.3558793209,t19:0.5427764675):0.3235777775):0.04439132468):0.0743336077,((((t12:0.2908444836,(t8:0.1944325996,(t15:0.1518525968,t3:0.1518525968):0.04258000277):0.09641188398):0.149095383,(t13:0.2314130671,t10:0.2314130671):0.2085267995):0.206343907,t17:0.6462837735):0.1365990774,t7:0.7828828509):0.2021963265):0.118995637,(t18:0.2121899377,(t2:0.004734044728,t20:0.004734044728):0.207455893):0.8918848767):0.05487032443;
34|0.893279418963939|0.230220446402673|0.716926579247229|((t7:1.043674699,t33:1.043674699):1.461552482,(t21:2.270858452,(((t22:1.154158493,((t8:0.06658805774,t4:0.06658805774):0.1466030737,t30:0.2131911314):0.9409673615):0.2604184829,t13:1.414576976):0.6851002935,((t14:1.007603986,(t5:0.9438380596,((t9:0.6017434833,(t29:0.02797818371,t16:0.02797818371):0.5737652995):0.0980186744,(t11:0.1417171825,t18:0.1417171825):0.5580449751):0.244075902):0.06376592666):0.8964068404,(((((t31:0.5667489314,t34:0.5667489314):0.1719946491,(t26:0.4223740406,t3:0.4223740406):0.3163695399):0.1905120427,t10:0.9292556233):0.01062319778,t23:0.9398788211):0.7152604006,(((((t17:0.4167115715,(t32:0.3234151986,t15:0.3234151986):0.09329637289):0.04881239451,t2:0.465523966):0.422553582,(t12:0.4489732095,t20:0.4489732095):0.4391043384):0.1572736119,((t25:0.3114188622,t19:0.3114188622):0.4984160491,t1:0.8098349113):0.2355162485):0.09514504852,(t24:1.033659939,((t28:0.2767754362,t27:0.2767754362):0.2392310399,t6:0.5160064761):0.5176534631):0.1068362692):0.5146430133):0.248871605):0.1956664427):0.1711811826):0.2343687297):0.3472078885;
14|1.22430056011071|0.235975677014794|0.774802831816487|((t5:0.5978130134,(t4:0.4878665751,(t2:0.2629322609,((t8:0.1456025194,t9:0.1456025194):0.005791938952,t1:0.1513944583):0.1115378026):0.2249343142):0.1099464382):0.4198113846,((t12:0.381445811,((t14:0.05942256013,t6:0.05942256013):0.1047701919,t10:0.164192752):0.2172530589):0.3080669412,((t13:0.04303655801,t3:0.04303655801):0.4788331748,(t7:0.0495239992,t11:0.0495239992):0.4723457336):0.1676430193):0.3281116458):0.1779635739;
14|0.0616312541882508|0.382185049229302|0.831477533909492|((t5:9.696459217,(t9:9.456369637,t1:9.456369637):0.2400895797):25.09969355,(t11:25.20926613,((t6:14.92564128,t3:14.92564128):5.584155898,((t7:3.167065199,(t8:1.807736891,(t2:1.00664092,t13:1.00664092):0.801095971):1.359328309):15.81928551,((t14:7.741354678,(t4:6.573643407,t12:6.573643407):1.167711272):4.124726552,t10:11.86608123):7.120269475):1.52344647):4.699468959):9.586886632):12.31745104;
11|3.71632547070738|0.195813923324458|0.888652006513439|(((t10:0.09860894865,((t8:0.05993886216,t7:0.05993886216):0.03624964291,t9:0.09618850508):0.002420443575):0.1900975657,(t2:0.09140325226,t6:0.09140325226):0.1973032621):0.3172778853,((t3:0.2545489897,t11:0.2545489897):0.02596594244,((t5:0.1226918332,t4:0.1226918332):0.01073762869,t1:0.1334294619):0.1470854702):0.3254694675):0.0885935871;
25|2.47437190238154|0.422818681304343|0.814241782180034|((t7:0.3543180625,(t3:0.05570105594,t9:0.05570105594):0.2986170066):0.3278171806,(((t17:0.09372609145,t16:0.09372609145):0.4956482875,(((((t23:0.1440833829,t20:0.1440833829):0.02610533453,t11:0.1701887174):0.07061634448,t12:0.2408050619):0.0681486188,((t24:0.2192869631,t25:0.2192869631):0.04828696407,t18:0.2675739272):0.04137975352):0.08988142514,(t22:0.2794531052,((t10:0.1198251243,(t8:0.03320621219,t13:0.03320621219):0.08661891209):0.1024820858,(t15:0.0107781426,(t1:0.008721147229,t21:0.008721147229):0.002056995368):0.2115290675):0.05714589506):0.1193820007):0.1905392731):0.009109771077,(((t5:0.04849701648,t6:0.04849701648):0.04023532112,(t4:0.05470142468,(t19:0.0248595524,t14:0.0248595524):0.02984187228):0.03403091292):0.006356085543,t2:0.09508842314):0.5033957269):0.08365109307):0.4383431793;
23|2.49380714621162|0.259897802346386|0.934467245824635|(t21:0.867637035,((t11:0.4651204772,((t8:0.2914067313,(t18:0.2147073504,((t4:0.04816675859,t6:0.04816675859):0.04142419378,t20:0.08959095238):0.1251163981):0.07669938087):0.0175010878,t2:0.3089078191):0.1562126581):0.2371091113,(((((t12:0.03165548387,t7:0.03165548387):0.3078927725,(t1:0.2809415933,(t22:0.09345088599,t14:0.09345088599):0.1874907074):0.05860666299):0.1084970886,t3:0.4480453449):0.01336421355,((t5:0.2932041365,t13:0.2932041365):0.1193668484,t23:0.4125709849):0.04883857351):0.1456071779,(t9:0.2642415671,((t19:0.1640434428,((t17:0.01142694645,t16:0.01142694645):0.02753740716,t15:0.03896435361):0.1250790892):0.08658807099,t10:0.2506315138):0.01361005328):0.3427751693):0.0952128521):0.1654074465):0.005986010234;
39|1.63828259318136|0.0305479120649397|0.694278057664633|((((t22:0.6693575733,t33:0.6693575733):0.3338376438,((t37:0.4480631518,t30:0.4480631518):0.0229289115,((t31:0.2812345202,t3:0.2812345202):0.126792223,t38:0.4080267432):0.06296532014):0.5322031538):0.8059232582,(t7:0.2917290128,t15:0.2917290128):1.517389462):0.9982636933,(((((t8:1.593111905,(((t10:0.03880914227,t1:0.03880914227):0.2847126605,(t4:0.3068966025,t17:0.3068966025):0.01662520019):0.6604266604,(t27:0.01004198337,t18:0.01004198337):0.9739064798):0.6091634421):0.06564651044,((t24:0.25630927,t29:0.25630927):0.4213089676,t9:0.6776182376):0.9811401782):0.1146084029,t34:1.773366819):0.1471992496,(((t6:0.6395307876,t14:0.6395307876):0.01872573588,t2:0.6582565235):0.3979410019,t21:1.056197525):0.8643685429):0.6755900491,((((t11:0.4430106577,t35:0.4430106577):0.1440331302,(t26:0.1428433791,t5:0.1428433791):0.4442004088):0.5771799835,t36:1.164223771):0.6841888329,((t16:0.1632036304,t23:0.1632036304):1.05011317,((((t13:0.2046238779,t32:0.2046238779):0.1925289935,t20:0.3971528714):0.4505874437,(t12:0.6042468249,(t39:0.1165221958,(t25:0.08505198299,t19:0.08505198299):0.03147021284):0.487724629):0.2434934902):0.184066298,t28:1.031806613):0.181510187):0.6350958042):0.7477435131):0.2112260513):0.977370547;
24|1.5421643833071|0.0397380089364015|0.687098102527671|((((t15:0.4991899001,((t2:0.1448036192,t1:0.1448036192):0.1487689318,t21:0.2935725509):0.2056173491):0.02517741018,t5:0.5243673102):0.5186669155,t13:1.043034226):0.8695149468,(((((t3:0.8772061043,t12:0.8772061043):0.1163037732,((t4:0.8441198294,(t17:0.6345910156,t19:0.6345910156):0.2095288138):0.046862776,(t14:0.8398637433,(t7:0.4091207705,(t10:0.3130974832,t11:0.3130974832):0.09602328731):0.4307429728):0.05111886207):0.1025272721):0.317132633,((t24:0.3526841658,t23:0.3526841658):0.0299129719,(t8:0.05948132436,t20:0.05948132436):0.3231158133):0.9280453728):0.06955323424,t9:1.380195745):0.3995438415,(t18:1.134671361,(t6:0.5060467077,(t22:0.4168043665,t16:0.4168043665):0.08924234115):0.6286246531):0.6450682255):0.1328095863):0.2945362829;
37|3.47659423479112|0.285023437079508|0.687260500970297|(((t3:0.5485263988,(t5:0.3713911044,(t21:0.07964625196,(t7:0.04754040895,t8:0.04754040895):0.032105843):0.2917448524):0.1771352945):0.04184169485,(((((t37:0.001336093288,t6:0.001336093288):0.06477822844,t1:0.06611432173):0.2468473285,(((t28:0.0355181258,(t29:0.001616550382,t25:0.001616550382):0.03390157542):0.07318033372,t15:0.1086984595):0.06709111333,t30:0.1757895729):0.1371720774):0.09503117707,(((t32:0.2637866328,(t10:0.02809048792,t11:0.02809048792):0.2356961449):0.07995524833,(t17:0.1588585722,(t31:0.1098521553,t16:0.1098521553):0.04900641689):0.184883309):0.05221414714,t20:0.3959560283):0.01203679902):0.0787482974,(((t13:0.3057418517,t22:0.3057418517):0.1233230416,((t23:0.2642635702,((t4:0.06797611359,t34:0.06797611359):0.01589450018,t2:0.08387061377):0.1803929564):0.01640812275,t18:0.2806716929):0.1483932003):0.01555650588,(t14:0.344156852,(t24:0.1236151815,t33:0.1236151815):0.2205416706):0.1004645471):0.04211972558):0.103626969):0.1695878826,(t27:0.5517595704,(((t35:0.3579054554,(t19:0.2147102629,t26:0.2147102629):0.1431951925):0.09617376577,(t12:0.1168458308,t36:0.1168458308):0.3372333904):0.02772592898,t9:0.4818051502):0.06995442021):0.2081964059):0.7685786403;
23|2.03044255367946|0.16675779548008|0.882622713339515|(((t20:0.1790458789,(t23:0.07326007926,t9:0.07326007926):0.1057857997):0.8747711721,(t7:0.8762712258,t3:0.8762712258):0.1775458253):0.476667068,(((t21:0.2311564036,(t12:0.0426159524,(t6:0.01025375808,t14:0.01025375808):0.03236219432):0.1885404512):0.2011617738,t13:0.4323181774):0.6830459641,(((((t11:0.08616989636,t17:0.08616989636):0.129518144,t4:0.2156880404):0.2015217596,(((t16:0.1857021757,t8:0.1857021757):0.07914994606,(t22:0.202247573,t2:0.202247573):0.06260454876):0.01117992281,t5:0.2760320446):0.1411777554):0.1311862613,(t18:0.2477946502,(t15:0.1468525534,t19:0.1468525534):0.1009420968):0.3006014111):0.0106516672,(t10:0.06306133096,t1:0.06306133096):0.4959863975):0.556316413):0.4151199776):0.1033972415;
25|2.84075664192671|0.488718465096317|0.892802754417062|((t5:0.6578273765,(t1:0.01452634522,t7:0.01452634522):0.6433010313):0.1177367102,(((((t3:0.2476129791,(t12:0.01422927698,t18:0.01422927698):0.2333837021):0.09166398503,(((t13:0.1001523435,(t15:0.02480787034,t8:0.02480787034):0.07534447315):0.07676661616,t23:0.1769189596):0.1074271751,(t25:0.05462006204,t22:0.05462006204):0.2297260727):0.05493082929):0.3304712394,(((t16:0.09862183277,((t10:0.01565584462,(t17:0.001001898583,t14:0.001001898583):0.01465394604):0.05135839636,(t20:0.03352717252,t9:0.03352717252):0.03348706846):0.03160759178):0.1451202214,t19:0.2437420542):0.2167781047,t2:0.4605201589):0.2092280446):0.02477245612,(t24:0.2475020776,((t21:0.0320753112,t4:0.0320753112):0.1519080895,t6:0.1839834007):0.06351867698):0.447018582):0.04489610561,t11:0.7394167652):0.03614732148):0.3391314785;
21|1.88010914965766|0.0689380102045834|0.975577842211351|(((t12:0.1034511537,t15:0.1034511537):0.1610404395,(t2:0.1296056606,(t13:0.01270377849,t4:0.01270377849):0.1169018821):0.1348859326):1.233767071,(t8:1.429419605,(((t10:0.5351264052,(t7:0.1558000677,t5:0.1558000677):0.3793263375):0.3652288361,(t6:0.882517944,(t20:0.6153169949,(t1:0.2270133261,t14:0.2270133261):0.3883036688):0.2672009491):0.01783729732):0.1311691723,(((t17:0.6009499138,((t11:0.02416333809,t18:0.02416333809):0.4540281524,((t3:0.05312548917,t21:0.05312548917):0.2885480449,t16:0.341673534):0.1365179564):0.1227584234):0.1195669656,t9:0.7205168795):0.2371233195,t19:0.957640199):0.07388421465):0.3978951916):0.06883905929):0.3210964997;
45|0.0643071822309867|0.307637512111105|0.780153506551869|(((((t35:12.47653554,(t16:1.970929092,t43:1.970929092):10.50560645):12.04780562,((t32:13.53980466,t37:13.53980466):10.53166017,((t22:10.41100565,(t28:2.306342012,t6:2.306342012):8.104663637):3.503332654,t14:13.9143383):10.15712653):0.452876325):6.114022542,((((t2:2.637718233,t5:2.637718233):3.256132635,(t1:0.3285007795,t24:0.3285007795):5.565350088):0.4880456879,t13:6.381896556):1.762787483,t20:8.144684039):22.49367966):1.416565979,((t38:6.705152001,(t27:4.965218694,t30:4.965218694):1.739933307):4.960296659,t18:11.66544866):20.38948101):11.67939453,(((((t39:7.784578433,t15:7.784578433):10.41813788,((t36:15.22781422,(t4:8.077818952,(t21:1.476035438,t17:1.476035438):6.601783514):7.149995271):0.003325922756,(t8:7.708383441,t45:7.708383441):7.522756704):2.971576168):1.775592168,((t9:4.92778161,(t25:0.2422135953,t12:0.2422135953):4.685568015):12.39603279,(t41:1.243419943,t29:1.243419943):16.08039445):2.654494086):7.666599612,((((t31:11.60849476,t10:11.60849476):5.149182628,((t34:5.581983932,((t11:0.2438394186,t40:0.2438394186):4.491548633,(t23:4.094975584,t42:4.094975584):0.640412467):0.846595881):4.404472103,t19:9.986456035):6.77122135):0.7170536137,(t44:4.768965243,t3:4.768965243):12.70576576):8.088792911,t7:25.56352391):2.081384183):0.4910876686,(t33:3.984395053,t26:3.984395053):24.15160071):15.59832844):7.031914372;
16|0.80345294818515|0.383929245176259|0.896931663970463|((t15:0.4396326111,(t11:0.4162906454,t2:0.4162906454):0.02334196571):1.88329518,((((t1:0.5653894446,t14:0.5653894446):0.5019698899,((t4:0.01327509321,t12:0.01327509321):0.3795939282,t16:0.3928690215):0.6744903131):0.2546946152,((t7:0.271588454,(t6:0.1533814769,t3:0.1533814769):0.1182069771):0.8614505519,t13:1.133039006):0.1890149439):0.4012079837,(((t5:0.4171157998,t10:0.4171157998):0.8762186666,t8:1.293334466):0.3083788728,t9:1.601713339):0.1215485942):0.5996658576):0.8829300634;
35|0.939775389784481|0.385910136541352|0.577867799438536|((((((t5:0.4767800529,(t30:0.01716552488,t12:0.01716552488):0.459614528):0.9009191281,((t35:0.2106108294,t31:0.2106108294):0.7190473995,(t26:0.6854827096,(t23:0.3153996937,(t11:0.3070433621,t20:0.3070433621):0.008356331625):0.370083016):0.2441755193):0.448040952):0.09707525528,((t22:0.2881365274,(t33:0.2509297492,t6:0.2509297492):0.03720677822):0.3045796718,t18:0.5927161992):0.882058237):0.1854006465,((t7:1.420763441,((t8:0.3587564018,t10:0.3587564018):0.2782215286,(t28:0.4998820599,t32:0.4998820599):0.1370958705):0.7837855109):0.1467303263,((t27:0.6466732586,t25:0.6466732586):0.6344961875,t13:1.281169446):0.2863243215):0.09268131515):0.02832124393,(t2:0.2834884153,((t4:0.225682271,t14:0.225682271):0.01787613886,t16:0.2435584099):0.0399300054):1.405007911):0.427026291,(((t15:0.8278379831,t21:0.8278379831):0.8060202499,((t29:1.095685107,(t17:0.8295435979,(t19:0.4358359014,(t1:0.2359356692,t3:0.2359356692):0.1999002323):0.3937076964):0.2661415089):0.03458765774,(t24:0.3271526195,t9:0.3271526195):0.803120145):0.5035854685):0.1602862035,t34:1.794144437):0.3213781812):1.352814817;
36|0.217879600946326|0.036356335177552|0.597583972848952|(((((((t10:3.155512185,((t20:0.7773965018,t1:0.7773965018):1.735678498,t3:2.513075):0.6424371859):0.2126642688,((t12:0.03347366489,t11:0.03347366489):2.222433449,t2:2.255907114):1.11226934):2.401483143,(t30:3.251234024,t13:3.251234024):2.518425573):2.051315624,(t24:7.701417368,(t25:2.383975436,t26:2.383975436):5.317441932):0.1195578533):0.1712340521,(((t15:0.4361332693,(t27:0.09869847961,t16:0.09869847961):0.3374347896):2.839064314,(t34:2.868279008,((t31:0.5299366072,t19:0.5299366072):0.2427551458,t14:0.772691753):2.095587255):0.4069185746):0.4408280691,(t22:3.544804537,t32:3.544804537):0.1712211154):4.276183621):5.519406518,(((t4:0.9897731393,t17:0.9897731393):5.387113248,(((t33:1.949234354,t18:1.949234354):0.8633114857,t21:2.81254584):0.222175426,t29:3.034721266):3.342165122):6.692943902,(t5:12.31452102,((t35:1.469616913,t6:1.469616913):2.11067493,t23:3.580291843):8.734229177):0.7553092698):0.4417855016):0.678858928,((t28:0.610520725,t36:0.610520725):13.1172557,((t7:3.730385292,t9:3.730385292):0.8593984482,t8:4.58978374):9.137992689):0.4626982903):7.498478194;
10|3.45449586445931|0.458960580262356|0.95992684958037|((t5:0.6601355023,((t4:0.08374901166,(t1:0.05914830223,t8:0.05914830223):0.02460070943):0.3045059794,(t9:0.02622647876,(t7:0.01372573055,t10:0.01372573055):0.01250074821):0.3620285123):0.2718805112):0.2019632898,((t6:0.2365563972,t2:0.2365563972):0.02079910961,t3:0.2573555068):0.6047432854):0.02327311338;
19|1.9523568118643|0.46923408850329|0.622825056081638|((((t5:0.3612076407,(t13:0.2186161702,(t10:0.1172182465,t17:0.1172182465):0.1013979237):0.1425914704):0.152640057,(t12:0.1513333535,t9:0.1513333535):0.3625143442):0.9701547598,((t18:0.5845082478,((t4:0.3028261418,t1:0.3028261418):0.03190344673,t14:0.3347295885):0.2497786593):0.09027720852,((((t8:0.1251264546,t6:0.1251264546):0.1061364982,t2:0.2312629528):0.1900091954,t3:0.4212721482):0.1586157004,t15:0.5798878486):0.09489760775):0.8092170011):0.2251605672,(t11:0.6601213709,(t19:0.4710273295,(t16:0.1003975727,t7:0.1003975727):0.3706297568):0.1890940414):1.049041654):1.288705913;
37|2.66867213027552|0.0230495911231264|0.959037639782764|(((t5:1.011985456,(((((t26:0.1982349255,t34:0.1982349255):0.04916907657,t10:0.2474040021):0.03978388819,((t29:0.1127224556,t33:0.1127224556):0.00804259334,t31:0.1207650489):0.1664228413):0.1411880412,((t11:0.07732690846,(t12:0.02382868293,t3:0.02382868293):0.05349822552):0.1861989714,t4:0.2635258799):0.1648500516):0.2204181195,(((t15:0.329354399,t25:0.329354399):0.004699343862,(t8:0.142719069,t23:0.142719069):0.1913346738):0.2129075715,(t32:0.4552847491,t28:0.4552847491):0.09167656524):0.1018327367):0.3631914053):0.01204361206,t35:1.024029068):0.4531876517,((((((t22:0.002648726823,t7:0.002648726823):0.3755714317,t13:0.3782201585):0.02138201121,t16:0.3996021697):0.04418581545,((t2:0.1212296591,t9:0.1212296591):0.03407765968,t27:0.1553073188):0.2884806664):0.369785538,((t18:0.06793234803,t21:0.06793234803):0.3316288763,((t19:0.24339239,(t1:0.1344949532,t37:0.1344949532):0.1088974368):0.1434385595,((t30:0.1741764797,t24:0.1741764797):0.1300338781,(t6:0.09684152349,t14:0.09684152349):0.2073688343):0.08262059174):0.01273027481):0.4140122988):0.04389440547,(t20:0.5107257147,(t17:0.02595100423,t36:0.02595100423):0.4847747105):0.3467422139):0.6197487915):0.6281705674;
42|2.5627216485166|0.113365742880851|0.760222397278994|((((t34:0.02803810567,t8:0.02803810567):0.3872301417,t38:0.4152682474):0.1432033286,((t21:0.3777744994,t9:0.3777744994):0.1619045522,(((t14:0.02383465745,t5:0.02383465745):0.2470330602,(t15:0.2182247117,t31:0.2182247117):0.05264300591):0.03821691158,t4:0.3090846292):0.2305944224):0.01879252441):0.6197840231,(((t18:0.1360095022,t27:0.1360095022):0.897202393,(((t20:0.3449780183,t3:0.3449780183):0.01285742949,t33:0.3578354478):0.1346877282,(t23:0.3696838613,t10:0.3696838613):0.1228393148):0.5406887191):0.1240253511,(((t1:0.08791142644,t22:0.08791142644):0.4596670623,(t19:0.1624591705,(t35:0.05716219334,t30:0.05716219334):0.1052969772):0.3851193182):0.3241000132,(((t7:0.06869856497,(t41:0.06401201166,t32:0.06401201166):0.004686553306):0.4652645491,((t16:0.2027816881,(t40:0.1965290023,t42:0.1965290023):0.006252685746):0.2453465276,t12:0.4481282157):0.08583489839):0.2709758911,((((t26:0.2889327325,(t25:0.1696123277,t36:0.1696123277):0.1193204048):0.09669943502,(t39:0.3033608293,((t13:0.03151853454,t11:0.03151853454):0.03460406904,t37:0.06612260358):0.2372382257):0.0822713383):0.2216996567,(t6:0.07229560891,t28:0.07229560891):0.5350362153):0.117913638,(t2:0.5720498543,(t29:0.10305552,(t17:0.09250422562,t24:0.09250422562):0.01055129435):0.4689943344):0.1531956079):0.0796935429):0.06673949683):0.2855587443):0.02101835276):0.2265617414;
45|0.311953834844753|0.302930116087664|0.640281803091057|(((((((t45:4.308766792,(t13:3.365338797,((t8:1.177103212,t17:1.177103212):1.581580366,(t12:2.493805414,t24:2.493805414):0.2648781635):0.6066552195):0.9434279956):1.301744216,(t22:0.3800921369,t10:0.3800921369):5.230418871):0.1957909465,t33:5.806301955):1.638210401,((t5:2.315679237,t40:2.315679237):3.379472149,((((t3:0.383008968,t14:0.383008968):1.014806355,(t9:0.8472576135,(t15:0.403938217,t39:0.403938217):0.4433193965):0.5505577091):0.06532118135,t23:1.463136504):2.051187061,t2:3.514323565):2.180827821):1.749360969):1.927432437,(((t35:1.338416122,(t4:0.4749512167,t25:0.4749512167):0.8634649054):3.769498294,(t34:3.490827208,(t7:2.296475109,t36:2.296475109):1.194352099):1.617087208):3.011561967,(((t30:0.9681606507,t38:0.9681606507):3.51127271,(t1:0.6535491994,t20:0.6535491994):3.825884161):1.457205199,(t26:0.8040084097,t32:0.8040084097):5.13263015):2.182837824):1.252468409):0.009533132249,((t43:0.1666341467,t44:0.1666341467):7.760434098,t16:7.927068245):1.454409679):1.709549973,(((t19:1.104870496,t37:1.104870496):0.4417872133,t42:1.54665771):6.681715471,(t41:6.033164529,((t27:4.729427913,(((t29:0.2562810703,t6:0.2562810703):1.731061698,t31:1.987342769):2.586602951,t18:4.57394572):0.1554821928):0.1945913928,(t28:1.600671353,(t11:0.4847465538,t21:0.4847465538):1.115924799):3.323347952):1.109145224):2.195208651):2.862654717):1.225758215;
36|3.23411724576494|0.478384592046496|0.980271704378538|((((((t22:0.1476661923,((t24:0.1098277882,((t1:0.0109275264,t28:0.0109275264):0.07885021196,(t34:0.04452269229,t35:0.04452269229):0.04525504606):0.02005004987):0.009806430918,(t30:0.1052428551,(t27:0.05996979248,t20:0.05996979248):0.04527306258):0.01439136409):0.0280319732):0.02103186099,(t31:0.1650688976,(t10:0.1543572326,t3:0.1543572326):0.01071166501):0.003629155708):0.007454594633,t13:0.176152648):0.5927832328,(t25:0.03518008828,t6:0.03518008828):0.7337557925):0.1352847088,(t2:0.1126387666,(t17:0.02281311704,t29:0.02281311704):0.0898256496):0.7915818229):0.2675092259,(((t5:0.01658000338,(t19:0.006002658508,t32:0.006002658508):0.01057734488):0.1959129027,((t4:0.1314250452,t11:0.1314250452):0.03735134222,t36:0.1687763875):0.04371651868):0.291853658,(((((t18:0.04827606561,t16:0.04827606561):0.05201919121,t12:0.1002952568):0.004031002735,((t9:0.004171453042,t33:0.004171453042):0.07317796244,t21:0.07734941548):0.02697684408):0.09857840877,(t15:0.1650158834,t23:0.1650158834):0.03788878493):0.1486622013,(t7:0.1152906998,(t26:0.07819577533,(t14:0.01710815795,t8:0.01710815795):0.06108761738):0.0370949245):0.2362761698):0.1527796945):0.6673832514):0.3243709821;
33|0.710215838453732|0.16464889083989|0.776902730343863|((((t27:0.9375547263,t9:0.9375547263):3.329720111,((((t31:0.6178425324,((t4:0.1667220402,t26:0.1667220402):0.1157864645,t30:0.2825085047):0.3353340277):0.1126239384,(t29:0.07599053452,t3:0.07599053452):0.6544759362):0.7580249126,((t17:0.6234876017,t19:0.6234876017):0.6580675518,(t5:1.237925711,t22:1.237925711):0.04362944216):0.2069362299):1.077455718,t32:2.565947101):1.701327736):0.02563681399,((((t10:1.361538565,((t1:0.02129597427,t12:0.02129597427):0.3797541503,t20:0.4010501246):0.9604884401):0.13203956,(t33:1.32360031,t11:1.32360031):0.1699778144):0.378516073,(t23:0.1586116589,(t8:0.05829644641,t6:0.05829644641):0.1003152125):1.713482539):1.077542191,t15:2.949636389):1.343275263):0.2370652507,((((t16:0.2889946979,t21:0.2889946979):0.9942459463,t2:1.283240644):1.357809243,((t7:0.6414196005,(t18:0.3066552347,t14:0.3066552347):0.3347643658):0.4741387171,(t24:0.3290954449,t25:0.3290954449):0.7864628727):1.52549157):0.7853783293,(t28:0.03334688726,t13:0.03334688726):3.39308133):1.103548685):1.22792875;
21|0.686634210790508|0.146586929592304|0.57977557182312|((((t1:0.1223473579,t21:0.1223473579):2.052521907,((((t2:0.6058106779,t6:0.6058106779):1.197013474,t10:1.802824152):0.2036631162,((t3:0.8387749323,t18:0.8387749323):1.142602743,(t8:1.194879494,t7:1.194879494):0.7864981809):0.02510959332):0.1557064469,t17:2.162193715):0.01267554947):1.66223721,t4:3.837106475):0.8172537606,(((((t11:1.957798565,(t20:0.6159924695,t15:0.6159924695):1.341806096):0.4836674054,t9:2.441465971):0.3376699157,t5:2.779135886):0.5136101857,(t12:2.445432318,t14:2.445432318):0.8473137541):0.02809581675,(t16:2.86743944,(t13:0.07289429893,t19:0.07289429893):2.794545141):0.4534024491):1.333518347):1.849126864;
42|1.83499262198806|0.154520474357996|0.686383305932395|((((t11:0.4000867516,t37:0.4000867516):0.2925787065,(t23:0.08964682884,t2:0.08964682884):0.6030186293):0.9074742895,((t4:0.729374739,((t31:0.4137391817,(t10:0.3917413982,t34:0.3917413982):0.0219977835):0.09694868747,t9:0.5106878692):0.2186868698):0.08652937843,(t6:0.1703687041,t41:0.1703687041):0.6455354133):0.7842356301):0.3279060604,(((t32:0.5228934078,(t13:0.3069672358,t15:0.3069672358):0.215926172):0.4023281411,t14:0.925221549):0.3575726721,((((t17:0.0552711786,t36:0.0552711786):0.1651142456,t5:0.2203854242):0.6305768496,t40:0.8509622739):0.2497708018,((((t7:0.1999749701,(t12:0.06404051018,t16:0.06404051018):0.13593446):0.5238344444,((((t24:0.09661853727,t38:0.09661853727):0.0009188065966,t18:0.09753734386):0.2534622199,(t26:0.1268270706,t33:0.1268270706):0.2241724931):0.04057506222,(t29:0.3423075592,(t20:0.06395830336,t27:0.06395830336):0.2783492558):0.04926706677):0.3322347886):0.1806570048,((t21:0.4859841881,((t28:0.250496066,t42:0.250496066):0.02851648463,t19:0.2790125506):0.2069716375):0.3897178438,(t39:0.5700390468,((t8:0.214917627,t3:0.214917627):0.2146259788,(t22:0.2287738061,t30:0.2287738061):0.2007697997):0.140495441):0.3056629851):0.02876438739):0.06561026623,(t1:0.5134711493,(t35:0.367561588,t25:0.367561588):0.1459095613):0.4566055363):0.1306563901):0.1820611454):0.6452515868):1.026599715;
46|1.3080250249384|0.395521770559717|0.99264923366718|(((t1:0.4394553186,t34:0.4394553186):0.393479765,t38:0.8329350835):1.89776919,((t43:1.87415601,(((t37:0.8238522394,t33:0.8238522394):0.1986525957,((((t14:0.04158821516,t20:0.04158821516):0.3465507724,t17:0.3881389875):0.2123629167,t45:0.6005019042):0.365557186,(t29:0.8220045331,(t2:0.7716625081,((t32:0.1517693792,t35:0.1517693792):0.423628411,(t22:0.1347675911,t31:0.1347675911):0.4406301992):0.1962647178):0.05034202505):0.1440545571):0.05644574488):0.2119023593,((((t26:0.1300872812,t23:0.1300872812):0.7745228565,(t16:0.4361449509,t5:0.4361449509):0.4684651869):0.07754049052,t18:0.9821506283):0.1034847363,t10:1.085635365):0.1487718299):0.6397488153):0.1864213234,((((t3:0.008993929271,t39:0.008993929271):0.655666256,((t28:0.2610322473,t4:0.2610322473):0.05504562158,t6:0.3160778689):0.3485823164):0.4626817062,(t27:0.7856051614,(t24:0.6944117685,(t30:0.5026613359,t19:0.5026613359):0.1917504326):0.09119339288):0.3417367301):0.5351717695,((((t25:0.03167582926,t36:0.03167582926):0.6036509911,(t40:0.5790489046,(t41:0.345996847,t12:0.345996847):0.2330520576):0.05627791579):0.1978166362,t7:0.8331434566):0.7990766852,(((t13:0.1872494751,t11:0.1872494751):0.3563099631,t44:0.5435594382):0.02372478662,(((((t21:0.01240283022,t46:0.01240283022):0.09847086692,t42:0.1108736971):0.02193257153,t8:0.1328062687):0.09269131091,t15:0.2254975796):0.1674289858,t9:0.3929265653):0.1743576595):1.064935917):0.03029351928):0.3980636721):0.6701269403):1.033226153;
18|3.70724866810953|0.235130245683249|0.585695111658424|((((((((t18:0.1100912998,t5:0.1100912998):0.2314088878,t6:0.3415001877):0.1554094216,((t4:0.05926190607,t8:0.05926190607):0.223034924,t9:0.2822968301):0.2146127791):0.04027221437,(t14:0.4242885218,(t10:0.2404895533,(t2:0.08829784279,t3:0.08829784279):0.1521917105):0.1837989685):0.1128933018):0.02022341577,t11:0.5574052394):0.02655602147,t1:0.5839612608):0.02765655828,t13:0.6116178191):0.2075023752,(((t7:0.06771322914,t16:0.06771322914):0.2260937574,(t17:0.1791154115,t15:0.1791154115):0.1146915751):0.2192702701,t12:0.5130772567):0.3060429377):0.1778304758;
28|2.38758983314503|0.0426517475000583|0.65252191957552|((((t17:0.2150911818,((t14:0.1007154432,t27:0.1007154432):0.09048754555,t6:0.1912029888):0.02388819308):0.5009603872,(t13:0.5720953916,(t26:0.5452997992,(((t10:0.04873066439,t11:0.04873066439):0.2096968704,t20:0.2584275348):0.2153724016,(t25:0.3703233093,t19:0.3703233093):0.1034766271):0.07149986274):0.02679559245):0.1439561774):0.140291837,((((t5:0.5264546599,(t23:0.06497435296,t22:0.06497435296):0.4614803069):0.08585715734,(t8:0.3892346886,t15:0.3892346886):0.2230771286):0.036302327,(t16:0.07634995381,(t2:0.07483010091,t21:0.07483010091):0.001519852898):0.5722641904):0.06289781318,t7:0.7115119574):0.1448314487):0.2487572859,((((t28:0.1449264768,t18:0.1449264768):0.003129261656,t3:0.1480557384):0.01985473221,(t9:0.09321471883,t24:0.09321471883):0.07469575179):0.5448580932,(t12:0.4018112362,(t4:0.2520590163,t1:0.2520590163):0.1497522199):0.3109573277):0.3923321282):0.4083567166;
36|2.33476329591358|0.471288094357587|0.99176193960011|((((((t31:0.1722056162,t4:0.1722056162):0.02273536376,t8:0.19494098):0.0985675192,((t9:0.0646882515,(t6:0.01258716488,t18:0.01258716488):0.05210108661):0.03132610052,t14:0.09601435201):0.1974941472):0.6160522184,((t20:0.03509122681,t25:0.03509122681):0.575728619,((t28:0.1215661182,(t19:0.07193883791,(t3:0.03848546144,t21:0.03848546144):0.03345337647):0.04962728033):0.1072686982,((t34:0.007981726116,t10:0.007981726116):0.1826003463,t7:0.1905820724):0.03825274409):0.3819850293):0.2987408718):0.5015748525,(t16:0.05087084827,t36:0.05087084827):1.360264722):0.1441798014,((((((t27:0.2721610721,(t33:0.1583167445,t26:0.1583167445):0.1138443276):0.001321528046,t1:0.2734826001):0.05578227932,(t11:0.1301818303,(t22:0.09658966007,t12:0.09658966007):0.03359217019):0.1990830492):0.2657371555,t15:0.595002035):0.4675143947,((t30:0.1020275692,t32:0.1020275692):0.06672595645,t29:0.1687535257):0.893762904):0.1826497497,((((t35:0.08245058626,t24:0.08245058626):0.1825239375,t17:0.2649745238):0.1555160179,t13:0.4204905417):0.3505251866,(t5:0.05592557808,(t23:0.03191009445,t2:0.03191009445):0.02401548364):0.7150901502):0.4741504511):0.3101491922):0.01776162729;
18|2.05827653183602|0.0171948039601557|0.938247997662984|(((t15:0.3341792118,(t16:0.3178479883,(t1:0.2148406944,(t5:0.1971922034,(t6:0.1549003451,(t11:0.03739923723,t10:0.03739923723):0.1175011079):0.04229185825):0.01764849104):0.1030072938):0.0163312235):0.04368006656,t8:0.3778592783):0.3361983699,(((((t14:0.1391410945,t18:0.1391410945):0.1544176821,t2:0.2935587766):0.1639987304,(t17:0.169441258,(t9:0.003014693916,t12:0.003014693916):0.1664265641):0.2881162489):0.01445628126,t4:0.4720137882):0.06746857832,(t7:0.3544728197,(t3:0.07083173373,t13:0.07083173373):0.2836410859):0.1850095468):0.1745752818):0.1320896588;
13|1.50754743525293|0.0805056033539586|0.776070544496179|((t1:0.8455251345,((t9:0.5658143155,t7:0.5658143155):0.09777812812,((t5:0.08678100695,t10:0.08678100695):0.07927692773,t12:0.1660579347):0.4975345089):0.1819326909):0.2921263188,(t3:0.7598628757,(t6:0.7029865988,((t2:0.233037663,t13:0.233037663):0.2837802078,((t8:0.1458921763,t4:0.1458921763):0.08549565676,t11:0.231387833):0.2854300378):0.1861687279):0.0568762769):0.3777885777):0.2011915553;
28|1.23273586801253|0.197806396575179|0.973966543097049|(((t23:0.06163648802,t19:0.06163648802):0.7136122799,t17:0.775248768):1.044151245,(((t13:0.1964524423,t28:0.1964524423):0.3011353327,t7:0.4975877749):0.6480883356,((((t3:0.200384603,t22:0.200384603):0.1823097164,(t27:0.3480808101,(t16:0.2381555887,t11:0.2381555887):0.1099252214):0.03461350928):0.7148070554,(t12:0.740496231,((t1:0.518325782,(t14:0.1725649105,(((t6:0.1056482038,t8:0.1056482038):0.003597469347,t2:0.1092456731):0.04036441025,t4:0.1496100834):0.02295482718):0.3457608715):0.154834713,t9:0.673160495):0.067335736):0.3570051438):0.04557192679,((t15:0.5313559921,t18:0.5313559921):0.5323609809,((t10:0.6896776967,(t26:0.1889710681,t25:0.1889710681):0.5007066286):0.1737570433,(t21:0.4238616124,((t24:0.09768501648,t5:0.09768501648):0.1865091853,t20:0.2841942018):0.1396674106):0.4395731276):0.2002822331):0.07935632853):0.002602808895):0.6737239024):0.9407016378;
44|0.795496226544492|0.342160967192613|0.580274557694793|((((((t21:0.785064253,(t35:0.166995266,t5:0.166995266):0.618068987):1.004261668,((t34:0.559130571,t28:0.559130571):0.8025705673,(t4:1.344619237,t6:1.344619237):0.01708190172):0.4276247829):0.4690732439,((t15:0.150708673,t25:0.150708673):0.3094975234,t24:0.4602061964):1.798192969):0.3355965941,(t9:1.669665249,((t17:0.02015849885,t3:0.02015849885):0.08373246951,t43:0.1038909684):1.56577428):0.9243305102):1.03991285,(t16:1.207465355,(((t44:0.3165732579,(t14:0.2374438959,t37:0.2374438959):0.07912936204):0.347475526,(t36:0.5946821234,t23:0.5946821234):0.06936666049):0.2701701901,(t10:0.8250569765,(t27:0.3652165514,(t40:0.2650704634,t11:0.2650704634):0.100146088):0.4598404251):0.1091619975):0.2732463811):2.426443254):1.499465662,((((t33:0.5587268572,(t38:0.4137278225,(t22:0.2361034465,t7:0.2361034465):0.1776243759):0.1449990347):0.2151109634,t42:0.7738378206):1.127380509,((((t20:0.6519967467,(t8:0.2951642659,t32:0.2951642659):0.3568324808):0.224796122,t31:0.8767928687):0.02881397398,t1:0.9056068427):0.9661004571,(t26:1.083471421,t41:1.083471421):0.788235879):0.02951102972):0.2246621559,(((((t30:1.014390106,(t19:0.8268524945,(t12:0.441309175,t2:0.441309175):0.3855433195):0.1875376111):0.1942079885,t29:1.208598094):0.1908622619,t18:1.399460356):0.1790562533,t39:1.578516609):0.3183054851,t13:1.896822094):0.2290583911):3.007493786):0.295643002;
17|1.38465372471139|0.290446761297062|0.512530848267488|(((t17:0.2343850882,(t16:0.1566045676,t6:0.1566045676):0.07778052059):0.2079090514,(t12:0.06869255332,t11:0.06869255332):0.3736015863):1.371110467,(((t4:0.3192505763,(t9:0.2576236078,t1:0.2576236078):0.0616269685):0.9897118888,((t8:0.4199139207,t14:0.4199139207):0.1307886282,t2:0.550702549):0.7582599162):0.3533757921,(t15:1.08625326,(t10:0.5582807148,(t13:0.4354798918,(t5:0.2553998852,(t7:0.01294193231,t3:0.01294193231):0.2424579529):0.1800800066):0.122800823):0.5279725449):0.5760849975):0.1510663499):1.70802816;
18|2.28176242083078|0.179124552428257|0.563184026977979|((((t6:0.2563040217,t17:0.2563040217):0.1001329169,(t12:0.1968479532,(t4:0.1123714293,t14:0.1123714293):0.08447652395):0.1595889854):0.3638402236,(t10:0.6096600094,(((t13:0.1797437603,t1:0.1797437603):0.047611099,(t3:0.08970204617,t7:0.08970204617):0.1376528131):0.100530176,t9:0.3278850352):0.2817749742):0.1106171529):0.6487867019,(((t16:0.1154198215,t8:0.1154198215):0.3499574856,((t11:0.07823869751,t15:0.07823869751):0.1497151886,t2:0.2279538862):0.237423421):0.02652525832,(t18:0.3345751943,t5:0.3345751943):0.1573273711):0.8771612986):1.03335736;
48|3.22919319618493|0.372209402106237|0.660736886202358|(((((t29:0.1746064739,t17:0.1746064739):0.03094666666,((t22:0.03199646062,t13:0.03199646062):0.1592641176,t2:0.1912605782):0.01429256229):0.4376718814,((((((t28:0.1880232569,(t12:0.1144120659,t43:0.1144120659):0.07361119095):0.07457639811,t21:0.262599655):0.007976151976,t14:0.270575807):0.3159859442,((t16:0.2755438858,(t41:0.04758103508,t15:0.04758103508):0.2279628507):0.007259491734,(t35:0.1024415891,t10:0.1024415891):0.1803617885):0.3037583736):0.001488423718,(t31:0.4010765846,(t33:0.09800235276,t26:0.09800235276):0.3030742319):0.1869735902):0.03152204494,((t45:0.08726624274,t47:0.08726624274):0.1945549032,((t5:0.2322555475,t34:0.2322555475):0.0125899644,(t48:0.2434154909,t40:0.2434154909):0.001430021036):0.03697563407):0.3377510738):0.02365280219):0.05963372599,t27:0.702858748):0.1467448673,((((t24:0.5037419822,(t20:0.0961377022,(t36:0.009987736659,t37:0.009987736659):0.08614996554):0.40760428):0.2408308077,(t18:0.5471927706,((((((t4:0.006646114073,t44:0.006646114073):0.0905686373,t42:0.09721475137):0.01581608112,t38:0.1130308325):0.02491228479,t9:0.1379431173):0.3202620099,((t23:0.1597626593,t7:0.1597626593):0.2528625096,(t46:0.2967452143,t3:0.2967452143):0.1158799547):0.04557995827):0.06064730133,t6:0.5188524286):0.02834034205):0.1973800194):0.02439742702,((t39:0.2264769819,(t19:0.09140170959,(t1:0.02063000232,t8:0.02063000232):0.07077170727):0.1350752723):0.301893002,((t11:0.3700816354,t25:0.3700816354):0.02227310184,t32:0.3923547373):0.1360152466):0.2406002331):0.03530302034,t30:0.8042732373):0.04533037795):0.08107308726;
37|3.12366587317316|0.339009912805632|0.689344754675403|(((t5:0.4198089089,(t28:0.2974286711,t31:0.2974286711):0.1223802378):0.08779968245,t23:0.5076085913):0.5733187907,(((((((t11:0.2023234946,t27:0.2023234946):0.1701092035,t21:0.3724326981):0.100755034,t7:0.4731877321):0.01199281367,(t1:0.2902668692,(((t37:0.1412310181,t33:0.1412310181):0.05030958185,t26:0.1915405999):0.05317435495,(t20:0.06291395602,t15:0.06291395602):0.1818009989):0.04555191426):0.1949136767):0.1469929986,((t22:0.2014848901,t30:0.2014848901):0.2323689561,((t25:0.2933080609,t35:0.2933080609):0.1321261101,(t13:0.04753112166,(t19:0.03409355134,t24:0.03409355134):0.01343757033):0.3779030493):0.008419675236):0.1983196982):0.1291962374,(t36:0.5321680163,t3:0.5321680163):0.2292017654):0.2349957827,((t6:0.4180707636,(t8:0.3399142912,t18:0.3399142912):0.07815647234):0.5591529772,((((t12:0.1138827711,t32:0.1138827711):0.06546087347,t34:0.1793436446):0.03742918333,(t14:0.192606296,t10:0.192606296):0.02416653185):0.3350184044,(t17:0.3221109416,(((t4:0.009047372001,t16:0.009047372001):0.07977621212,t29:0.08882358412):0.06566185626,(t2:0.03125178396,t9:0.03125178396):0.1232336564):0.1676255012):0.2296802907):0.4254325085):0.0191418237):0.08456181759):0.1952264213;
32|2.16894535225816|0.275213698146399|0.669380488572642|(((t28:0.1697179656,t7:0.1697179656):0.9385941272,((t25:0.5289283844,t13:0.5289283844):0.06269182638,(t30:0.1817540685,t5:0.1817540685):0.4098661423):0.5166918821):0.5421133056,((t23:0.5178018534,((t6:0.03702175647,t17:0.03702175647):0.3821100295,(((t1:0.2670896507,t19:0.2670896507):0.03580184178,((t4:0.1602062354,t14:0.1602062354):0.08163446425,t3:0.2418406997):0.06105079277):0.02695537418,((t15:0.03850961002,t29:0.03850961002):0.1382562987,t22:0.1767659087):0.153080958):0.08928491938):0.0986700674):0.7305065123,((t11:0.4920735873,t12:0.4920735873):0.6773429965,(t21:0.7805944395,((t32:0.2688235151,t8:0.2688235151):0.447918466,((t16:0.5727575024,((t18:0.05277939589,t9:0.05277939589):0.04626015428,t24:0.09903955017):0.4737179523):0.0002045715251,((((t31:0.2282546312,(t26:0.1404917786,t10:0.1404917786):0.08776285266):0.1190627957,t20:0.3473174269):0.01728893379,t2:0.3646063607):0.1158326947,t27:0.4804390554):0.09252301859):0.1437799072):0.06385245832):0.3888221442):0.07889178197):0.4021170327):2.701676331;
17|1.29372737116879|0.377229097301606|0.56654776702635|((((((t6:0.4998065278,t11:0.4998065278):0.5435666747,t14:1.043373203):0.05012159893,((t7:0.1411184378,t5:0.1411184378):0.7619872606,(t17:0.179784284,(t9:0.05625272796,((t2:0.0009593223489,t15:0.0009593223489):0.0393655858,t8:0.04032490815):0.0159278198):0.123531556):0.7233214145):0.190389103):0.6211383923,(t10:0.1479092499,(t16:0.0231564024,t3:0.0231564024):0.1247528475):1.566723944):0.139718663,(t1:1.224972044,(t13:0.1724764279,t12:0.1724764279):1.052495616):0.6293798133):0.102045245,t4:1.956397102):0.7058468979;
18|2.90793696369044|0.348050606683828|0.712689936743118|(((t12:0.2950577553,t3:0.2950577553):0.04802465329,((t10:0.2734320007,t17:0.2734320007):0.04051886497,((t6:0.07234125517,t15:0.07234125517):0.2301121636,t9:0.3024534187):0.01149744691):0.02913154292):0.3995202607,(((t8:0.1082364171,(t1:0.07705192747,t5:0.07705192747):0.03118448959):0.2843202902,(((t2:0.02401457503,(t14:0.0103685636,t4:0.0103685636):0.01364601143):0.169053004,t16:0.193067579):0.05641142957,t13:0.2494790086):0.1430776987):0.09483969416,(t18:0.1901151707,(t11:0.1634384896,t7:0.1634384896):0.02667668109):0.2972812307):0.2552062678):0.616813637;
10|3.05310609879438|0.422649621688761|0.571642759023234|((((t4:0.1085292994,((t8:0.01616985571,t10:0.01616985571):0.06524797817,t9:0.08141783389):0.02711146554):0.05280644103,(t2:0.05737581265,t5:0.05737581265):0.1039599278):0.2934678763,t1:0.4548036168):0.01744007566,(t6:0.2651148642,(t7:0.1190402452,t3:0.1190402452):0.1460746191):0.2071288282):0.2519623138;
20|2.63479392125038|0.0120887208217755|0.59696903207805|(((t16:0.4268121301,t1:0.4268121301):0.1509109751,t4:0.5777231052):0.06198625219,((((t11:0.1436973036,t19:0.1436973036):0.09999780751,(t17:0.1241604119,t13:0.1241604119):0.1195346992):0.3433552128,(t12:0.534136622,t15:0.534136622):0.05291370189):0.004079301769,(t2:0.5810690271,(((((((t14:0.1419042878,t5:0.1419042878):0.1102032514,t18:0.2521075392):0.06379186308,t7:0.3158994023):0.06144947813,t3:0.3773488804):0.03203485712,t9:0.4093837375):0.09626245663,t10:0.5056461942):9.792487374e-06,((t20:0.1407912367,t8:0.1407912367):0.2099549699,t6:0.3507462066):0.15490978):0.07541304047):0.01006059858):0.04857973173):1.164920084;
30|3.9023145154817|0.292543670486193|0.548874420346692|(((((t2:0.01144490914,t3:0.01144490914):0.1558583338,t16:0.1673032429):0.1016277851,(t5:0.2181666646,(t23:0.05679452677,t7:0.05679452677):0.1613721379):0.05076436334):0.3095777532,((t18:0.09335371505,t12:0.09335371505):0.05648133767,((t11:0.06523246568,t17:0.06523246568):0.04333281409,t4:0.1085652798):0.04126977296):0.4286737284):0.1402843583,(((t28:0.3813874436,(t1:0.2616734358,(t21:0.07576018745,t15:0.07576018745):0.1859132483):0.1197140078):0.116310954,(t22:0.3155825435,(((t29:0.1081019864,t13:0.1081019864):0.07148436405,(t8:0.01876369814,t14:0.01876369814):0.1608226523):0.1003804188,t19:0.2799667693):0.03561577421):0.182115854):0.08813132677,(((t24:0.01933309299,t9:0.01933309299):0.09479711831,t20:0.1141302113):0.1705289012,((t27:0.09104280475,t30:0.09104280475):0.02111199038,(((t6:0.01746136244,t10:0.01746136244):0.03136426988,t25:0.04882563232):0.058484042,t26:0.1073096743):0.004845120805):0.1725043174):0.3011706118):0.1329634151):0.4269413184;
32|3.3845503178658|0.385220497646369|0.733988887164742|((((t10:0.04043756945,t23:0.04043756945):0.3559345591,(((t7:0.1222518227,t27:0.1222518227):0.1784771575,t24:0.3007289802):0.07003141556,t25:0.3707603957):0.02561173284):0.3181722552,((t4:0.2339044496,t26:0.2339044496):0.3508608969,(t3:0.1961541057,t12:0.1961541057):0.3886112408):0.1297790373):0.2463685916,(((t15:0.2021958979,(t21:0.124552698,(t1:0.1211269487,(t32:0.07974179562,(t2:0.05476278723,t9:0.05476278723):0.02497900839):0.04138515306):0.003425749354):0.0776431999):0.1302734887,((t16:0.133706737,t11:0.133706737):0.008571153983,t13:0.142277891):0.1901914956):0.4432014529,(((t28:0.1098880928,t14:0.1098880928):0.2614268341,((t19:0.2661554676,((t29:0.03317233953,t18:0.03317233953):0.02211989756,((t6:0.02175747244,t30:0.02175747244):0.02074023481,(t17:0.03879203017,(t20:0.0125209627,t8:0.0125209627):0.02627106747):0.003705677076):0.01279452984):0.2108632305):0.09812405801,t22:0.3642795256):0.007035401332):0.3597896287,(t5:0.1574105708,t31:0.1574105708):0.5736939848):0.04456628395):0.1852421358):0.1347593088;
12|2.8654741248698|0.381311722823884|0.651119892834686|(((t12:0.05363932472,t8:0.05363932472):0.5036786267,(t1:0.003274002533,t9:0.003274002533):0.5540439489):0.206978518,(t10:0.6247715946,(t5:0.5388581822,((t3:0.06188841471,t2:0.06188841471):0.08945808425,((t7:0.02893366238,t6:0.02893366238):0.02068927868,(t11:0.03492256247,t4:0.03492256247):0.01470037859):0.1017235579):0.3875116832):0.0859134124):0.1395248749):0.0174754605;
27|0.355660640653223|0.202447468454484|0.679613631102256|((((t18:3.59355683,((t20:0.6353403465,t27:0.6353403465):2.696672207,t1:3.332012553):0.2615442774):5.936978593,((t2:0.3638784,t21:0.3638784):1.172854651,(((t4:0.1447147551,t14:0.1447147551):0.02504868423,t12:0.1697634394):0.9849767368,t6:1.154740176):0.3819928748):7.993802372):0.556313511,(t25:6.985289024,((t24:0.01555422937,t16:0.01555422937):1.771920367,t22:1.787474596):5.197814428):3.10155991):0.08172289009,(((((t7:1.958698781,(t11:1.312972063,t10:1.312972063):0.6457267183):2.668710295,(t5:3.830110681,(t26:0.6689194798,t9:0.6689194798):3.161191201):0.7972983954):0.2738064194,((t17:1.113228296,t23:1.113228296):2.402331879,(t3:0.5522575929,t15:0.5522575929):2.963302582):1.38565532):1.961221288,t13:6.862436783):0.8089514448,(t19:1.16477404,t8:1.16477404):6.506614188):2.497183597):8.039727438;
29|3.95482720314758|0.0984151027072221|0.683171806158498|((((((t22:0.5482555471,((t24:0.009972532675,t17:0.009972532675):0.05041547856,t12:0.06038801123):0.4878675358):0.09147304851,((t4:0.4593580842,(t27:0.2039409377,t16:0.2039409377):0.2554171465):0.1797987911,t26:0.6391568753):0.0005717202686):0.08573108885,(t14:0.09823718044,t6:0.09823718044):0.627222504):0.08773367137,((t25:0.3115917888,t1:0.3115917888):0.001975900292,(((t21:0.08405769317,t28:0.08405769317):0.1372286362,(t7:0.04480746692,t3:0.04480746692):0.1764788624):0.0388120833,(((t8:0.1004207609,t15:0.1004207609):0.05113584256,t11:0.1515566035):0.09398146896,t23:0.2455380724):0.01456034021):0.05346927642):0.4996256667):0.07399442358,(((t13:0.1268751763,(t29:0.113942524,t9:0.113942524):0.01293265221):0.1406149695,(t2:0.217926839,t20:0.217926839):0.04956330677):0.3857101332,(t10:0.5848539486,t5:0.5848539486):0.06834633034):0.2339875005):0.07309330612,(t18:0.07727378755,t19:0.07727378755):0.883007298):0.3504597989;
21|2.30752158411779|0.333740044864826|0.615363710909151|(((((((t14:0.03538706129,t4:0.03538706129):0.007360040876,t10:0.04274710216):0.003982191248,t19:0.04672929341):0.2535075855,((t13:0.2300610476,t21:0.2300610476):0.05011405577,((t5:0.1126291181,t15:0.1126291181):0.05539208351,t9:0.1680212016):0.1121539017):0.02006177552):0.1078953,t7:0.4081321788):0.02465634122,t3:0.4327885201):0.5063318859,((((t1:0.1915617343,t2:0.1915617343):0.2199820583,(t17:0.05022365046,t11:0.05022365046):0.3613201421):0.07639701033,((t18:0.1077067023,t16:0.1077067023):0.01538725925,t6:0.1230939615):0.3648468414):0.1399711832,((t8:0.1189593726,t20:0.1189593726):0.3424901151,t12:0.4614494877):0.1664624984):0.3112084199):0.119040918;
44|2.05464340340113|0.0454426206229255|0.568574801436625|((((t29:1.223122851,((t40:0.7397715928,((t9:0.4601097544,t1:0.4601097544):0.1583019776,((t28:0.3292235735,((t24:0.07942308336,(t3:0.008573137811,t5:0.008573137811):0.07084994554):0.1196548755,t15:0.1990779588):0.1301456147):0.2654858782,(t23:0.2998454296,(t37:0.2929124869,t42:0.2929124869):0.006932942692):0.2948640221):0.02370228031):0.1213598609):0.1699637545,((t32:0.5827605931,t12:0.5827605931):0.1937871614,(t30:0.2641546664,t31:0.2641546664):0.5123930882):0.1331875928):0.3133875038):0.3225924202,(((t43:0.401063411,(t7:0.3461870706,(t26:0.202131565,(t20:0.1866101812,t22:0.1866101812):0.01552138386):0.1440555055):0.05487634039):0.5577961119,(t6:0.4223082336,(((t21:0.139083441,t16:0.139083441):0.1864312819,t38:0.3255147229):0.09539202172,t11:0.4209067446):0.001401489035):0.5365512892):0.454353892,t17:1.413213415):0.1325018564):0.1403495806,(((t19:0.6717050668,(t18:0.6113491944,(t14:0.1540672336,(t2:0.05231655637,t41:0.05231655637):0.1017506773):0.4572819608):0.06035587235):0.424386563,(t35:0.2302218567,(t36:0.1470939631,t8:0.1470939631):0.0831278935):0.8658697731):0.03607821072,t39:1.132169841):0.5538950114):0.02465587529,((t27:0.3602989194,(t44:0.3068991093,t34:0.3068991093):0.05339981002):0.4631283898,((((t33:0.1743501085,t25:0.1743501085):0.1158310835,t13:0.2901811919):0.1750206095,t10:0.4652018014):0.1264386434,t4:0.5916404448):0.2317868643):0.8872934181):0.6993394956;
22|0.0942353652254678|0.470420113841537|0.50287160766311|(((t4:10.96873474,(t9:4.502900487,t7:4.502900487):6.465834251):1.149176552,(t22:6.641706961,(t20:0.1763175184,t17:0.1763175184):6.465389443):5.476204329):20.29054174,(((t15:10.89893984,(t1:1.951539253,t21:1.951539253):8.947400584):10.71502892,t6:21.61396875):5.260954896,(t3:17.56139661,(((t19:11.39160224,t12:11.39160224):0.6938870863,((t11:1.979244691,t18:1.979244691):2.474105813,(((t16:0.1215296522,t8:0.1215296522):0.9898695442,t10:1.111399196):2.33334548,(t13:2.279234695,t5:2.279234695):1.165509982):1.008605827):7.632138823):4.542474916,(t14:5.219864895,t2:5.219864895):11.40809935):0.9334323629):9.313527046):5.533529381):5.746617463;
15|1.65662114534294|0.0937377868662588|0.645681983674876|(((t10:0.4510481258,(t3:0.2153196415,(t13:0.1281837602,t15:0.1281837602):0.08713588121):0.2357284843):0.3814765398,t4:0.8325246656):0.353987591,((t8:0.5676152025,((t5:0.1382146724,t7:0.1382146724):0.3633802563,t12:0.5015949288):0.06602027375):0.3351048788,((t2:0.4023016871,t1:0.4023016871):0.01863338956,(((t6:0.1650759662,t11:0.1650759662):0.08085366389,t14:0.2459296301):0.1384327483,t9:0.3843623783):0.03657269831):0.4817850046):0.2837921753):1.004421702;
19|2.91125109686051|0.276946172565222|0.549153784173541|((((t15:0.124928034,((t11:0.1207060415,t14:0.1207060415):0.003758237774,t19:0.1244642793):0.0004637547356):0.4029036792,t4:0.5278317132):0.02149864454,t10:0.5493303578):1.088903089,(((t16:0.1861082988,t9:0.1861082988):0.06188514287,(t2:0.07364127515,t18:0.07364127515):0.1743521665):0.3057664464,((t13:0.2768013079,((t8:0.1006374666,(t5:0.03005830485,t6:0.03005830485):0.07057916172):0.1300248469,t17:0.2306623134):0.0461389945):0.1245624331,((t7:0.1999541255,t3:0.1999541255):0.05661633645,(t12:0.1838000838,t1:0.1838000838):0.07277037811):0.1447932791):0.152396147):1.084473559):0.1084000462;
44|3.91507701644208|0.0960749090043828|0.671228511841036|(((((t17:0.6287025361,(((t38:0.2013057445,(t28:0.103043569,t12:0.103043569):0.09826217547):0.1339512065,(t34:0.3296078558,(t4:0.2546986444,t21:0.2546986444):0.07490921142):0.005649095145):0.1638577954,t27:0.4991147464):0.1295877897):0.08631898223,((((t32:0.1877040057,t18:0.1877040057):0.01150288202,t3:0.1992068877):0.2199140508,t35:0.4191209385):0.2634628069,(t43:0.6264132849,(((t16:0.2768888857,t33:0.2768888857):0.0921805441,t14:0.3690694298):0.1949039747,((((((t10:0.07750706287,t29:0.07750706287):0.100196203,t15:0.1777032659):0.03573040809,(t1:0.05585797104,t20:0.05585797104):0.1575757029):0.1392435587,t8:0.3526772326):0.07469974882,(t9:0.1180174308,t13:0.1180174308):0.3093595507):0.1021509412,t40:0.5295279227):0.0344454818):0.0624398804):0.05617046054):0.03243777287):0.1485955034,(((t2:0.1508228406,t6:0.1508228406):0.3324122222,(t37:0.2014774278,(t26:0.09222149854,t7:0.09222149854):0.1092559293):0.2817576349):0.1954348615,(t44:0.3276551506,((t11:0.04693925935,(t30:0.007142966792,t39:0.007142966792):0.03979629255):0.1584530147,((t5:0.09398656957,t24:0.09398656957):0.04312385448,(t42:0.05120132001,t22:0.05120132001):0.08590910403):0.06828184998):0.1222628766):0.3510147736):0.1849470975):0.2250181468,(((t31:0.0005620307876,t23:0.0005620307876):0.1116270037,t36:0.1121890345):0.2945768973,(t19:0.0506379758,t25:0.0506379758):0.3561279559):0.6818692368):0.2666094332,t41:1.355244602):0.4277923682;
23|0.034561949793715|0.161037177043036|0.713917091954499|((((t11:27.15987246,(t19:24.75574728,((t13:15.38409332,(t8:7.404975487,t10:7.404975487):7.97911783):1.046250471,(t1:9.146096227,t9:9.146096227):7.284247561):8.325403493):2.404125177):15.68311237,((t16:29.26175339,(t23:17.13039636,(t7:10.06156713,t14:10.06156713):7.068829236):12.13135703):4.83596927,((t5:9.144995043,(t17:2.72058012,t3:2.72058012):6.424414923):14.36269713,t6:23.50769217):10.59003049):8.74526217):49.05482899,(t2:78.44616258,(t12:38.69652526,(t15:14.81851439,t21:14.81851439):23.87801087):39.74963732):13.45165124):12.71694064,(((t18:4.158327771,t4:4.158327771):7.509185213,t20:11.66751298):1.40258064,t22:13.07009362):91.54466084):1.756400177;
31|1.01743800350931|0.170349109377712|0.721710927784443|(t26:4.075008484,((((t5:0.3818118645,t15:0.3818118645):1.897458953,((t3:0.8631961642,(t27:0.3651018637,(t12:0.3254666734,(t22:0.3080174444,t4:0.3080174444):0.01744922895):0.03963519034):0.4980943005):1.064316544,t16:1.927512708):0.3517581095):0.0800219182,((t31:0.5955567406,(t18:0.06450885016,t20:0.06450885016):0.5310478905):1.206878111,((t24:0.4992099127,t1:0.4992099127):1.197125353,((((((t28:0.06058393672,t8:0.06058393672):0.206107031,t11:0.2666909678):0.3047196388,((t14:0.2207758902,t9:0.2207758902):0.1142104867,t10:0.3349863769):0.2364242297):0.1817512852,t17:0.7531618918):0.3525717997,t2:1.105733691):0.01537647679,(t13:0.1871353491,t30:0.1871353491):0.9339748191):0.5752250973):0.106099586):0.5568578845):0.142858804,(t19:1.24518622,(((t29:0.1045450835,(t21:0.09974735492,t23:0.09974735492):0.00479772856):0.07303959816,t25:0.1775846816):0.7124076729,(t6:0.8232533853,t7:0.8232533853):0.06673896932):0.3551938655):1.25696532):1.572856944):2.468496107;
19|1.84753096963745|0.0111563945445232|0.552736400160939|((((((t6:0.1487249765,t5:0.1487249765):0.3198062468,t18:0.4685312233):0.146813123,(t14:0.1309446714,t9:0.1309446714):0.4843996749):0.4436358788,(t19:0.2027716173,t2:0.2027716173):0.8562086077):0.1022794225,((((t15:0.09692279392,t7:0.09692279392):0.05077188859,t4:0.1476946825):0.6035357592,(t8:0.1447724033,t3:0.1447724033):0.6064580383):0.3754223939,(t12:0.4662921911,(t17:0.1772228286,t13:0.1772228286):0.2890693625):0.6603606445):0.03460681204):0.08399556891,(t11:0.6561616256,(t10:0.3612170836,(t16:0.2372115685,t1:0.2372115685):0.1240055151):0.2949445419):0.5890935909):0.900271112;
32|2.55230751407798|0.417956996168941|0.610232998616993|((((t7:0.9238870695,((t4:0.1439571186,t9:0.1439571186):0.7173033086,t27:0.8612604272):0.06262664237):0.1706754992,t30:1.094562569):0.6900418959,(((t14:0.0359603051,t19:0.0359603051):0.2813609417,(t21:0.1080304765,t6:0.1080304765):0.2092907703):0.4417222283,((t23:0.1453155961,t2:0.1453155961):0.2789505333,t31:0.4242661294):0.3347773457):1.025560989):0.3711120848,((((t11:0.09130394535,t28:0.09130394535):0.4392196155,((t18:0.1118755114,t32:0.1118755114):0.08377052813,((t24:0.1224643279,t12:0.1224643279):0.0214425746,((t22:0.009984640345,t13:0.009984640345):0.06363528101,t10:0.07361992136):0.07028698115):0.05173913705):0.3348775213):0.1339893435,(t3:0.4193472271,((t16:0.3761583617,t26:0.3761583617):0.008555283422,((t20:0.08399185862,t8:0.08399185862):0.05905123301,t29:0.1430430916):0.2416705535):0.034633582):0.2451656773):0.0004620077671,((t25:0.3865466406,t1:0.3865466406):0.2691140206,((t17:0.008426664254,t15:0.008426664254):0.3165626847,t5:0.324989349):0.3306713123):0.009314250892):1.490741637):0.05793631154;
44|3.93766186669935|0.0183664672262967|0.844058854621835|((((t19:0.1525678104,t28:0.1525678104):0.02757376174,(t37:0.05680282811,t7:0.05680282811):0.123338744):0.405161111,t16:0.5853026831):0.2971902235,(((t18:0.4823905175,((t2:0.216990819,(t14:0.03892508984,t15:0.03892508984):0.1780657291):0.04556845495,((t34:0.1527366313,t22:0.1527366313):0.07004029879,(t11:0.1250938777,t4:0.1250938777):0.0976830524):0.03978234388):0.2198312436):0.1359544043,(((t35:0.1862935302,t6:0.1862935302):0.2481976829,(t1:0.366819801,(((t3:0.002259836229,t31:0.002259836229):0.1041927608,((t24:0.005412063168,t23:0.005412063168):0.02409315412,t38:0.02950521729):0.07694737974):0.222107517,((((t44:0.05041896724,t42:0.05041896724):0.1368942162,t43:0.1873131834):0.009391894955,(t36:0.1497242933,(t33:0.1078108544,t41:0.1078108544):0.04191343881):0.04698078514):0.07582022047,((t20:0.074792221,t27:0.074792221):0.07985076458,((t30:0.1156532795,t12:0.1156532795):0.0180462379,(t17:0.03651544031,t40:0.03651544031):0.0971840771):0.02094346817):0.1178823133):0.05603481516):0.03825968692):0.06767141215):0.05222181542,((t32:0.0332638331,t21:0.0332638331):0.230786727,((t39:0.1747988598,t25:0.1747988598):0.04498542876,t8:0.2197842886):0.0442662715):0.2226624684):0.1316318933):0.1095794873,((t10:0.1158380983,(t9:0.003713045558,t26:0.003713045558):0.1121250528):0.583719166,(t13:0.1798472401,(t5:0.007038858886,t29:0.007038858886):0.1728083812):0.5197100242):0.02836714485):0.1545684975):0.2096528427;
21|2.56947021496948|0.26378864885075|0.678722759825177|(((t4:0.6757736923,((t14:0.03821348042,t10:0.03821348042):0.4391932598,((t17:0.3170357215,(t5:0.1021255549,t12:0.1021255549):0.2149101666):0.1322453012,t18:0.4492810227):0.02812571751):0.1983669521):0.3311043932,(((t6:0.7399781898,(((t8:0.0404884775,t16:0.0404884775):0.2130068276,((t15:0.07701733228,t19:0.07701733228):0.02467944944,t3:0.1016967817):0.1517985234):0.2854792196,t9:0.5389745247):0.2010036651):0.1072299622,(t2:0.01772909406,t13:0.01772909406):0.8294790579):0.02768345076,(t20:0.4485189368,t7:0.4485189368):0.4263726659):0.1319864828):0.0450498165,((t21:0.01304877493,t11:0.01304877493):1.008006187,t1:1.021054962):0.03087293997):1.196900543;
14|1.09860386205139|0.0229365177708678|0.865711117046885|((((t14:0.653887559,t6:0.653887559):1.183717643,t4:1.837605202):0.2980065741,((t11:0.6603557564,t2:0.6603557564):1.216183373,t5:1.876539129):0.2590726467):0.02267109477,(((t12:0.02283078863,t7:0.02283078863):0.4354613517,(t9:0.1158307996,(t1:0.03879343838,t13:0.03879343838):0.07703736121):0.3424613408):0.1738770551,(t10:0.4507930947,(t8:0.3983684252,t3:0.3983684252):0.05242466945):0.1813761008):1.526113675):2.472497473;
11|3.35029142092448|0.259886585082859|0.868179370299913|((((((t6:0.1377999861,t2:0.1377999861):0.0921744845,t4:0.2299744706):0.06115944402,(t8:0.1384193146,t3:0.1384193146):0.1527146001):0.01743031932,t7:0.308564234):0.09553323831,(t5:0.07502490249,(t10:0.02411670462,t9:0.02411670462):0.05090819787):0.3290725698):0.01970341595,(t11:0.3661796688,t1:0.3661796688):0.05762121944):0.06824261048;
20|2.41319341497496|0.465645428725984|0.961954277590849|(((t11:0.260432119,(t13:0.09536562893,t17:0.09536562893):0.1650664901):0.2629015485,(t8:0.1636562392,(t10:0.0008068501015,t18:0.0008068501015):0.1628493891):0.3596774283):0.2928994892,(((t6:0.4443960489,((t4:0.007266993404,t9:0.007266993404):0.08618505172,t2:0.09345204512):0.3509440037):0.0295608651,(((t1:0.1124440427,t15:0.1124440427):0.01094569,t20:0.1233897327):0.3486885885,(t3:0.4293356185,(t16:0.3345774791,((t19:0.1261531357,t14:0.1261531357):0.2022882229,(t5:0.0350960736,t7:0.0350960736):0.2933452851):0.006136120373):0.09475813939):0.04274270274):0.001878592758):0.2737386134,t12:0.7476955273):0.06853762934):0.01319823826;
11|0.362263446047436|0.208599375055637|0.677306243916973|(((((t4:0.1645591214,t3:0.1645591214):0.5327547254,(t9:0.5238327103,t6:0.5238327103):0.1734811365):0.2353840103,t2:0.9326978571):0.275130802,t10:1.207828659):3.182290301,(((t8:0.9883375449,t5:0.9883375449):0.6998210502,t11:1.688158595):0.9308097495,(t1:0.6104013082,t7:0.6104013082):2.008567036):1.771150615):6.074703129;
43|3.32643194129458|0.481804173612036|0.76446424855385|(((((((t39:0.02688578116,t36:0.02688578116):0.007243313161,t19:0.03412909432):0.03061650896,t1:0.06474560328):0.0442840418,(t23:0.06281051112,t21:0.06281051112):0.04621913395):0.01735984008,((t20:0.03343186168,t40:0.03343186168):0.05051606481,t9:0.08394792649):0.04244155866):0.3160562807,((t29:0.1296149228,(t34:0.02404594637,t30:0.02404594637):0.1055689764):0.2576585851,((t33:0.2587206966,t13:0.2587206966):0.1195640951,t32:0.3782847917):0.008988716171):0.05517225794):0.6470999082,(((t27:0.04939605944,t22:0.04939605944):0.3885612692,(((t7:0.03707203719,t16:0.03707203719):0.3306412482,((t6:0.02838061803,t42:0.02838061803):0.1559064708,(((t18:0.01423577185,(t35:0.001126501761,t15:0.001126501761):0.01310927009):0.01581849798,(t38:0.02823110561,t10:0.02823110561):0.001823164221):0.1220481168,(t12:0.08817916198,t11:0.08817916198):0.06392322468):0.03218470218):0.1834261966):0.04201933416,(t41:0.2525337349,((t4:0.04037196246,t25:0.04037196246):0.1604367312,(t26:0.0757518967,t2:0.0757518967):0.1250567969):0.05172504129):0.1571988847):0.02822470905):0.2275889602,(((t43:0.2394279245,((t5:0.005939839717,t24:0.005939839717):0.159633095,t14:0.1655729347):0.07385498987):0.1579428805,((t31:0.08078016425,t3:0.08078016425):0.1426225112,(t8:0.1787477094,(t17:0.1365453058,t37:0.1365453058):0.04220240359):0.04465496607):0.1739681296):0.1741327591,t28:0.5715035641):0.09404272476):0.4239993851):0.7644796389;
20|3.83162281183992|0.198792598163709|0.822824830887839|(((((t10:0.0999815618,t3:0.0999815618):0.3304724217,(((t2:0.02966391297,t17:0.02966391297):0.01142297637,t12:0.04108688934):0.1303561709,(t8:0.006417075876,t14:0.006417075876):0.1650259844):0.2590109233):0.08189704402,t1:0.5123510275):0.0685329382,((t6:0.005683845128,t4:0.005683845128):0.2913884186,(((t9:0.1415937626,(t13:0.05314972083,t19:0.05314972083):0.08844404179):0.03293517571,t15:0.1745289383):0.06996313603,t7:0.2444920744):0.05258018939):0.283811702):0.3073672218,(t18:0.1580765285,((t11:0.05701181234,(t20:0.004548059925,t16:0.004548059925):0.05246375242):0.07161763209,t5:0.1286294444):0.02944708409):0.730174659):0.02954925117;
13|0.256956493481994|0.379516868134961|0.726675541256554|(((t10:4.434848257,((t1:0.1045039246,t13:0.1045039246):2.888010866,t2:2.99251479):1.442333467):2.084712839,(((t7:2.285700361,t11:2.285700361):2.482643294,t9:4.768343655):0.9528137175,((t4:1.009387325,t3:1.009387325):0.1188754444,t12:1.12826277):4.592894603):0.798403724):0.005408055387,((t5:1.3000839,t8:1.3000839):1.623372277,t6:2.923456177):3.601512975):0.06935481249;
22|0.163472925287206|0.121714432497974|0.895684122224338|((((t3:1.559597811,t16:1.559597811):2.03291779,(t10:2.257968025,t18:2.257968025):1.334547576):9.344264955,(t15:6.87973522,(t11:2.228369507,t19:2.228369507):4.651365713):6.057045336):13.23322632,(t14:20.68767378,(((t2:6.473904089,t5:6.473904089):7.785338898,(((t1:5.551150307,(t17:1.892095949,(t13:0.1172072304,t4:0.1172072304):1.774888719):3.659054358):3.143178022,((t6:4.812573952,t7:4.812573952):1.276246912,t20:6.088820864):2.605507466):2.628888467,((t12:0.8758217207,t8:0.8758217207):3.626940468,t9:4.502762189):6.820454607):2.936026191):3.862362159,(t22:9.339646998,t21:9.339646998):8.781958148):2.566068636):5.482333098):0.3654056137;
22|1.36468478296418|0.0619652112480253|0.674208479351364|((t20:2.536586254,((t17:0.5398105695,(t4:0.1964181839,t1:0.1964181839):0.3433923856):1.366232402,((((t22:0.50861904,(t11:0.1020078613,t13:0.1020078613):0.4066111787):0.1507373594,(t10:0.3019138533,t8:0.3019138533):0.3574425461):0.2692751847,((t15:0.9073221824,t21:0.9073221824):0.01714577582,t3:0.9244679582):0.004163625864):0.916289876,((t5:0.3324901859,t14:0.3324901859):0.9618434552,((t18:0.8809835045,(t12:0.816965404,(t9:0.2120955616,t16:0.2120955616):0.6048698424):0.06401810043):0.2737288388,(t2:0.1845346391,t7:0.1845346391):0.9701777042):0.1396212978):0.5505878191):0.06112151133):0.6305432828):0.1382153739,(t19:1.230321139,t6:1.230321139):1.444480489):0.8547077316;
34|2.37899843469728|0.364266751599498|0.839256047736853|((((t20:0.2484969922,t7:0.2484969922):0.06226362099,(t28:0.09559712806,t29:0.09559712806):0.2151634852):0.8139185874,(((t27:0.1170401274,t16:0.1170401274):0.1868795296,(t19:0.2463726662,((((t18:0.02178144734,t26:0.02178144734):0.1049618835,t34:0.1267433308):0.05363244121,t23:0.180375772):0.02077644621,t8:0.2011522182):0.045220448):0.05754699075):0.3509795545,(((t22:0.08285138245,t5:0.08285138245):0.3456706053,(((t30:0.07056872651,t6:0.07056872651):0.04833252936,t4:0.1189012559):0.1168580585,(t9:0.02327035087,t13:0.02327035087):0.2124889634):0.1927626734):0.1098020406,((t1:0.126658503,(t10:0.08027250202,t32:0.08027250202):0.04638600094):0.02936675832,t2:0.1560252613):0.3822987671):0.1165751831):0.4697799891):0.07791545872,((((t11:0.1019876036,t15:0.1019876036):0.5142738191,t17:0.6162614227):0.3134852023,((t21:0.3356323393,(t24:0.2471914309,((t33:0.04099926694,t31:0.04099926694):0.04703071109,t25:0.08802997803):0.1591614528):0.08844090849):0.4273359117,t12:0.762968251):0.166778374):0.2214584508,(t3:0.5893430833,t14:0.5893430833):0.5618619925):0.05138958358):0.3068719985;
23|0.299476796172094|0.0283261745679192|0.979685807717033|(((((t9:1.179661867,t23:1.179661867):0.818448955,t19:1.998110822):4.477551552,((t14:0.001013956807,t20:0.001013956807):2.870907452,t7:2.871921409):3.603740964):2.057405289,(t17:3.07302843,(t2:1.396815127,t1:1.396815127):1.676213304):5.460039232):0.04678547808,((((t3:0.6001888392,t16:0.6001888392):2.358587792,((t21:0.1336317229,t15:0.1336317229):1.238174212,t11:1.371805935):1.586970696):2.351512063,(t18:3.892090475,(t10:3.446565651,((t13:2.201273414,t4:2.201273414):1.202011711,((t5:1.531957701,t12:1.531957701):0.2341715096,(t6:0.8113910201,t8:0.8113910201):0.9547381907):1.637155913):0.04328052653):0.4455248237):1.41819822):0.187427667,t22:5.497716361):3.082136779):1.090655742;
10|2.35219367256854|0.0341220300830901|0.609709320822731|((t1:0.8404487347,((t9:0.001810786753,t5:0.001810786753):0.8149872548,(t4:0.3743188658,(t7:0.2878143481,t3:0.2878143481):0.08650451766):0.4424791758):0.02365069317):0.02318747382,((t8:0.4072167865,(t10:0.2597985283,t2:0.2597985283):0.1474182582):0.007680785376,t6:0.4148975719):0.4487386366):0.1306554209;
24|1.13558468804462|0.0506595398671925|0.646171572268941|((t15:2.442311629,(((t7:0.1029168891,t17:0.1029168891):1.330666412,(t6:1.041418044,(t3:0.5352349551,(t13:0.2242176936,t12:0.2242176936):0.3110172615):0.5061830888):0.3921652576):0.879622474,((t14:0.662986593,((t5:0.3197049867,t16:0.3197049867):0.3187714475,t20:0.6384764342):0.02451015884):0.3817501119,t18:1.044736705):1.268469071):0.1291058531):0.5713792729,((t21:0.864722485,(((t8:0.5379731884,((t10:0.08844859087,t11:0.08844859087):0.01259837119,t1:0.1010469621):0.4369262263):0.2609524546,t9:0.798925643):0.04104017366,((t24:0.401093668,t22:0.401093668):0.2967581816,t19:0.6978518496):0.142113967):0.02475666835):0.881684324,(t23:0.8892428573,(t4:0.09510350788,t2:0.09510350788):0.7941393495):0.8571639516):1.267284093):4.159070349;
22|3.59924097592244|0.136352925121319|0.673529329244047|((t17:0.5166900859,((t6:0.4201686698,(t20:0.02367937609,t14:0.02367937609):0.3964892937):0.01580550023,(t18:0.4156944112,((t8:0.2131890793,(t16:0.138012926,t10:0.138012926):0.0751761533):0.1405589655,t22:0.3537480448):0.0619463664):0.02027975887):0.08071591591):0.4431277442,(((t11:0.07838040988,t7:0.07838040988):0.4749780841,(t12:0.1787703222,t5:0.1787703222):0.3745881717):0.3034088261,((t21:0.05835632352,(t4:0.02051863341,t15:0.02051863341):0.03783769012):0.5676072337,(t1:0.5701676923,(((t19:0.1421084381,t13:0.1421084381):0.04807995776,t3:0.1901883959):0.07350510429,(t2:0.1977484045,t9:0.1977484045):0.06594509568):0.3064741921):0.05579586487):0.2308037629):0.1030505101):0.1923624715;
13|3.9090965313022|0.0756468408997171|0.611922643496655|((t13:0.0158322958,t3:0.0158322958):0.3804764235,(((t9:0.08243142611,t11:0.08243142611):0.07268445582,(t12:0.1275965684,t10:0.1275965684):0.02751931353):0.2257373721,((t1:0.2491578997,t7:0.2491578997):0.06464571158,(((t5:0.02005390305,t4:0.02005390305):0.09026566635,(t2:0.01615056605,t8:0.01615056605):0.09416900335):0.08257046691,t6:0.1928900363):0.1209135749):0.06704964279):0.01545546524):0.6604210594;
24|1.86773465987528|0.459511032656301|0.981230070698075|(((((t14:0.00545773497,t22:0.00545773497):0.4524393902,t3:0.4578971252):0.09379732659,((((t17:0.006506595141,t12:0.006506595141):0.04290022224,(t21:0.006620529191,t1:0.006620529191):0.04278628819):0.08799605855,t11:0.1374028759):0.3368416831,t20:0.474244559):0.07744989279):0.1812735067,(t2:0.4405706819,((t18:0.07859047122,t23:0.07859047122):0.1732378656,(t15:0.1034986536,t8:0.1034986536):0.1483296833):0.188742345):0.2923972766):0.03576798749,((t10:0.3515810893,t19:0.3515810893):0.2738478385,(((((t16:0.04409105456,t6:0.04409105456):0.005206319112,t24:0.04929737367):0.1524028644,(t5:0.04635012884,t9:0.04635012884):0.1553501092):0.2925157238,t7:0.4942159619):0.01717577966,(t13:0.1368283732,t4:0.1368283732):0.3745633684):0.1140371863):0.1433070182):0.2018172786;
45|2.71823312909808|0.46274419615278|0.957928769988939|(((((((t25:0.2569504839,(((t44:0.03926120549,t27:0.03926120549):0.1398412852,(t42:0.03039117727,t39:0.03039117727):0.1487113134):0.04121696071,(t24:0.003624438073,t29:0.003624438073):0.2166950133):0.03663103251):0.1902284744,((t17:0.1396143471,t35:0.1396143471):0.2028014722,((((t11:0.0380118137,t23:0.0380118137):0.1377770707,(t40:0.1757406255,t15:0.1757406255):4.825893461e-05):0.02124341152,(((t26:0.03514643973,t33:0.03514643973):0.005685548732,t34:0.04083198846):0.0242388744,t13:0.06507086286):0.1319614331):0.1200640576,t43:0.3170963535):0.02531946579):0.104763139):0.02746989362,(t19:0.3399890617,((t14:0.07173046402,t5:0.07173046402):0.251103683,t8:0.322834147):0.01715491462):0.1346597902):0.06507228859,(t41:0.1098389404,t10:0.1098389404):0.4298822001):0.1775266401,((((t45:0.01994066258,t7:0.01994066258):0.01690722832,t28:0.0368478909):0.04702428594,t31:0.08387217683):0.1553826985,(t37:0.1332862791,t3:0.1332862791):0.1059685962):0.4779929052):0.08137161601,(t36:0.2879260186,(t12:0.225719906,t6:0.225719906):0.06220611261):0.5106933779):0.00747739387,(t2:0.6361913922,((((t22:0.1107844675,(t21:0.1071172347,t18:0.1071172347):0.003667232849):0.08159701367,(t4:0.1856779408,t1:0.1856779408):0.006703540354):0.257328066,(t30:0.2962357064,t38:0.2962357064):0.1534738407):0.09481388671,((t20:0.07008108792,t9:0.07008108792):0.08838300211,(t16:0.05553367821,t32:0.05553367821):0.1029304118):0.3860593438):0.09166795835):0.1699053983):0.5506774138;
38|3.25354456527391|0.431787746562622|0.601745126652531|(((((t3:0.427938146,((t12:0.1995539069,(t22:0.006511049942,t34:0.006511049942):0.1930428569):0.2211773944,((t25:0.06622331211,(t29:0.00392492358,t9:0.00392492358):0.06229838853):0.2057219781,t27:0.2719452903):0.148786011):0.007206844685):0.02665012016,((t8:0.2671898848,(t32:0.1083185363,(t37:0.09623134854,(t31:0.05065865856,(t17:0.00118153167,t35:0.00118153167):0.04947712689):0.04557268997):0.01208718773):0.1588713485):0.09172914514,(t10:0.298977819,t21:0.298977819):0.05994121089):0.09566923625):0.1608796613,((((t20:0.01985461106,t24:0.01985461106):0.0369742939,t16:0.05682890496):0.3746628707,(((t13:0.05576657453,t33:0.05576657453):0.1653866368,(t7:0.05397463658,(t6:0.01603400527,(t36:0.004143042511,t26:0.004143042511):0.01189096276):0.03794063131):0.1671785748):0.1201329954,(t11:0.2421117434,t15:0.2421117434):0.09917446337):0.09020556883):0.1208731255,t2:0.5523649011):0.06310302634):0.01410714817,((t14:0.1823211269,t4:0.1823211269):0.01879735616,t28:0.2011184831):0.4284565925):0.1413741775,(t38:0.5197809624,((t18:0.1252508727,((t30:0.0007361553485,t1:0.0007361553485):0.1104265656,t19:0.1111627209):0.01408815177):0.1108686977,(t5:0.190989071,t23:0.190989071):0.04513049942):0.283661392):0.2511682907):0.1715268105;
25|3.48047014658805|0.164815638025757|0.649298767675646|(((((t4:0.1259976155,t13:0.1259976155):0.5689445085,((t15:0.01514351708,t7:0.01514351708):0.4192027026,((t19:0.1428807405,t3:0.1428807405):0.05765409962,((t24:0.1007159291,t25:0.1007159291):0.04998279595,t18:0.1506987251):0.0498361151):0.2338113795):0.2605959043):0.06124667889,t5:0.7561888029):0.02249274014,(((t11:0.242124353,t17:0.242124353):0.02686660274,t12:0.2689909557):0.1686555299,(t9:0.2072176845,((t22:0.06689681979,t6:0.06689681979):0.0756748971,t23:0.1425717169):0.06464596757):0.2304288012):0.3410350574):0.1623537773,(((t14:0.1684745499,t2:0.1684745499):0.5156885112,(t10:0.06244164958,t16:0.06244164958):0.6217214116):0.1714191888,((t20:0.1142670847,(t8:0.006989482946,t21:0.006989482946):0.1072776017):0.4859767659,t1:0.6002438506):0.2553383994):0.08545307034):0.566429523;
14|3.86448809753871|0.0796425592689775|0.717616133275442|((((t1:0.3214775812,t8:0.3214775812):0.2926696739,(t13:0.1578890329,t4:0.1578890329):0.4562582222):0.02065829649,((t2:0.1742193964,t11:0.1742193964):0.3268155343,(((t9:0.2453467118,t7:0.2453467118):0.01599459066,(t5:0.004006593924,t14:0.004006593924):0.2573347086):0.02826776034,(t12:0.1476573808,t10:0.1476573808):0.141951682):0.2114258679):0.1337706208):0.004157871594,(t6:0.1892610885,t3:0.1892610885):0.4497023347):0.08611216641;
30|1.17486758041428|0.118150810142979|0.867269788053818|(((t22:1.14666248,(((t17:0.009402762211,t18:0.009402762211):0.8380653648,(t30:0.7383040986,t26:0.7383040986):0.1091640284):0.1767415113,(((t23:0.1451399355,t19:0.1451399355):0.2553773369,t10:0.4005172724):0.473361035,(t4:0.5861325817,(t24:0.2563567021,(t15:0.19214079,t25:0.19214079):0.06421591208):0.3297758796):0.2877457257):0.1503313309):0.1224528413):0.4594168262,(((t14:1.260674088,(t3:0.2101010498,t11:0.2101010498):1.050573038):0.2718025606,t27:1.532476649):0.007918390648,((t16:0.4487050514,t29:0.4487050514):0.7773254986,((t7:0.3479651766,t12:0.3479651766):0.5809810463,(t21:0.1389499506,t2:0.1389499506):0.7899962724):0.2970843271):0.3143644892):0.06568426663):0.540261106,(((t6:0.0764651221,t1:0.0764651221):1.464810881,t13:1.541276004):0.4228866791,((t8:0.5769916215,(t9:0.5599108587,t20:0.5599108587):0.01708076272):0.3126814351,(t5:0.4603716655,t28:0.4603716655):0.4293013911):1.074489626):0.1821777292):0.1308244038;
12|3.16671296206303|0.377409262831788|0.910460464539938|(((((t11:0.04758571348,t2:0.04758571348):0.2415284259,(t6:0.005811334905,t4:0.005811334905):0.2833028045):0.1941944589,(t5:0.210831672,t7:0.210831672):0.2724769262):0.1128386372,(t10:0.3747378234,((t8:0.06143502526,t12:0.06143502526):0.1295425806,t3:0.1909776058):0.1837602176):0.221409412):0.1977183676,(t9:0.06438511214,t1:0.06438511214):0.7294804909):0.05883104322;
23|2.76938666377682|0.142066309528891|0.587672748253681|((((t16:0.122111688,t22:0.122111688):0.7331649615,(((t2:0.1234275626,t15:0.1234275626):0.1455745524,(t13:0.03260792262,t9:0.03260792262):0.2363941924):0.2112534189,t17:0.480255534):0.3750211155):0.01637019669,((((t20:0.1926290797,t6:0.1926290797):0.01838371642,(t23:0.1982142534,(t18:0.1335328639,t21:0.1335328639):0.0646813895):0.01279854274):0.2950621801,(t10:0.004584621322,t12:0.004584621322):0.5014903549):0.06943017544,(((t7:0.1672951171,t19:0.1672951171):0.1942022986,t14:0.3614974157):0.02333415803,(t3:0.1950040077,t1:0.1950040077):0.1898275661):0.190673578):0.2961416945):0.1928783529,((t4:0.7300980458,(t8:0.3558107293,t5:0.3558107293):0.3742873165):0.2172813099,t11:0.9473793557):0.1171458434):0.1867777996;
14|0.807560014193878|0.143502272593323|0.928496074979194|((((t6:0.7889974715,(t14:0.2043251051,(t1:0.003227029201,t3:0.003227029201):0.2010980759):0.5846723664):2.075394871,(((t12:0.4325088908,(t11:0.3857893901,t9:0.3857893901):0.04671950067):0.2995776004,t5:0.7320864912):0.188259431,(t7:0.343549568,(t4:0.03080830052,t8:0.03080830052):0.3127412675):0.5767963541):1.94404642):0.9077460256,(t13:0.3032268645,t2:0.3032268645):3.468911503):0.2215524198,t10:3.993690787):0.2748457632;
19|0.0549455211916938|0.226474576543551|0.789732100791298|(((((t16:13.35303239,t8:13.35303239):25.4700163,(t5:9.794610192,(t14:9.080763578,(t12:8.03827095,(t1:3.252861645,t11:3.252861645):4.785409305):1.042492628):0.7138466149):29.02843849):4.674023874,((((t10:7.361767205,t19:7.361767205):3.692904911,t7:11.05467212):16.48794824,t18:27.54262035):14.25343595,(t9:7.809346331,t3:7.809346331):33.98670997):1.701016256):8.402589469,((t17:1.830846685,t6:1.830846685):21.38545,t13:23.21629669):28.68336534):2.549627865,(t15:29.01249841,(t2:1.745427084,t4:1.745427084):27.26707133):25.43679148):11.17678193;
34|0.556204027745407|0.370930173266679|0.583837963989936|(((((((t28:0.386361599,(t27:0.3247080395,t26:0.3247080395):0.06165355947):0.08516013255,t8:0.4715217316):0.7457208804,t13:1.217242612):0.7294493939,t7:1.946692006):0.03887694463,((t20:0.9060789311,(t19:0.4518231713,t5:0.4518231713):0.4542557599):0.5118938627,t24:1.417972794):0.5675961567):0.5004485138,(t21:0.9526691567,(t22:0.1565632889,t6:0.1565632889):0.7961058678):1.533348308):4.720053034,(((t30:0.4461982312,(t17:0.1598658871,t23:0.1598658871):0.2863323441):0.5679156082,(t3:0.8845180029,t2:0.8845180029):0.1295958365):3.48023209,((((((t12:0.521217339,t9:0.521217339):0.5014728784,t32:1.022690217):0.9329262816,t16:1.955616499):0.2434214965,(t34:1.334770659,t29:1.334770659):0.8642673369):0.03020614597,t18:2.229244142):1.489401419,((t15:2.268131439,t1:2.268131439):1.410977399,(((t31:1.681078977,(t14:1.291232954,t33:1.291232954):0.389846023):0.1247037331,(t25:0.7979901115,t4:0.7979901115):1.007792598):1.423082019,(t11:1.836214765,t10:1.836214765):1.392649964):0.4502441094):0.03953672255):0.7757003684):2.711724569):4.861643495;
46|2.39906281295465|0.489406944753137|0.884449287084863|(((((t33:0.1181018405,(t14:0.02883985168,t30:0.02883985168):0.08926198878):0.118985724,t43:0.2370875644):0.8255910928,(((((t40:0.07342585916,t18:0.07342585916):0.002868640472,t1:0.07629449963):0.2049410238,(t42:0.0643572586,(t28:0.04931057838,(t35:0.04909309051,t7:0.04909309051):0.0002174878684):0.01504668021):0.2168782648):0.05088452353,(t21:0.09927341636,t11:0.09927341636):0.2328466306):0.4139439193,(((t31:0.09274911228,t39:0.09274911228):0.3989644828,(t41:0.2241768906,t34:0.2241768906):0.2675367045):0.1955283036,((t23:0.3030784785,t32:0.3030784785):0.2310966593,t6:0.5341751378):0.1530667608):0.05882206764):0.316614691):0.04423800638,((t19:0.4312362162,(t44:0.3391623979,(((t37:0.1517156324,t13:0.1517156324):0.006629699391,t9:0.1583453318):0.1744646467,((t27:0.01220221579,t15:0.01220221579):0.1062618599,t29:0.1184640757):0.2143459028):0.006352419441):0.09207381831):0.6644131296,(t16:0.5905198494,(t24:0.5476852364,(t12:0.1724033994,t4:0.1724033994):0.375281837):0.04283461302):0.5051294964):0.01126731787):0.6399421299,(((t8:0.1124660941,((t17:0.04823650092,t3:0.04823650092):0.02732549413,t5:0.07556199505):0.03690409901):0.1288167327,t26:0.2412828267):0.7425096976,((((t38:0.3055195862,t45:0.3055195862):0.1230491408,(t25:0.01498699459,t36:0.01498699459):0.4135817324):0.1197018984,(t22:0.3462816039,t46:0.3462816039):0.2019890215):0.0710355095,((t10:0.1116195543,t20:0.1116195543):0.396127601,t2:0.5077471553):0.1115589796):0.3644863894):0.7630662693):0.152381698;
11|2.19092332400382|0.113173308661208|0.532171869301237|(((((t3:0.1006710174,t9:0.1006710174):0.009506181922,t6:0.1101771993):0.3152514612,(((t10:0.04893026014,t2:0.04893026014):0.1744009517,t11:0.2233312118):0.01745307012,t8:0.240784282):0.1846443786):0.2028870819,(t4:0.1988525684,(t7:0.1066815185,t5:0.1066815185):0.09217104993):0.429463174):0.01830756896,t1:0.6466233114):1.214263143;
44|1.23551138609881|0.243517147377133|0.549186474177986|((((((t25:0.06358652877,t38:0.06358652877):0.01305991951,t27:0.07664644828):0.9300963387,t6:1.006742787):0.2332936933,(t3:1.132676459,t21:1.132676459):0.1073600215):0.3827143389,((t4:0.1449882559,(t43:0.08920065459,t20:0.08920065459):0.05578760133):0.949839931,t36:1.094828187):0.5279226321):1.445228456,((((t10:1.088106961,((t40:0.5765720119,t34:0.5765720119):0.3511655854,(t42:0.2800139453,t24:0.2800139453):0.647723652):0.1603693641):0.7348669244,(((t9:1.26804512,t16:1.26804512):0.1867416767,(t12:0.720079746,t29:0.720079746):0.7347070504):0.1166942076,((t31:1.138655083,((t13:0.459124525,(t18:0.3593867779,t22:0.3593867779):0.09973774714):0.1290829819,(t39:0.01551025925,t32:0.01551025925):0.5726972476):0.5504475762):0.2674956415,t17:1.406150725):0.1653302794):0.2514928817):0.13252773,(t19:0.8051445064,t33:0.8051445064):1.150357109):0.9433670808,((t41:1.893207186,((((t23:0.3987678057,t5:0.3987678057):0.5271811186,(t15:0.6119930486,(t44:0.2008407932,t26:0.2008407932):0.4111522554):0.3139558757):0.185310879,((t2:0.1470556099,t35:0.1470556099):0.272149699,(t14:0.2933823915,(t8:0.01470214901,t11:0.01470214901):0.2786802425):0.1258229174):0.6920544944):0.1511850926,t7:1.262444896):0.6307622903):0.01582396536,(((t1:0.3228315529,t30:0.3228315529):0.4241693425,t37:0.7470008953):0.3426061512,t28:1.089607047):0.819424105):0.989837545):0.1691105789):0.9016665366;
32|2.3464707520185|0.480902763889171|0.604477093671449|((((t25:0.1904083927,(t31:0.1474028655,t3:0.1474028655):0.04300552719):0.5361045009,t21:0.7265128936):0.658994014,((t28:0.01212936791,t26:0.01212936791):1.084460356,t12:1.096589724):0.2889171835):0.0193350782,(((t6:0.6310771551,(((t7:0.01888191239,t29:0.01888191239):0.3223154116,((t8:0.1864271687,t18:0.1864271687):0.07227420117,t11:0.2587013698):0.08249595417):0.06677876438,((t14:0.1598286299,t4:0.1598286299):0.1209564349,t30:0.2807850649):0.1271910235):0.2231010667):0.3469268775,((t19:0.05898490213,t15:0.05898490213):0.3502258071,t10:0.4092107092):0.5687933234):0.2625431644,(((((t20:0.3863861413,(t9:0.324031232,(t1:0.131608646,(t17:0.02631570307,t5:0.02631570307):0.1052929429):0.192422586):0.06235490935):0.1482369288,t22:0.5346230701):0.03013143256,(t2:0.4803363482,(t23:0.1397654206,t27:0.1397654206):0.3405709276):0.08441815442):0.1791804773,(t24:0.3129963725,t32:0.3129963725):0.4309386075):0.3490045021,(t13:0.6691213687,t16:0.6691213687):0.4238181134):0.147607715):0.1642947888):0.212500431;
47|0.266938205242623|0.232670714452397|0.955709091969766|(((t46:3.748244713,((t42:2.23937791,t22:2.23937791):1.168080871,(t11:1.714935862,t6:1.714935862):1.692522919):0.3407859325):6.996940035,((((t26:6.904367625,(t28:3.532210926,t5:3.532210926):3.372156699):0.7872453651,t37:7.691612991):2.215643641,t15:9.907256631):0.7629532858,(t16:6.168229813,(t8:5.989484415,(t27:3.521558501,t38:3.521558501):2.467925914):0.178745398):4.501980104):0.07497483051):1.07695878,(((((t1:1.072845798,(t23:0.7704391397,t20:0.7704391397):0.3024066582):2.766086908,(t13:3.227567423,(t32:1.934983238,((t45:0.7035360606,((t25:0.3860838373,t3:0.3860838373):0.0353395744,t12:0.4214234118):0.2821126488):0.8130712481,(t34:1.050790319,((t29:0.258103067,t40:0.258103067):0.09142490146,t41:0.3495279685):0.7012623502):0.4658169901):0.4183759296):1.292584184):0.611365283):0.9949802895,(((t44:0.6436536055,t39:0.6436536055):2.908574687,((t43:0.6938250519,t17:0.6938250519):2.629619735,(t4:1.847598268,t18:1.847598268):1.475846519):0.2287835049):1.119373717,((t14:2.513710836,t35:2.513710836):1.806270702,t31:4.319981538):0.351620471):0.1623109859):0.2000696354,(t10:1.326071379,t7:1.326071379):3.707911252):4.985431275,((((t2:0.06141281148,t24:0.06141281148):0.5215379799,t33:0.5829507914):0.8352214465,t21:1.418172238):6.674899796,((t47:1.220234982,t30:1.220234982):3.471303097,((t36:2.520050605,t19:2.520050605):1.145754287,t9:3.665804892):1.025733187):3.401533954):1.926341872):1.802729622):6.202323346;
40|2.87556249446236|0.264804528579116|0.796114138327539|((t24:0.9753895203,((t38:0.4868159728,((t25:0.159797345,t34:0.159797345):0.2501564665,t14:0.4099538115):0.07686216127):0.3896745561,((((t29:0.3167329778,((t6:0.09164419001,t22:0.09164419001):0.1626872363,t1:0.2543314263):0.0624015515):0.2749633712,t26:0.5916963491):0.005511305059,(((t37:0.1709707525,(t12:0.09172417725,t17:0.09172417725):0.07924657523):0.1174278657,((((t28:0.07149360405,t20:0.07149360405):0.01360959474,((t5:0.004318013874,t23:0.004318013874):0.06990167552,t16:0.0742196894):0.01088350939):0.05479879602,t3:0.1399019948):0.07850317531,t2:0.2184051701):0.06999344809):0.2951252758,(((t40:0.09185271423,t19:0.09185271423):0.03158147177,((t32:0.05984862223,t30:0.05984862223):0.02337402751,t36:0.08322264974):0.04021153626):0.2347735035,t39:0.3582076895):0.2253162045):0.01368376006):0.1856623867,((t13:0.1476807849,t31:0.1476807849):0.1942414566,(t8:0.09421104336,(t9:0.03343013469,t18:0.03343013469):0.06078090868):0.2477111981):0.4409477993):0.09362048816):0.09889899136):0.02083921482,((t27:0.5843526937,(((t11:0.17211777,((t4:0.09376813971,t35:0.09376813971):0.06911218914,(t15:0.06111704075,t33:0.06111704075):0.1017632881):0.009237441103):0.1863164663,t10:0.3584342363):0.08560100085,t21:0.4440352371):0.1403174566):0.156479231,t7:0.7408319247):0.2553968104):0.1903679206;
46|3.80935127326054|0.311606573022436|0.742851760936901|((((((t8:0.3652179741,(t17:0.01250588718,t26:0.01250588718):0.3527120869):0.3499112784,((((t18:0.1368849065,t27:0.1368849065):0.2710788643,(t37:0.373768911,((((t35:0.04694394036,t36:0.04694394036):0.1586864899,(t39:0.1479340612,t14:0.1479340612):0.05769636908):0.03085212107,t43:0.2364825513):0.0090053828,(t5:0.1053041549,t15:0.1053041549):0.1401837792):0.1282809768):0.03419485985):0.03370122198,t29:0.4416649928):0.1304980303,(((t40:0.242170879,((t46:0.07476561688,t31:0.07476561688):0.0554790814,t23:0.1302446983):0.1119261807):0.01643299719,t2:0.2586038762):0.1328633921,t24:0.3914672683):0.1806957548):0.1429662293):0.05307661061,(((t21:0.1430925996,t28:0.1430925996):0.06979342975,t1:0.2128860293):0.1164754055,(t6:0.2744433097,((t22:0.03672048808,t41:0.03672048808):0.04286146579,t16:0.07958195386):0.1948613558):0.05491812518):0.4388444282):0.07228963054,(((t4:0.2927513152,((t13:0.09403079569,(t12:0.03949407371,t34:0.03949407371):0.05453672198):0.05794230531,t10:0.151973101):0.1407782142):0.03356176283,t44:0.3263130781):0.1036706688,t9:0.4299837468):0.4105117468):0.006077774846,((t25:0.1429407981,(t19:0.1123848008,t7:0.1123848008):0.03055599721):0.2408327619,(t20:0.35682455,(((t45:0.002664101706,t32:0.002664101706):0.04079079874,t38:0.04345490045):0.2322052076,(((t30:0.005701926846,t42:0.005701926846):0.00425112786,t11:0.009953054705):0.2258745042,t33:0.2358275589):0.03983254916):0.08116444192):0.02694900997):0.4627997085):0.2618057043,t3:1.108378973):0.08328996486;
23|0.961457023506519|0.142319661194924|0.504021993954666|((t13:1.385701835,((t20:1.209065194,((t15:0.3913328797,t4:0.3913328797):0.3638270516,(t1:0.5561329198,t6:0.5561329198):0.1990270115):0.4539052623):0.1399076514,((t16:1.034621395,t2:1.034621395):0.02890631156,t9:1.063527707):0.2854451385):0.03672898995):0.3544155499,((((t19:0.6894356809,t8:0.6894356809):0.6782658852,(((t5:0.6186804095,t7:0.6186804095):0.07379533599,t3:0.6924757455):0.405376789,(t18:0.5191843272,t21:0.5191843272):0.5786682073):0.2698490316):0.2487881693,((t23:0.1557882559,t10:0.1557882559):1.452691569,((t14:0.3880458461,t12:0.3880458461):0.4755564678,(t11:0.2210236704,t22:0.2210236704):0.6425786434):0.7448775109):0.008009910625):0.01973120255,t17:1.636220938):0.1038964469):1.057673056;
37|3.63904927029042|0.0980771757126786|0.575169716146775|(((t5:0.03032641242,t27:0.03032641242):0.1085394472,t26:0.1388658596):0.9657209272,((((t7:0.2754076918,((t15:0.01892400155,t29:0.01892400155):0.1129772451,t32:0.1319012467):0.1435064451):0.0769563922,(t35:0.2009859956,t30:0.2009859956):0.1513780884):0.1292500383,((t9:0.1788713247,t31:0.1788713247):0.258799598,t10:0.4376709227):0.04394319963):0.2111281487,(t36:0.6568883985,((t8:0.3725455784,((((((t14:0.1109985762,t37:0.1109985762):0.07865938257,((t34:0.04091181818,t13:0.04091181818):0.04920794946,t3:0.09011976764):0.0995381911):0.007910408831,(t23:0.1446496763,t33:0.1446496763):0.0529186913):0.03279597182,((t16:0.09855130233,t4:0.09855130233):0.06458652089,((t20:0.06388373425,t17:0.06388373425):0.04284246717,t22:0.1067262014):0.05641162179):0.06722651618):0.07069063578,t12:0.3010549752):0.03802577514,((t1:0.1997671474,(t18:0.01421806451,t24:0.01421806451):0.1855490829):0.111475851,(t25:0.2285677202,((t28:0.02480030277,t6:0.02480030277):0.0006007126898,t2:0.02540101546):0.2031667048):0.08267527817):0.02783775194):0.03346482808):0.07196332036,(t11:0.2244642243,(t21:0.0212831577,t19:0.0212831577):0.2031810666):0.2200446745):0.2123794998):0.0358538725):0.4118445157):0.07400802726;
13|2.78667785107857|0.0950323334848508|0.610012697638012|(((((t11:0.07906273195,t4:0.07906273195):0.1894631157,t10:0.2685258477):0.1861679959,t9:0.4546938435):0.2449408834,((t13:0.115048144,t1:0.115048144):0.1319930577,(t6:0.2123814627,t3:0.2123814627):0.03465973893):0.4525935253):0.1267120662,((t2:0.1940191926,(t12:0.1023895683,t7:0.1023895683):0.0916296243):0.06474405896,(t5:0.05524279969,t8:0.05524279969):0.2035204519):0.5675835415):0.008385851011;
49|0.0987061139103025|0.0902215191791765|0.991972910356708|(((((t16:2.740488943,t36:2.740488943):13.57485061,((t7:1.817022633,t32:1.817022633):6.870015082,(t24:1.271423985,t23:1.271423985):7.41561373):7.628301836):13.50265523,((((t20:6.105428486,t42:6.105428486):7.656162038,(t28:4.186896511,(t45:3.593027049,t12:3.593027049):0.5938694621):9.574694013):0.9047142112,t1:14.66630474):11.59927791,(((t44:24.28141139,(((t21:7.174475816,(t48:1.986789471,t4:1.986789471):5.187686345):8.48240463,t31:15.65688045):7.803068208,(((((t18:1.207304666,t26:1.207304666):5.58741046,t15:6.794715126):2.483716858,(t47:9.21657463,(t33:6.623233509,t41:6.623233509):2.593341122):0.06185735405):0.1974653355,(t2:6.086137588,t9:6.086137588):3.389759732):4.555346376,((t40:8.962965451,(((t37:3.805122059,(t25:3.482400845,t22:3.482400845):0.3227212135):2.171873228,(t39:0.4943178352,t11:0.4943178352):5.482677452):0.6145306377,(t14:0.7633001649,t8:0.7633001649):5.82822576):2.371439526):4.292526662,(t5:8.524884044,t17:8.524884044):4.730608069):0.7757515829):9.428704958):0.8214627407):0.6471352271,((t19:4.70182277,(t38:4.506558902,t13:4.506558902):0.1952638682):6.587175172,(t30:3.900738427,t46:3.900738427):7.388259515):13.63954868):1.235800132,((t27:0.6474345559,t49:0.6474345559):8.726096802,t29:9.373531358):16.7908154):0.1012358957):3.552412128):1.109734225,(t43:18.72308309,t34:18.72308309):12.20464591):3.867821142,(((t10:2.557181719,t35:2.557181719):5.782959376,t3:8.340141096):1.166150106,t6:9.506291202):25.28925894):4.57083033;
13|2.70978029014543|0.34760426085908|0.512197987758555|(((t8:0.2938276984,((t7:0.1235403823,t6:0.1235403823):0.1002882912,t13:0.2238286736):0.06999902483):0.1113174692,(t3:0.389378749,t1:0.389378749):0.01576641865):0.121188383,((t12:0.04478598502,t2:0.04478598502):0.4080812158,((t11:0.1566905669,t4:0.1566905669):0.2294939258,(t10:0.2735929285,(t5:0.1028634059,t9:0.1028634059):0.1707295226):0.1125915642):0.06668270815):0.07346634984):0.1370922581;
47|2.87565367339179|0.175309063135646|0.900774389039725|(((t43:0.4919815813,((t1:0.1327656502,t4:0.1327656502):0.1486053216,(t36:0.1267685584,(t17:0.02542279407,t16:0.02542279407):0.1013457644):0.1546024133):0.2106106096):0.2012354743,((((t9:0.1556958523,t35:0.1556958523):0.2338019273,(((((((t31:0.07760518534,t39:0.07760518534):0.1000332179,((t24:0.02826547877,t41:0.02826547877):0.01472860491,(t25:0.03382389547,t7:0.03382389547):0.009170188203):0.1346443196):0.02807128512,((t44:0.02622495846,(t8:0.01856180337,t29:0.01856180337):0.007663155089):0.08017610961,t30:0.1064010681):0.09930862028):0.0663032642,(t32:0.2328755062,(t2:0.08894498073,t5:0.08894498073):0.1439305254):0.0391374464):0.002601171635,((t37:0.04105256633,(t45:0.002978690635,t47:0.002978690635):0.03807387569):0.1872970701,t38:0.2283496364):0.04626448775):0.007539747711,t40:0.2821538719):0.03325941429,((t11:0.01025091063,t15:0.01025091063):0.2447954451,(t26:0.2477035378,(t13:0.03348802572,t18:0.03348802572):0.2142155121):0.007342817886):0.0603669305):0.07408449348):0.01799932427,((t6:0.07624751448,t27:0.07624751448):0.2864767978,(t10:0.2072276254,((t14:0.05052773297,(t46:0.01338960466,t28:0.01338960466):0.0371381283):0.09001671331,t42:0.1405444463):0.06668317916):0.1554966868):0.04477279165):0.1078628897,(((t20:0.1087358339,t34:0.1087358339):0.00024657849,t19:0.1089824124):0.03230935501,t23:0.1412917674):0.3740682262):0.1778570621):0.02988394461,(((t21:0.02019334175,t22:0.02019334175):0.05912245424,t33:0.079315796):0.3492266135,(t12:0.0708394488,t3:0.0708394488):0.3577029607):0.2945585908):0.0726062953;
46|0.143096688298974|0.0533685014792718|0.674191171070561|((((t5:8.13783026,t9:8.13783026):5.516716048,t40:13.65454631):4.411295702,(((((t11:4.476740128,t39:4.476740128):0.583510829,t13:5.060250957):6.030185297,(t6:1.918684093,t19:1.918684093):9.171752161):5.48263473,((t31:2.667092183,t7:2.667092183):10.56549327,((t22:1.676103184,t38:1.676103184):10.30980204,(t44:0.7733841117,t42:0.7733841117):11.21252111):1.246680227):3.340485535):0.7198415039,((((t23:7.515776948,t17:7.515776948):2.561528564,(t34:2.506343524,t41:2.506343524):7.570961988):6.101464989,(t4:13.04695999,((((t21:1.497449567,t8:1.497449567):9.186239853,(t29:10.45740015,(t28:4.679832015,(t30:2.130739602,t35:2.130739602):2.549092413):5.777568138):0.226289267):1.189360336,((((t33:3.491540043,t18:3.491540043):3.131911198,t2:6.623451241):2.723191999,t26:9.34664324):0.9901697014,((t32:3.923117934,t27:3.923117934):1.352237161,t16:5.275355095):5.061457846):1.536236816):0.7680368315,((t46:0.4586726215,t3:0.4586726215):5.323425262,(((t24:0.5413731452,t14:0.5413731452):3.44301925,t37:3.984392395):1.661404541,t25:5.645796936):0.1363009471):6.858988705):0.405873406):3.131810507):0.326161864,(((((t1:3.496354107,t36:3.496354107):0.3643699746,t15:3.860724081):2.387929805,t45:6.248653886):1.791337514,(t20:1.465977929,t12:1.465977929):6.574013471):4.235270903,t10:12.2752623):4.229670062):0.7879801223):0.7729295228):2.681714938,t43:20.74755695):0.9438458939;
44|3.248599917104|0.0211148172663525|0.944687818060629|(((((t35:0.4563824505,t23:0.4563824505):0.09936589625,(((t6:0.1681472756,t5:0.1681472756):0.0699735235,(t20:0.1235417054,t33:0.1235417054):0.1145790937):0.06789847437,(t2:0.155820526,t29:0.155820526):0.1501987475):0.2497290732):0.2140513433,((t39:0.05049411341,t30:0.05049411341):0.2250899494,(t1:0.08792811548,t13:0.08792811548):0.1876559473):0.4942156272):0.5579042537,(t43:0.11876542,t8:0.11876542):1.208938524):0.2587209463,(t16:0.808461247,(((((t36:0.1004732719,t44:0.1004732719):0.2879283785,(t42:0.01000111415,t21:0.01000111415):0.3784005362):0.03807490707,(((t24:0.1320976706,t38:0.1320976706):0.1407863399,(t41:0.2556471135,t18:0.2556471135):0.01723689703):0.1459674473,t28:0.4188514578):0.007625099599):0.1025512298,t11:0.5290277872):0.1019694003,((t19:0.1403669408,(t10:0.1087820599,t12:0.1087820599):0.03158488091):0.3375896664,(t40:0.4005089195,(((((t34:0.02355966312,t22:0.02355966312):0.1310012231,t7:0.1545608862):0.120762519,(t15:0.2244951316,(t31:0.1659560768,t9:0.1659560768):0.05853905478):0.05082827364):0.08350506404,(t17:0.2938424875,((t14:0.129711311,t26:0.129711311):0.009724014524,t27:0.1394353255):0.154407162):0.06498598178):0.0263611601,((((t25:0.02355104593,t37:0.02355104593):0.0134601991,t4:0.03701124504):0.2136060133,t3:0.2506172583):0.07618864758,t32:0.3268059059):0.05838372353):0.01531929008):0.07744768766):0.1530405804):0.1774640595):0.7779636431):0.3394218011;
36|1.2793548506801|0.310887933322228|0.864313185214996|((t27:0.9543040644,t22:0.9543040644):1.936776425,((t29:1.595597829,(((t32:0.2025113071,t8:0.2025113071):0.7811820814,(t12:0.6760245763,t30:0.6760245763):0.3076688121):0.4925173976,((t31:0.865309446,(((((t28:0.07384451446,t36:0.07384451446):0.2735130708,(t9:0.2302802374,t34:0.2302802374):0.1170773478):0.02098426455,(((t25:0.0003930324822,t4:0.0003930324822):0.2205420363,(((t13:0.003436272743,t24:0.003436272743):0.02725786424,t20:0.03069413698):0.08803449097,t6:0.1187286279):0.1022064408):0.05950734541,t15:0.2804424142):0.08789943562):0.02351935719,t14:0.391861207):0.06183648874,t26:0.4536976957):0.4116117503):0.1331892157,((t35:0.1543463355,(t18:0.08845945982,t16:0.08845945982):0.0658868757):0.6412228532,t5:0.7955691887):0.202929473):0.4777121244):0.1193870432):0.5942339464,((t3:0.3541149326,t23:0.3541149326):1.067391176,((((t33:0.07318689208,t21:0.07318689208):0.0109177871,t7:0.08410467918):0.1779006798,(t2:0.02067601907,t10:0.02067601907):0.2413293399):0.2218760292,((t17:0.2016904887,t19:0.2016904887):0.03498467337,(t11:0.07889760494,t1:0.07889760494):0.1577775571):0.2472062261):0.9376247209):0.7683256666):0.7012487135):0.4078571852;
27|0.173251344303135|0.248438924539369|0.906841426738538|((((t27:2.761603752,t9:2.761603752):0.3978794952,t16:3.159483248):7.822436825,((t5:0.9703716714,t26:0.9703716714):1.572400981,t20:2.542772652):8.439147421):4.759004818,((((((t13:2.07223065,t15:2.07223065):0.1585545183,t2:2.230785169):0.2168851654,(t14:1.47485743,t11:1.47485743):0.9728129045):3.535878181,t3:5.983548515):3.95731815,((((t25:3.587713558,(t10:2.52832336,(((t8:0.1311679845,t4:0.1311679845):0.439341853,t23:0.5705098375):1.265205158,t12:1.835714996):0.692608364):1.059390198):1.431328281,((t19:3.385811319,(t18:2.318290591,(t21:1.592334172,t22:1.592334172):0.7259564191):1.067520727):1.303164228,t24:4.688975547):0.3300662912):2.263292534,t6:7.282334372):0.1675731358,t17:7.449907508):2.490959157):1.779879308,(t1:6.341023738,t7:6.341023738):5.379722234):4.020178918):0.7149167186;
43|1.71751690263394|0.394626505905762|0.525543440482579|(((((t33:0.5161320216,((t27:0.2490109358,t17:0.2490109358):0.2252069457,t30:0.4742178815):0.04191414009):0.02847323246,((t19:0.1228311761,t24:0.1228311761):0.270769574,(t40:0.2817998316,t8:0.2817998316):0.1118009186):0.1510045039):0.0644309001,t28:0.6090361542):1.283419672,((((t18:0.0344799924,t14:0.0344799924):0.5993106678,t16:0.6337906602):0.161726889,(t39:0.1296547442,(t13:0.08642694843,t25:0.08642694843):0.04322779579):0.665862805):1.063477185,(((t1:0.7844368066,t20:0.7844368066):0.454412781,(t9:0.5465168556,((t11:0.2855429586,(t2:0.1185750462,t5:0.1185750462):0.1669679124):0.2344815547,t4:0.5200245133):0.02649234227):0.6923327321):0.1217947056,((t31:0.09243107945,t6:0.09243107945):1.003526185,((t43:0.6334251802,(t15:0.3499284782,t23:0.3499284782):0.283496702):0.2984580192,(t38:0.3383374873,t22:0.3383374873):0.5935457122):0.1640740648):0.264687029):0.4983504406):0.03346109265):0.3922811616,(t37:1.122416306,((t41:0.7956013533,((t32:0.6634911663,(t26:0.1747725249,t35:0.1747725249):0.4887186414):0.08329614671,(t36:0.387227119,t3:0.387227119):0.359560194):0.04881404027):0.1994037061,(((t10:0.163987175,t42:0.163987175):0.2898301754,((t21:0.2652526213,t34:0.2652526213):0.09720832793,t7:0.3624609492):0.09135640129):0.2881366382,(t29:0.2049333641,t12:0.2049333641):0.5370206247):0.2530510706):0.1274112469):1.162320682):0.1524461336;
33|3.05935363169759|0.166268463379238|0.629144908627495|(((t22:0.8786139871,t29:0.8786139871):0.07210065181,((t21:0.6907218567,(t31:0.1631900451,t6:0.1631900451):0.5275318116):0.2236992416,t23:0.9144210983):0.03629354063):0.1082208516,((((((t13:0.1946695168,t30:0.1946695168):0.08729540073,(t12:0.08805109836,t19:0.08805109836):0.1939138191):0.03450446005,((t26:0.01016397445,t11:0.01016397445):0.01207296597,t8:0.02223694042):0.2942324371):0.1213405836,t10:0.4378099611):0.2748436733,(((t17:0.03185322589,t1:0.03185322589):0.2075273348,((t9:0.1644674706,t27:0.1644674706):0.0226185048,t18:0.1870859754):0.05229458523):0.1120202144,t2:0.3514007751):0.3612528593):0.238119951,(((t16:0.1010241438,t28:0.1010241438):0.3412278579,((t7:0.2265540436,(t25:0.1182225597,(t20:0.1166315697,t4:0.1166315697):0.001590989983):0.108331484):0.1158479249,t24:0.3424019686):0.09985003307):0.1913005584,(((t5:0.05306497957,t33:0.05306497957):0.07420696104,(t14:0.02252842373,t15:0.02252842373):0.1047435169):0.2242551521,(t32:0.2808794533,t3:0.2808794533):0.0706476394):0.2820254673):0.3172210254):0.1081619051):1.031188743;
11|2.58914329898311|0.280023166795727|0.709036683081649|(((t5:0.3893862637,(t3:0.2511522559,(t4:0.1060393573,t7:0.1060393573):0.1451128986):0.1382340078):0.130390364,(t1:0.294760107,(t8:9.988115611e-05,t10:9.988115611e-05):0.2946602259):0.2250165207):0.2814590759,(((t11:0.1573743906,t2:0.1573743906):0.01614514164,t9:0.1735195323):0.3580142929,t6:0.5315338252):0.2697018784):0.1261289097;
27|1.85413312566467|0.390877310296055|0.997696673613973|((((t19:0.1674414989,t5:0.1674414989):0.2218902346,(((t11:0.2477453322,(t14:0.009877581499,t26:0.009877581499):0.2378677507):0.0294153823,t18:0.2771607145):0.05650707492,((t10:0.04276272038,t12:0.04276272038):0.04896602439,((t24:0.0424692503,t23:0.0424692503):0.002512575776,(t7:0.007749538608,t25:0.007749538608):0.03723228746):0.0467469187):0.2419390447):0.05566394405):0.323853649,t6:0.7131853825):0.4345479252,((t3:0.58651269,t16:0.58651269):0.3061483358,(((((((t8:0.06560676978,t1:0.06560676978):0.08148453703,t9:0.1470913068):0.1253518851,(t13:0.03832715831,t15:0.03832715831):0.2341160336):0.1411993968,(t2:0.1465966778,(t27:0.01975232113,t22:0.01975232113):0.1268443566):0.267045911):0.161457998,(t17:0.1014234799,t20:0.1014234799):0.4736771069):0.00793525194,t21:0.5830358387):0.1332643337,t4:0.7163001725):0.1763608534):0.2550722818):0.01184556157;
28|3.43547821377171|0.0645172236952931|0.726849221391603|(((t22:0.2073985651,(t23:0.1486463982,t17:0.1486463982):0.05875216697):0.375460988,(((t25:0.1693222833,(((t13:0.1412941219,t12:0.1412941219):0.02315198774,t20:0.1644461096):0.001845591946,t28:0.1662917016):0.003030581772):0.2717066644,(t9:0.2299915792,t15:0.2299915792):0.2110373686):0.09401177963,((t16:0.1989360957,t10:0.1989360957):0.2764600449,((t6:0.1175958659,t3:0.1175958659):0.1915534914,(t2:0.2589258136,((t11:0.02599915625,t19:0.02599915625):0.0009741125402,t26:0.02697326879):0.2319525448):0.05022354373):0.1662467832):0.05964458682):0.04781882575):0.3368555049,(((t14:0.1471759399,((((t27:0.0108431513,t1:0.0108431513):0.02797848007,t24:0.03882163137):0.01288671817,t7:0.05170834954):0.0298943411,t18:0.08160269064):0.06557324921):0.4734018815,(t21:0.3709146963,(t8:0.1898451668,t5:0.1898451668):0.1810695295):0.2496631251):0.04906604114,t4:0.6696438625):0.2500711955):0.04078152769;
45|2.00042077358346|0.0288823224138468|0.674973622779362|(((((t12:0.2970744713,t23:0.2970744713):0.8775740043,((t35:0.3641047192,t42:0.3641047192):0.4053166786,t38:0.7694213978):0.4052270778):0.5991570644,((((((t9:0.04527548919,t2:0.04527548919):0.3787178853,t27:0.4239933745):0.09380394922,(t17:0.02611836079,t3:0.02611836079):0.4916789629):0.379978551,(t30:0.4610256166,t28:0.4610256166):0.4367502581):0.6348082992,(t26:0.5508933375,t10:0.5508933375):0.9816908365):0.1252012306,((t11:0.4222594351,t22:0.4222594351):0.6297244954,((((t40:0.334967981,t7:0.334967981):0.07980010648,(t44:0.3270418545,t34:0.3270418545):0.08772623297):0.2000235865,t25:0.6147916739):0.4009795558,(t39:0.02308136359,t18:0.02308136359):0.9926898661):0.03621270085):0.605801474):0.1160201355):0.2482193335,(t43:0.07167816607,t45:0.07167816607):1.950346708):0.6845547701,(t5:1.419017101,(((t20:0.3590009829,(t8:0.2632963988,(((t31:0.1481284299,t4:0.1481284299):0.05241425503,t33:0.2005426849):0.0211569051,t6:0.22169959):0.04159680882):0.09570458401):0.5598236702,(((t13:0.4063213594,t37:0.4063213594):0.1464777533,t32:0.5527991127):0.1136682839,(t15:0.2345687272,t1:0.2345687272):0.4318986693):0.2523572565):0.3377228401,(((t19:0.02949259851,t41:0.02949259851):0.4733773436,t16:0.5028699421):0.3338311409,(((t24:0.3949156834,t14:0.3949156834):0.01288555604,(t29:0.2399692055,t36:0.2399692055):0.1678320339):0.3371137778,t21:0.7449150172):0.09178606586):0.4198464102):0.162469608):1.287562542):0.05472374817;
35|0.427690646934789|0.173059230342042|0.903407265548594|((((t20:0.03838778373,t27:0.03838778373):0.7511475179,t33:0.7895353017):4.748258686,(((t4:1.083931075,t26:1.083931075):0.294291903,(t18:0.4541306283,t34:0.4541306283):0.9240923499):4.072867597,(((((t8:0.1122644877,t28:0.1122644877):2.10248261,t24:2.214747097):1.49502502,(t30:1.464493184,t15:1.464493184):2.245278933):0.9276494988,(((t2:2.175733553,(((t35:0.2853015633,t17:0.2853015633):1.456188179,((t11:0.7330467738,((t31:0.000622087011,t16:0.000622087011):0.4050061168,(t25:0.392885361,t9:0.392885361):0.01274284284):0.3274185699):0.8372418167,(t32:1.21152682,t7:1.21152682):0.35876177):0.1712011518):0.09814196547,(t3:0.1264992461,t29:0.1264992461):1.713132462):0.3361018448):0.01508465205,(t1:1.548848208,t14:1.548848208):0.6419699962):1.69911428,(t13:3.502820163,((t21:0.1526668682,(t22:0.1432899395,t12:0.1432899395):0.00937692872):2.774091304,(t23:1.499110721,t6:1.499110721):1.427647451):0.5760619909):0.3871123218):0.7474891308):0.3300050291,t19:4.967426645):0.4836639302):0.08670341243):3.057549552,(t10:4.082750249,t5:4.082750249):4.51259329):0.6946877744;
37|1.89258955500554|0.427642237988766|0.900250012520701|(((((t2:0.1239039489,t16:0.1239039489):0.4668864312,(t9:0.3175679478,t10:0.3175679478):0.2732224324):0.277220323,((((t18:0.3205831542,(t35:0.1783055389,t34:0.1783055389):0.1422776153):0.09838870801,(t19:0.090940158,t4:0.090940158):0.3280317042):0.2124472704,(t15:0.1480752713,(t24:0.1327973764,t23:0.1327973764):0.01527789498):0.4833438612):0.03301206601,(((t31:0.3113686205,t13:0.3113686205):0.2510092194,(t30:0.04773176665,t36:0.04773176665):0.5146460733):0.07834676466,((t14:0.2232316255,(t17:0.07327507087,t37:0.07327507087):0.1499565546):0.02412995835,t12:0.2473615838):0.3933630208):0.02370659397):0.2035795046):0.1729947712,(t29:0.3434515059,(t11:0.04582891144,t8:0.04582891144):0.2976225945):0.6975539685):0.5846126365,(((t5:0.3539012804,(t3:0.1239557001,t7:0.1239557001):0.2299455804):0.04461379431,t27:0.3985150747):1.220224799,(((t21:0.3747624023,t6:0.3747624023):0.2770034845,(t25:0.02713224496,t1:0.02713224496):0.6246336418):0.003359823378,((t32:0.4759325908,(t33:0.2571757062,t28:0.2571757062):0.2187568846):0.1274586808,(t22:0.3425310118,(t20:0.05934561391,t26:0.05934561391):0.2831853979):0.2608602598):0.05173443859):0.9636141634):0.006878237253):0.3144169982;
14|3.05684217930306|0.373672503961716|0.593003248446621|((t14:0.2932402483,(t11:0.183612396,t9:0.183612396):0.1096278522):0.8668150116,(((t6:0.08756346753,t1:0.08756346753):0.3980714895,((t12:0.1210433898,t4:0.1210433898):0.09794185657,(t5:0.06058833724,t10:0.06058833724):0.1583969091):0.2666497106):0.05398497174,(t8:0.1222899871,((t3:0.08518337086,t2:0.08518337086):0.003913106644,(t13:0.0756070483,t7:0.0756070483):0.0134894292):0.03319350961):0.4173299416):0.6204353311):0.06197105425;
30|1.6645124369883|0.423908651878592|0.692262502154335|(((t10:0.4044095087,t11:0.4044095087):1.331794283,(t29:1.215921205,t28:1.215921205):0.5202825869):0.07849845273,((((((t7:0.3724736715,t18:0.3724736715):0.05111144575,t20:0.4235851172):0.0261897371,(t14:0.02755881006,t30:0.02755881006):0.4222160443):0.4794659477,(((t17:0.2015550063,t6:0.2015550063):0.4105555393,(t9:0.3532652641,(t5:0.2328157854,t19:0.2328157854):0.1204494787):0.2588452814):0.2939771749,((((t2:0.4308049381,(t12:0.301834231,(t8:0.04955991767,t26:0.04955991767):0.2522743133):0.1289707071):0.03550543868,(t23:0.1372290872,t24:0.1372290872):0.3290812896):0.02763686078,t3:0.4939472376):0.282017202,((t13:0.1588776996,t27:0.1588776996):0.5581699472,t15:0.7170476467):0.05891679286):0.1301232808):0.02315308165):0.2258704353,t25:1.155111237):0.1629968506,(((t16:0.004390390441,t22:0.004390390441):0.3589686357,t4:0.3633590262):0.1749426461,(t1:0.2361559686,t21:0.2361559686):0.3021457037):0.7798064157):0.4965941567):0.7405078502;
50|3.65484562963713|0.194779399952386|0.743038813117892|(((((t6:0.01629502391,t43:0.01629502391):0.1389625465,(t34:0.0009095669785,t15:0.0009095669785):0.1543480035):0.1822663387,t30:0.3375239092):0.7031078004,((t17:0.1974699668,((t10:0.1014901623,t13:0.1014901623):0.07486668664,(t42:0.1175613845,(t25:0.02501404318,t23:0.02501404318):0.09254734127):0.0587954645):0.02111311787):0.8094358527,(((t1:0.1255141438,((t47:0.05260602009,t46:0.05260602009):0.03899774242,(t37:0.03652373614,t36:0.03652373614):0.05508002636):0.03391038134):0.0859825558,(t12:0.1175029197,(t38:0.07944617927,t29:0.07944617927):0.03805674039):0.09399377999):0.7136742004,((t14:0.4563152157,((t19:0.1321688348,t5:0.1321688348):0.2497237707,t41:0.3818926055):0.07442261022):0.1110189219,((t31:0.09982803594,t2:0.09982803594):0.2656658417,(((t26:0.005141078152,t9:0.005141078152):0.2165196807,((t28:0.04781568008,t7:0.04781568008):0.1587515414,(t32:0.04370209006,t50:0.04370209006):0.1628651314):0.01509353741):0.07423448468,(((t35:0.04904911187,t40:0.04904911187):0.02690980021,t8:0.07595891208):0.007473950059,t49:0.08343286214):0.2124623814):0.06959863409):0.20184026):0.3578367624):0.08173491941):0.03372589007):0.703142919,(((((t18:0.02858236341,t11:0.02858236341):0.1327123141,t4:0.1612946775):0.02911894049,(t16:0.1128108813,((t44:0.0142792217,t22:0.0142792217):0.04100938052,t24:0.05528860222):0.05752227905):0.07760273669):0.3339078886,(t20:0.0004941961889,t3:0.0004941961889):0.5238273104):0.1380117203,(((t27:0.09768021558,t33:0.09768021558):0.3843302851,(t48:0.1176234588,(t39:0.03436566123,t45:0.03436566123):0.08325779761):0.3643870418):0.1327941205,t21:0.6148046212):0.04752860565):1.081441402):0.01964128522;
21|0.215088555649854|0.394383812590968|0.708229537704028|((t7:11.28792163,(t8:3.890726457,t19:3.890726457):7.397195169):0.3415618036,((((t12:3.124467629,(t15:0.4646950114,t5:0.4646950114):2.659772617):1.845730364,((t4:2.889551989,((t6:1.641461254,(t2:0.9709581906,t16:0.9709581906):0.6705030637):1.223273638,t3:2.864734893):0.02481709692):0.617379977,(t13:0.6088014549,(t11:0.4922377781,t20:0.4922377781):0.1165636768):2.898130512):1.463266027):1.776582308,t9:6.746780301):3.883419347,(((t17:0.1957764711,t18:0.1957764711):1.28709369,(t14:0.9651948456,(t21:0.2213368787,t10:0.2213368787):0.7438579669):0.5176753154):3.135694571,t1:4.618564732):6.011634916):0.9992837819):13.39343206;
36|2.4446130165155|0.0497246929514222|0.975073491223156|(((((t23:0.02641436653,t28:0.02641436653):0.1420860792,t26:0.1685004458):0.389353691,(t5:0.3627176573,((t12:0.0367821408,t24:0.0367821408):0.1968814079,(t14:0.05890767713,t9:0.05890767713):0.1747558715):0.1290541087):0.1951364794):0.6404673589,(((t33:0.2211804187,(t34:0.09769879851,t15:0.09769879851):0.1234816202):0.1399756319,(t29:0.02658336561,t2:0.02658336561):0.3345726849):0.7260228562,((t32:0.3533280441,(t18:0.1545766138,t6:0.1545766138):0.1987514303):0.6141986348,((t11:0.2398478536,t13:0.2398478536):0.6246853914,((((t16:0.04653233201,t19:0.04653233201):0.2344547212,t20:0.2809870532):0.1239921283,((t31:0.06918320935,t7:0.06918320935):0.2903666583,(t21:0.2204581177,t4:0.2204581177):0.13909175):0.0454293138):0.06998572353,((t3:0.1976531397,(t22:0.02871403905,t36:0.02871403905):0.1689391006):0.2466593434,t27:0.444312483):0.03065242199):0.3895683399):0.102993434):0.1196522278):0.1111425889):0.3533140172,(((t1:0.07734172916,t30:0.07734172916):0.03341638472,t17:0.1107581139):0.5403548922,((t25:0.1723312611,t8:0.1723312611):0.1135455399,(t10:0.02623427444,t35:0.02623427444):0.2596425265):0.3652362051):0.9005225068):0.2892540529;
27|2.16740550709888|0.321039656184148|0.942452558199875|(((t5:0.4575415872,(t11:0.1313025832,t27:0.1313025832):0.3262390039):0.597717142,((t17:0.631317872,((t2:0.2093501748,t6:0.2093501748):0.2658856845,t7:0.4752358593):0.1560820128):0.4036157005,((((t19:0.1462146849,t22:0.1462146849):0.06126241623,t10:0.2074771011):0.1671765752,t18:0.3746536763):0.606173431,(t1:0.6560295936,(((t12:0.119546527,(t20:0.01174026088,t16:0.01174026088):0.1078062661):0.1023382816,t26:0.2218848086):0.1978763888,(t9:0.314815591,t13:0.314815591):0.1049456063):0.2362683962):0.3247975138):0.05410646521):0.02032515663):0.03783492786,((t24:0.314775083,(((t3:0.05606169001,t14:0.05606169001):0.1412591194,(t4:0.1324195391,(t8:0.02116702901,t21:0.02116702901):0.1112525101):0.06490127032):0.005538792335,(t15:0.1053555535,t23:0.1053555535):0.09750404826):0.1119154812):0.1470758971,t25:0.4618509801):0.6312426769):0.5351191346;
40|3.95026022459147|0.0239432477205992|0.975027092732489|(((((t14:0.428940377,t5:0.428940377):0.02990173014,(((t6:0.04828742335,(t20:0.04474575267,t9:0.04474575267):0.003541670674):0.2564401983,(((t28:0.04028209929,t2:0.04028209929):0.00798164869,t39:0.04826374798):0.1052776793,(t26:0.03639438359,t37:0.03639438359):0.1171470437):0.1511861944):0.1316745028,(((((t4:0.05714449228,t38:0.05714449228):0.1349590523,(t34:0.1834288546,t18:0.1834288546):0.008674689945):0.001574153464,t22:0.193677698):0.07894099334,((t21:0.07348236622,(t7:0.05145737509,(t13:0.0006732638477,t19:0.0006732638477):0.05078411125):0.02202499113):0.08181479254,(t31:0.1328367494,t27:0.1328367494):0.02246040939):0.1173215326):0.1332755393,(t24:0.001254904958,t35:0.001254904958):0.4046393257):0.03050789381):0.02243998273):0.01645389793,t23:0.4752960051):0.1250994165,(t8:0.3986621101,((((t32:0.1516693837,t12:0.1516693837):0.04286871885,t15:0.1945381026):0.06972342917,((t25:0.1190762686,t10:0.1190762686):0.05421323704,(t36:0.09546328707,t29:0.09546328707):0.07782621855):0.09097202612):0.1243825554,(((t3:0.005561366958,t17:0.005561366958):0.2245870543,(t33:0.05250907523,t40:0.05250907523):0.177639346):0.02805311781,((t11:0.004804787902,t30:0.004804787902):0.09492029396,t16:0.09972508186):0.1584764572):0.1304425481):0.01001802297):0.2017333115):0.007133856777,t1:0.6075292784):0.1886359189;
12|1.47334679182619|0.0481210371479392|0.957671516225673|(((t12:1.203048947,((t7:0.5189107168,t10:0.5189107168):0.2401859556,(t3:0.3210083588,(t4:0.2977181809,t2:0.2977181809):0.0232901779):0.4380883136):0.4439522747):0.4521770894,(t1:1.031458252,(t11:0.7121102702,t8:0.7121102702):0.3193479822):0.6237677841):0.0006277123612,(t5:1.603201954,(t9:0.9857222766,t6:0.9857222766):0.6174796776):0.05265179462):0.2038797189;
19|2.36794435512507|0.307326420664322|0.757093850523233|(((t6:0.1318998331,t13:0.1318998331):0.6494394423,(t10:0.7008203669,(t14:0.4499032804,(((t16:0.0822069775,(t8:0.05046150719,t9:0.05046150719):0.03174547031):0.1884722839,(t2:0.05835495809,t19:0.05835495809):0.2123243033):0.1588820584,((((t5:0.09656820456,t3:0.09656820456):0.05080533142,t1:0.147373536):0.1272295276,t18:0.2746030636):0.07505599974,((t12:0.1356586767,t17:0.1356586767):0.1552351818,(t15:0.1347404249,(t7:0.1192683508,t4:0.1192683508):0.01547207402):0.1561534336):0.05876520489):0.07990225641):0.02034196066):0.2509170864):0.08051890856):0.02452436104,t11:0.8058636365):0.2532964826;
46|2.08062737958506|0.050365067247767|0.678273347089998|(((((((((t2:0.2586434536,t17:0.2586434536):0.5385535241,(t4:0.1905382275,((t40:0.1054178614,t38:0.1054178614):0.07554606482,t23:0.1809639262):0.009574301308):0.6066587502):0.1000877408,t6:0.8972847185):0.03542829087,((t11:0.1693367879,t24:0.1693367879):0.5609531281,((t44:0.4878647825,t5:0.4878647825):0.2074929171,(t7:0.3026231719,(t10:0.2090485376,t3:0.2090485376):0.09357463437):0.3927345276):0.03493221645):0.2024230934):0.2381441692,t34:1.170857179):0.0832386622,(t18:0.4552244698,t21:0.4552244698):0.798871371):0.0232818447,((t22:0.9574775935,(t25:0.2891194288,t1:0.2891194288):0.6683581647):0.2003966309,((((t35:0.01365962712,t41:0.01365962712):0.007343682377,t16:0.02100330949):0.4089582389,t9:0.4299615484):0.2034359975,(t13:0.6160891343,(t26:0.1258607141,t12:0.1258607141):0.4902284202):0.01730841159):0.5244766785):0.1195034611):0.2633862333,((((t39:0.1578383851,(t37:0.1326123271,t8:0.1326123271):0.02522605801):0.304475022,(t42:0.2575620803,t28:0.2575620803):0.2047513269):0.2919889042,(t15:0.5521647551,(((t19:0.0901208889,t20:0.0901208889):0.1502518534,t36:0.2403727423):0.1581815441,t32:0.3985542864):0.1536104686):0.2021375563):0.5468276677,(t45:0.6283572985,(t14:0.5588730306,(t31:0.3719918687,(t33:0.2680256402,(t43:0.1788016871,t27:0.1788016871):0.08922395309):0.1039662286):0.1868811619):0.06948426794):0.6727726805):0.2396339397):0.3027652868,((t46:0.2591588348,t30:0.2591588348):1.00850709,t29:1.267665925):0.5758632803):0.5796058488;
48|1.30480823921971|0.477800952652469|0.573611201252788|(((((((t45:0.04864893915,t13:0.04864893915):1.023877549,t10:1.072526488):0.1368373706,t24:1.209363859):0.2330426631,((t43:0.9456619388,(t23:0.8393742283,((t32:0.7404499458,(t35:0.3148382301,t6:0.3148382301):0.4256117156):0.001839111925,(((t26:0.3232167458,t4:0.3232167458):0.06763679769,(t42:0.3089756231,(t44:0.02084963381,t29:0.02084963381):0.2881259893):0.08187792037):0.2495744582,t5:0.6404280017):0.101861056):0.09708517059):0.1062877105):0.06003391819,t14:1.005695857):0.4367106647):0.12655247,(((t39:0.6654271351,(t34:0.5031087317,((t33:0.2203024784,(t30:0.01668431541,t31:0.01668431541):0.203618163):0.2750110567,t8:0.4953135351):0.007795196509):0.1623184035):0.383313659,((t48:0.07829366875,t28:0.07829366875):0.1197831603,t15:0.1980768291):0.8506639651):0.4828328602,(t22:0.8709542654,((t27:0.09508663749,t17:0.09508663749):0.4346214939,t9:0.5297081314):0.341246134):0.6606193889):0.03738533742):0.2592768191,(t25:0.002553842055,t16:0.002553842055):1.825681969):0.6559609232,((((t1:0.2478142667,(t12:0.08144547621,t3:0.08144547621):0.1663687905):0.228396387,t41:0.4762106537):0.7475229403,(t7:0.8781333563,t2:0.8781333563):0.3456002378):0.1786489906,(((t20:0.1233764949,t19:0.1233764949):0.9316952634,((((t40:0.4266872112,t18:0.4266872112):0.2240585033,(t38:0.1639542955,t46:0.1639542955):0.486791419):0.102625352,(t11:0.06774264605,t36:0.06774264605):0.6856284204):0.2447412737,t37:0.9981123401):0.05695941823):0.1313842112,(t21:0.9428623599,t47:0.9428623599):0.2435936096):0.2159266151):1.081814149):0.4969765399;
43|2.34192537722411|0.161212410591543|0.676258966443129|(((((t4:0.4654301917,(t14:0.2211545065,(t22:0.137120958,t36:0.137120958):0.0840335485):0.2442756852):0.3089672992,t15:0.7743974909):0.1836954326,t39:0.9580929235):0.06389260738,(((t43:0.3177535939,t10:0.3177535939):0.3587240488,((t27:0.1976659888,(t24:0.006008979063,t25:0.006008979063):0.1916570098):0.3464201619,((((t5:0.1275822574,(t12:0.04888847931,t19:0.04888847931):0.07869377809):0.2212676802,(t23:0.3485678498,t13:0.3485678498):0.0002820878483):0.01652902661,((t41:0.1142959727,t38:0.1142959727):0.1915358422,((t18:0.164106036,t29:0.164106036):0.07641004112,(t7:0.09226566338,t42:0.09226566338):0.1482504137):0.06531573783):0.05954714932):0.118148769,t1:0.4835277332):0.06055841753):0.132391492):0.2262668206,((t33:0.505349474,(t11:0.0557025946,t40:0.0557025946):0.4496468794):0.3056058447,(((t28:0.09491514945,t9:0.09491514945):0.07310531515,t17:0.1680204646):0.4427902023,((t26:0.007096942698,t30:0.007096942698):0.4500125629,t16:0.4571095056):0.1537011613):0.2001446518):0.09178914464):0.1192410675):0.6954159897,((((t31:0.1942801681,t34:0.1942801681):0.2971459392,((t2:0.01930681436,t3:0.01930681436):0.1250824005,t20:0.1443892149):0.3470368925):0.1564936074,(t35:0.541016324,((t6:0.05259204943,t32:0.05259204943):0.04292106749,t21:0.09551311692):0.4455032071):0.1069033907):0.515393482,(t8:0.3546408153,t37:0.3546408153):0.8086723814):0.5540883238):0.2042071595;
24|2.55598848757567|0.393514773005154|0.980991985881701|(((t5:0.3443413406,t14:0.3443413406):0.6805017024,((t18:0.1326759153,t24:0.1326759153):0.7298388901,(t9:0.2777289834,t11:0.2777289834):0.5847858219):0.1623282377):0.4145421955,((((((t19:0.04747827929,t4:0.04747827929):0.03401152429,(t21:0.04489866752,t15:0.04489866752):0.03659113606):0.2055759129,(t8:0.09455610753,t3:0.09455610753):0.192509609):0.2576102444,(t6:0.3313581344,t12:0.3313581344):0.2133178265):0.01965153938,((t17:0.08199501963,t23:0.08199501963):0.2706471601,t20:0.3526421798):0.2116853205):0.4192864701,(((t16:0.03187713563,t2:0.03187713563):0.04782656919,t7:0.07970370482):0.2376265467,((t22:0.0396710746,(t10:0.02798150843,t13:0.02798150843):0.01168956616):0.06071649203,t1:0.1003875666):0.2169426849):0.6662837188):0.4557712683):0.5572700907;
49|2.08014883419964|0.304144906185102|0.693581172497943|((((t5:0.1378470353,t18:0.1378470353):0.4797689472,(((t28:0.02508331094,t7:0.02508331094):0.1988305966,(t21:0.1798954731,t24:0.1798954731):0.04401843438):0.02147625833,t45:0.2453901658):0.3722258167):1.081217588,(t36:1.45090115,(t12:1.156311559,(t32:0.7585457244,(t3:0.7043428906,((((t26:0.1402975699,t9:0.1402975699):0.08198727481,(t42:0.1984638104,(t33:0.09960778466,t43:0.09960778466):0.09885602575):0.02382103427):0.1526513419,t39:0.3749361865):0.1407251537,(t47:0.0584240303,t19:0.0584240303):0.4572373099):0.1886815504):0.05420283379):0.3977658344):0.2945895913):0.24793242):0.0850807359,(((((t25:0.2776036372,(t29:0.07534575614,t49:0.07534575614):0.2022578811):0.3565363468,((t37:0.377039211,(t40:0.1469790591,t22:0.1469790591):0.2300601519):0.1718757032,(t48:0.2220987783,(t8:0.14019521,(t15:0.05880033328,t31:0.05880033328):0.08139487671):0.08190356829):0.3268161359):0.08522506977):0.40019889,((((t35:0.1229379974,t2:0.1229379974):0.3035723904,t41:0.4265103878):0.114972452,(t23:0.5315296422,((t16:0.04708402695,t44:0.04708402695):0.4258698398,(t38:0.27274933,t30:0.27274933):0.2002045368):0.05857577538):0.009953197556):0.08994172718,(((t6:0.0169152715,t10:0.0169152715):0.02393254832,t20:0.04084781982):0.4923055023,(t14:0.4337337264,(t46:0.2700421953,t11:0.2700421953):0.1636915311):0.09941959573):0.09827124476):0.4029143071):0.338770012,(t27:0.6903488009,(t13:0.2093537697,t17:0.2093537697):0.4809950312):0.6827600851):0.2426501659,((t1:0.1772665517,t4:0.1772665517):0.4661361573,t34:0.643402709):0.9723563429):0.1681552541):0.1185936839;
19|1.19571619147901|0.315181916449219|0.987217965186574|((t7:0.1499079591,(t16:0.1419884882,t18:0.1419884882):0.007919470892):1.359555093,((((t14:0.1998486415,t1:0.1998486415):0.6218415432,(t10:0.2599451269,t17:0.2599451269):0.5617450579):0.1739643941,t6:0.9956545788):0.3481901844,((((t4:0.5311537921,t13:0.5311537921):0.01419726006,(((t5:0.002978120911,t12:0.002978120911):0.1455359402,t9:0.1485140612):0.277636881,(t15:0.2298622463,(t19:0.03591446586,t2:0.03591446586):0.1939477805):0.1962886959):0.1192001099):0.05223471541,t8:0.5975857675):0.1296532531,(t3:0.2120091059,t11:0.2120091059):0.5152299147):0.6166057426):0.1656182886):0.6433624081;
22|3.59507386529818|0.100034966168459|0.624361776746809|((((t11:0.5322476697,((((t17:0.1015188496,t14:0.1015188496):0.02636040281,(t4:0.07033781678,t1:0.07033781678):0.05754143568):0.2222151022,(t9:0.1730436059,t18:0.1730436059):0.1770507487):0.04658025531,((t3:0.2603729554,(t22:0.04660663224,t2:0.04660663224):0.2137663231):0.02522337473,(t19:0.03559033594,(t12:0.02410575135,t8:0.02410575135):0.01148458459):0.2500059942):0.1110782798):0.1355730598):0.04626668222,t13:0.5785143519):0.03360315928,t21:0.6121175112):0.2175066422,(((t5:0.04819952051,t15:0.04819952051):0.5829697408,t16:0.6311692613):0.008661851245,((t20:0.1591627912,t6:0.1591627912):0.3947880452,(t7:0.4225775828,t10:0.4225775828):0.1313732535):0.08588027618):0.1897930409):0.2113026554;
15|2.69765831401106|0.290248596144374|0.559667370398529|(((t11:0.5484763921,(t15:0.3185431927,(t6:0.1885434124,t13:0.1885434124):0.1299997803):0.2299331994):0.1613493682,(t3:0.1743125523,t7:0.1743125523):0.5355132081):0.1549447653,((((t10:0.05169643706,t2:0.05169643706):0.02365731893,t8:0.07535375599):0.2614667004,t9:0.3368204563):0.2427472447,((t12:0.2333856179,(t1:0.0762296526,t14:0.0762296526):0.1571559653):0.3137641654,(t5:0.1821546714,t4:0.1821546714):0.3649951118):0.03241791783):0.2852028245):0.2973155764;
36|3.53407874370925|0.312090073907748|0.975761034875177|(((t11:0.4875576842,(((t17:0.3131900407,(((t12:0.01302349988,t19:0.01302349988):0.1018707273,(t6:0.0773155106,(t25:0.0644110556,t4:0.0644110556):0.012904455):0.03757871663):0.1705213207,(((t21:0.02962191182,t10:0.02962191182):0.08374766637,t28:0.1133695782):0.1449678813,((t23:0.05602682017,((t22:0.0156664712,t15:0.0156664712):0.009034984898,t7:0.0247014561):0.03132536407):0.02036011133,t29:0.0763869315):0.181950528):0.02707808848):0.02777449272):0.001388278266,t24:0.3145783189):0.1245039951,t31:0.439082314):0.04847537022):0.1522557181,(((t9:0.4735920691,t30:0.4735920691):0.03999097349,((((t26:0.02137777961,t36:0.02137777961):0.2745900818,(t14:0.07605091812,(t1:0.01525549494,t34:0.01525549494):0.06079542318):0.2199169433):0.007488893211,(((t2:0.09254655412,t16:0.09254655412):0.005580574283,t18:0.0981271284):0.02427519317,t13:0.1224023216):0.181054433):0.1195492125,((t32:0.2447866323,(t27:0.1659177568,t20:0.1659177568):0.07886887548):0.1536939563,t5:0.3984805886):0.02452537849):0.09057707549):0.03721631661,t3:0.5507993592):0.08901404315):0.07720233216,(t33:0.264039527,(t35:0.1106278479,t8:0.1106278479):0.1534116791):0.4529762075):0.1032133405;
43|1.29496501449263|0.0273808654164895|0.970516721950844|((((((t26:0.2895486995,t42:0.2895486995):0.1591969016,(t40:0.1598372706,t11:0.1598372706):0.2889083305):0.406190758,(t17:0.2281337208,t36:0.2281337208):0.6268026383):0.2758885199,t29:1.130824879):0.3456380278,((t41:0.3078633012,t4:0.3078633012):0.8564440345,((((t7:0.4540340156,t24:0.4540340156):0.02259346722,t12:0.4766274828):0.09082839761,t15:0.5674558804):0.4247730671,(t22:0.2373540347,t23:0.2373540347):0.7548749128):0.1720783882):0.3121555711):1.153809384,(((t30:0.1311814189,t14:0.1311814189):0.8679493966,((((t33:0.09191830849,((t27:0.03543740009,t21:0.03543740009):0.0434200073,t35:0.07885740739):0.01306090109):0.6227758997,((t19:0.3524781557,(t20:0.3290014714,t1:0.3290014714):0.0234766843):0.1707759461,t43:0.5232541018):0.1914401064):0.08996033607,((((t39:0.07808044329,t6:0.07808044329):0.00628760939,t2:0.08436805268):0.2074941286,(t25:0.1590702216,t31:0.1590702216):0.1327919597):0.4683101456,t28:0.7601723269):0.04448221737):0.1329173594,t8:0.9375719037):0.0615589119):0.7562219962,((t16:0.5927541416,(t34:0.05404545101,(t5:0.03855911352,t18:0.03855911352):0.01548633749):0.5387086906):0.1581363869,(((t38:0.3503526871,t3:0.3503526871):0.1849426464,(t32:0.3314779475,t37:0.3314779475):0.203817386):0.1216680557,((t9:0.1036354239,t13:0.1036354239):0.05932637654,t10:0.1629618004):0.4940015888):0.09392713925):1.004462283):0.8749194793):0.6586909257;
19|0.566420649641659|0.291894461063202|0.51358139293734|(((t7:0.6067246872,t3:0.6067246872):2.694936381,(t2:2.587007702,t5:2.587007702):0.7146533665):0.8488279763,((((((((t15:0.1976854957,t17:0.1976854957):0.09712118361,t9:0.2948066793):0.1645239343,t12:0.4593306136):0.1189689655,t4:0.5782995792):0.1812253997,(t16:0.4354832742,t18:0.4354832742):0.3240417047):0.02245070143,t10:0.7819756803):2.186523423,t8:2.968499103):0.03354570642,(t11:2.255712269,(t13:2.050443943,((t19:0.5296030544,(t6:0.4523100967,t1:0.4523100967):0.07729295771):0.9114507888,t14:1.441053843):0.6093900996):0.2052683259):0.7463325405):1.148444236):2.765012583;
16|1.02154811104527|0.0373130274750292|0.794847733573988|(((t12:0.4947456593,t4:0.4947456593):1.767100158,(t5:1.838455754,(t13:1.764278348,(((t15:0.2402007861,t16:0.2402007861):0.4065774107,t14:0.6467781969):0.6626976528,(t3:0.778276,(t1:0.7700485384,(t11:0.5927852654,((t8:0.2602190827,t10:0.2602190827):0.1097095382,t6:0.3699286209):0.2228566444):0.177263273):0.0082274616):0.5311998497):0.4548024981):0.07417740641):0.4233900633):0.623152991,((t9:0.3262949694,t7:0.3262949694):0.6607252265,t2:0.9870201959):1.897978613):0.8624594657;
35|2.41295274600387|0.0996641647722572|0.633700361126103|((((t4:0.8117210572,(((t21:0.4326718236,t10:0.4326718236):0.2394202898,((t23:0.2812899068,(t6:0.07482505137,t8:0.07482505137):0.2064648554):0.2358058397,t33:0.5170957464):0.1549963669):0.1208867966,((t22:0.1277680873,t25:0.1277680873):0.001531526927,t7:0.1292996142):0.6636792958):0.01874214729):0.0720122881,(((t2:0.515992321,((t32:0.1412125467,t9:0.1412125467):0.1013979178,t24:0.2426104645):0.2733818565):0.04744957083,t5:0.5634418918):0.1419158553,(((t16:0.3431413301,(t3:0.2155802393,(t1:0.1716241381,(t34:0.04882686796,t28:0.04882686796):0.1227972702):0.04395610116):0.1275610908):0.04568455201,t27:0.3888258821):0.1215125991,t15:0.5103384813):0.1950192659):0.1783755982):0.08963233921,((((t12:0.2690170006,(t29:0.0710140946,t35:0.0710140946):0.198002906):0.09051718095,(t31:0.2129492911,(t17:0.1278713901,(t26:0.02633561987,t20:0.02633561987):0.1015357702):0.08507790105):0.1465848904):0.05851818628,(t30:0.2868382253,t18:0.2868382253):0.1312141425):0.5149393367,t11:0.9329917045):0.04037398002):0.1942146229,((t19:0.09440605713,t14:0.09440605713):0.254897018,t13:0.3493030751):0.8182772323):0.2081221134;
34|2.46060020986479|0.3147367055621|0.571628397912718|(((t26:0.1094252744,t21:0.1094252744):1.384133469,((((t32:0.5395333033,t12:0.5395333033):0.02766585641,((t13:0.07345624693,t18:0.07345624693):0.3319868687,t6:0.4054431156):0.1617560441):0.1617383172,(t4:0.6387770512,(((((t25:0.008274390024,t33:0.008274390024):0.0446110028,t16:0.05288539282):0.1015039526,t19:0.1543893455):0.1247590482,t10:0.2791483937):0.2289680355,(t17:0.01581566161,t3:0.01581566161):0.4923007676):0.130660622):0.09016042573):0.6400091219,(((t24:0.02595964983,t9:0.02595964983):0.3704708747,(t30:0.1571118014,t2:0.1571118014):0.2393187231):0.3839952953,(((t31:0.1902245195,t20:0.1902245195):0.02183766057,t8:0.2120621801):0.4556890214,(t34:0.3097850877,t1:0.3097850877):0.3579661138):0.1126746184):0.588520779):0.1246121444):0.008135611197,((((t7:0.0161276667,t27:0.0161276667):0.1064635604,t5:0.1225912271):0.2687490124,t22:0.3913402395):0.5385184891,((t23:0.4999403988,((t28:0.0004076947799,t11:0.0004076947799):0.3044644563,t15:0.3048721511):0.1950682477):0.06590527272,(t29:0.1834394297,t14:0.1834394297):0.3824062419):0.3640130571):0.5718356258):0.7157267492;
15|1.31072558433516|0.358066826914437|0.929147046292201|((((((t9:0.0911605164,t5:0.0911605164):0.09874593684,t7:0.1899064532):0.283003153,(t10:0.04731693703,t13:0.04731693703):0.4255926692):0.04273170357,(t15:0.1672304351,t1:0.1672304351):0.3484108748):0.07074957574,(t4:0.3221617353,t3:0.3221617353):0.2642291503):1.451558851,(t11:0.9600334771,((t12:0.03360643016,t6:0.03360643016):0.8430559387,((t2:0.3221207726,t14:0.3221207726):0.2267225322,t8:0.5488433049):0.327819064):0.08337110823):1.077916259):1.127984183;
12|3.71823565757368|0.448598035776522|0.522254515555687|((((((t1:0.03464046829,t2:0.03464046829):0.08094595924,t9:0.1155864275):0.003944819326,t7:0.1195312469):0.522105595,(t12:0.5372020029,(t10:0.3088316095,((t6:0.08602096385,t5:0.08602096385):0.05656812729,t3:0.1425890911):0.1662425183):0.2283703934):0.104434839):0.03356938692,t8:0.6752062288):0.2259040227,(t4:0.435561016,t11:0.435561016):0.4655492355):0.3515822959;
10|0.269353286558762|0.231956273952965|0.775225156219676|((t6:0.5107967059,t8:0.5107967059):4.027505532,(t2:3.758573303,(((t4:0.674078407,t10:0.674078407):1.742212546,t9:2.416290953):0.3745442819,((t1:1.585418623,(t5:0.7774773329,t7:0.7774773329):0.8079412904):0.4017910165,t3:1.98720964):0.8036255953):0.9677380677):0.7797289352):3.270783894;
48|2.12702626121463|0.356379432952963|0.742131211212836|(((((((t34:0.07880539253,t7:0.07880539253):0.09797811225,t42:0.1767835048):0.07267592219,t41:0.249459427):0.4772003777,(t30:0.1158112576,(t33:0.04671283455,t45:0.04671283455):0.06909842305):0.6108485471):0.1323155508,((t3:0.004768698443,t11:0.004768698443):0.6077851879,((t44:0.1338367059,(t23:0.1023515471,t26:0.1023515471):0.03148515884):0.2763083586,(t10:0.1514356877,t9:0.1514356877):0.2587093768):0.2024088219):0.2464214691):0.05218805806,(t25:0.7562015405,((t20:0.03450210433,t18:0.03450210433):0.1117111931,t19:0.1462132974):0.609988243):0.1549618731):0.9386850056,((((((((t5:0.2833454933,(t35:0.02320660527,t27:0.02320660527):0.260138888):0.01646248892,t24:0.2998079822):0.6451916265,((t46:0.6084527681,(t38:0.3458717433,(t6:0.1906416341,t13:0.1906416341):0.1552301093):0.2625810248):0.2551511215,((t17:0.07629480309,t1:0.07629480309):0.0780338432,t48:0.1543286463):0.7092752433):0.08139571909):0.234967952,t39:1.179967561):0.09941149697,(t12:0.4302813974,t29:0.4302813974):0.8490976603):0.01663719276,t31:1.29601625):0.01680603818,(((t2:0.05194857497,t15:0.05194857497):0.452678084,((t21:0.05038654795,t14:0.05038654795):0.4159707136,(t32:0.3863163024,(t22:0.3028099516,(t28:0.04532939723,(t43:0.04143227941,t4:0.04143227941):0.00389711782):0.2574805544):0.08350635083):0.08004095911):0.03826939741):0.3943893458,(t16:0.1295815477,t40:0.1295815477):0.7694344571):0.4138062839):0.06678042933,(((t36:0.03530842553,t8:0.03530842553):0.1004826505,t37:0.135791076):0.276596642,t47:0.412387718):0.967215):0.4702457012):0.1782116323;
23|0.648410753703211|0.20085416901391|0.520760451094247|(((t18:1.011517477,(t23:0.03932880468,t7:0.03932880468):0.9721886725):2.168638974,(t4:1.47372955,((t6:0.8734973124,t11:0.8734973124):0.007039107949,t9:0.8805364204):0.5931931293):1.706426901):3.123032034,(((((t10:0.3593790594,t17:0.3593790594):2.318019799,t14:2.677398859):0.06186866752,((((t21:2.045761991,(t2:0.4752764693,t13:0.4752764693):1.570485522):0.01923093793,((t15:0.6044331663,t22:0.6044331663):1.153528909,(t5:1.169721383,t12:1.169721383):0.5882406926):0.3070308534):0.5752556942,t19:2.640248623):0.08464953749,(t1:1.488729513,t3:1.488729513):1.236168648):0.0143693654):0.9403583912,t8:3.679625917):0.7620087893,(t20:1.854037398,t16:1.854037398):2.587597309):1.861553778):2.759527932;
25|1.94032499276567|0.19506702689454|0.996121057774872|(((((t10:0.06268718077,t6:0.06268718077):0.3901054546,(t18:0.2435607673,t5:0.2435607673):0.2092318681):0.5274084,((t7:0.03459612847,t4:0.03459612847):0.8130091235,((t9:0.1554090233,t8:0.1554090233):0.3676469991,t21:0.5230560224):0.3245492295):0.1325957834):0.2306137833,(((t22:0.862311586,t20:0.862311586):0.04968352139,(t14:0.7181044014,((t13:0.1755428692,t2:0.1755428692):0.5291974996,(t3:0.5094759425,(t12:0.4702352521,t17:0.4702352521):0.03924069044):0.1952644263):0.01336403265):0.1938907059):0.04755474848,(t11:0.003346962951,t16:0.003346962951):0.9562028929):0.2512649628):0.3604503064,(((t23:0.2988695352,t25:0.2988695352):0.04408534503,t24:0.3429548802):0.06922796882,((t19:0.001384530779,t1:0.001384530779):0.1653293384,t15:0.1667138691):0.2454689799):1.159082276):0.4639279725;
36|0.930700658843853|0.276168900467455|0.946901880088262|(((t26:0.618783536,((t22:0.4393713526,(t19:0.3339944788,t34:0.3339944788):0.1053768738):0.1057680805,t11:0.5451394331):0.07364410287):0.254259985,(t27:0.7041116754,(t3:0.5351851023,t28:0.5351851023):0.1689265732):0.1689318456):2.135601692,((((t23:0.4509756857,t17:0.4509756857):0.7694195342,(((t33:0.2765920223,t12:0.2765920223):0.3209992839,t16:0.5975913062):0.6219161229,t36:1.219507429):0.0008877907411):0.4140670434,t6:1.634462263):1.335754223,((((t31:1.709830924,((t14:0.3853737733,t7:0.3853737733):0.5386111894,(t1:0.7713418835,t32:0.7713418835):0.1526430793):0.7858459614):0.0327968723,((t24:1.092819838,t35:1.092819838):0.6429018326,(t29:1.596677328,t25:1.596677328):0.1390443422):0.006906125773):0.5170584262,t2:2.259686223):0.4113705264,((((t30:0.1044068412,t4:0.1044068412):0.4120313755,(t18:0.333649086,t20:0.333649086):0.1827891307):1.358571262,(t9:1.489787163,(t13:0.8917358439,((t21:0.4093284485,t10:0.4093284485):0.3290993396,t15:0.7384277881):0.1533080558):0.598051319):0.3852223163):0.2666607739,(t5:0.01106693695,t8:0.01106693695):2.130603316):0.5293864958):0.2991597369):0.03842872698):0.9397233008;
37|2.93552823930746|0.163011416564696|0.713472811039537|(((t12:0.1070465249,t32:0.1070465249):0.4246846396,((t25:0.07725534454,(t29:0.05720141174,t4:0.05720141174):0.0200539328):0.4087219962,(t37:0.3108514455,(t15:0.01202877473,t8:0.01202877473):0.2988226708):0.1751258952):0.04575382371):0.4937200873,((((((((t9:0.09874134735,t26:0.09874134735):0.04627027992,((t14:0.05340197794,t18:0.05340197794):0.01165331792,t19:0.06505529586):0.07995633141):0.06478816273,t13:0.20979979):0.0193915945,t1:0.2291913845):0.06699581889,t7:0.2961872034):0.525535472,(t3:0.8038219757,(((t35:0.03621194036,t2:0.03621194036):0.4378494773,((t6:0.1652831379,(t36:0.1204658418,t30:0.1204658418):0.0448172961):0.1629977551,(t33:0.1878231731,(((t27:0.0007208088117,t28:0.0007208088117):0.06917795199,t22:0.0698987608):0.07199654088,(t17:0.001533648092,t34:0.001533648092):0.1403616536):0.04592787142):0.1404577199):0.1457805247):0.1648683063,t10:0.6389297239):0.1648922517):0.01790069969):0.06753380954,(t24:0.1187329133,t5:0.1187329133):0.7705235716):0.01304647154,((t31:0.05644501542,t21:0.05644501542):0.2601736653,(((t11:0.01100707931,t16:0.01100707931):0.002541182753,t23:0.01354826207):0.00984495441,t20:0.02339321648):0.2932254642):0.5856842758):0.1231482953):0.3568903771;
16|2.67362774150679|0.142318312800489|0.747270726715215|((((t13:0.04848934978,(t11:0.04515471398,t10:0.04515471398):0.003334635807):0.009218187912,(t16:0.02374930518,t15:0.02374930518):0.03395823252):0.6293270437,(((t7:0.09554652131,t4:0.09554652131):0.1389628079,t6:0.2345093292):0.2991883685,t9:0.5336976977):0.1533368837):0.005810819046,((t14:0.3109832787,t2:0.3109832787):0.3038934637,((t3:0.1274778886,t8:0.1274778886):0.4630322618,(t1:0.5530378142,(t12:0.1723580481,t5:0.1723580481):0.3806797661):0.03747233621):0.02436659207):0.07796865797):0.08062443031;
21|0.732489199719857|0.400185991493054|0.915398205281235|(((((t20:0.6195105695,t9:0.6195105695):0.7255550529,(t10:0.06679825085,t21:0.06679825085):1.278267372):0.1460588569,(((t17:0.01455113415,t15:0.01455113415):1.006775317,(t12:0.09444171937,t8:0.09444171937):0.9268847321):0.01697253294,(t13:0.1461106538,t3:0.1461106538):0.8921883307):0.4528254949):0.077121266,(((t19:0.2697938141,t4:0.2697938141):0.08196073596,(t1:0.2008279787,t6:0.2008279787):0.1509265713):0.3898577472,(t11:0.1626111601,t7:0.1626111601):0.5790011371):0.8266334481):0.01446162118,(((t5:0.1602122219,t18:0.1602122219):0.1040189648,t16:0.2642311867):0.3809617203,(t14:0.2299924019,t2:0.2299924019):0.4152005051):0.9375144595):1.065911239;
21|1.01539953739848|0.435674233117607|0.71535026258789|(((((t2:0.6161757251,t16:0.6161757251):0.4239099121,((t3:0.1027116543,t19:0.1027116543):0.2814503603,t5:0.3841620146):0.6559236226):0.5347464083,t4:1.574832046):0.07834447278,((t9:0.5957101125,t21:0.5957101125):0.6110704186,((t15:0.2957075525,t14:0.2957075525):0.3778566465,(t7:0.2664525282,t13:0.2664525282):0.4071116708):0.5332163321):0.4463959872):0.7356902697,((t20:0.7462300249,(t17:0.5041508393,t12:0.5041508393):0.2420791856):0.8612797438,((t8:0.08403779512,t6:0.08403779512):1.388524898,((t1:0.6941348365,(t11:0.204118253,t10:0.204118253):0.4900165835):0.5806686438,t18:1.27480348):0.1977592132):0.1349470753):0.7813570193):3.463840108;
13|0.0806699967617169|0.100771520382259|0.580976673518308|(((t12:21.65788194,(t2:13.16408683,t9:13.16408683):8.493795114):2.818499871,t11:24.47638181):5.082467141,(((t7:10.0096682,t3:10.0096682):1.62908918,t6:11.63875738):17.65767162,((t10:25.3086724,(((t1:4.322914797,t5:4.322914797):10.01032299,t4:14.33323779):9.670871521,t13:24.00410931):1.304563091):1.309581689,t8:26.61825409):2.678174917):0.2624199482):2.582774162;
38|2.99262133321259|0.242934000839014|0.726877517416142|((((((t16:0.3056690213,(t17:0.2300041498,t23:0.2300041498):0.07566487151):0.04338034433,t3:0.3490493656):0.07239879815,(t38:0.01584167218,t24:0.01584167218):0.4056064916):0.3342085548,((t15:0.4204652109,(t20:0.2894098094,(t8:0.0637419062,t19:0.0637419062):0.2256679032):0.1310554015):0.2531912301,((t28:0.0632491237,t27:0.0632491237):0.1888662186,t7:0.2521153423):0.4215410986):0.08200027763):0.260112487,((t5:0.2027299765,t32:0.2027299765):0.2329247877,t9:0.4356547642):0.5801144414):0.1943867729,(((t29:0.007628710184,t13:0.007628710184):0.6889707213,((((t26:0.05201569607,t22:0.05201569607):0.3189842747,(((t4:0.002468376678,t35:0.002468376678):0.1673735247,t37:0.1698419014):0.01575678908,(t12:0.09761967317,t1:0.09761967317):0.08797901731):0.1854012803):0.02573216516,(((t31:0.1107558979,(t30:0.06195038345,t25:0.06195038345):0.04880551444):0.1288309073,(t21:0.07601633149,(t11:0.02283075886,t14:0.02283075886):0.05318557264):0.1635704737):0.03793433105,t18:0.2775211362):0.1192109997):0.07503486496,(t33:0.3149964652,t2:0.3149964652):0.1567705357):0.2248324306):0.04521444288,((t36:0.2479696628,(t10:0.2382807272,t6:0.2382807272):0.009688935604):0.05161773176,t34:0.2995873946):0.4422264798):0.4683421042):0.2831928178;
13|3.12665776610142|0.0293680282589048|0.944389472831972|(t6:0.5007113081,(((((t7:0.1194813174,t5:0.1194813174):0.02992365545,t10:0.1494049728):0.06437737169,t8:0.2137823445):0.2092108193,(t11:0.3718024006,t4:0.3718024006):0.05119076319):0.00565509462,(((t1:0.01169328208,t2:0.01169328208):0.05731957826,t12:0.06901286034):0.1192358221,((t9:0.01198593863,t3:0.01198593863):0.1323225292,t13:0.1443084678):0.04394021459):0.240399576):0.07206304972):0.2226662709;
47|1.12910001077456|0.236115705249831|0.543237564037554|((((t44:0.3650678912,t27:0.3650678912):0.4614359317,t29:0.8265038229):0.299655713,t35:1.126159536):2.158485398,((((t14:0.04631552176,t7:0.04631552176):2.6481093,(t15:0.7526933978,(((t45:0.1394003035,t31:0.1394003035):0.1322907121,t23:0.2716910156):0.3757210506,t11:0.6474120662):0.1052813316):1.941731424):0.1665253522,(t6:1.971101134,((((t46:0.6637506669,t47:0.6637506669):0.03399077233,t5:0.6977414392):0.5517423542,t24:1.249483793):0.1716163722,(((t34:0.5560813825,t39:0.5560813825):0.421195155,((t40:0.1761752335,t22:0.1761752335):0.09221113006,t10:0.2683863635):0.708890174):0.1495143556,t9:1.126790893):0.2943092726):0.5500009682):0.88984904):0.1570220606,(((t19:1.040777097,t21:1.040777097):0.3557841496,((((t32:0.3875016547,t25:0.3875016547):0.584993891,t37:0.9724955457):0.3487314493,(((t41:0.007805918548,t20:0.007805918548):1.261230491,((t1:0.6724430651,t36:0.6724430651):0.4561483295,t26:1.128591395):0.1404450153):0.02736236188,t38:1.296398772):0.02482822317):0.05533927895,((t4:0.07540970002,(t2:0.01975963275,t12:0.01975963275):0.05565006727):0.7035580116,t3:0.7789677116):0.5975985623):0.01999497237):0.7404776838,((t13:0.8419170083,t33:0.8419170083):1.280472183,(((t16:0.9978427662,t8:0.9978427662):0.359350338,((t17:0.1091375636,t28:0.1091375636):0.199302776,t43:0.3084403396):1.048752765):0.7198956765,((t30:0.2681067687,t18:0.2681067687):0.9821128171,t42:1.250219586):0.826869195):0.04530041083):0.0146497385):0.8809333044):0.2666726996):0.5159270264;
33|1.85226715799654|0.369509886899032|0.724144672276452|(((((t23:0.1869146144,t12:0.1869146144):0.2630146755,((t13:0.2780054299,t24:0.2780054299):0.1452362495,(((t30:0.009929878608,(t6:0.003500097624,t3:0.003500097624):0.006429780984):0.01662436551,t22:0.02655424411):0.09288190401,t8:0.1194361481):0.3038055313):0.02668761056):0.8758684627,((t17:0.2947137101,(t16:0.2345474191,(t19:0.04584012965,t11:0.04584012965):0.1887072895):0.06016629096):0.3796167833,(t15:0.2149056672,t20:0.2149056672):0.4594248263):0.6514672592):0.3084836709,((t25:0.08404415158,t31:0.08404415158):0.2923199894,(t21:0.342158259,t7:0.342158259):0.03420588199):1.257917283):0.1073455548,(((((t14:0.420622284,t4:0.420622284):0.003910843778,(t1:0.1450606157,t28:0.1450606157):0.2794725121):0.02920583268,(t27:0.09004829483,t18:0.09004829483):0.3636906656):0.4437925417,((t29:0.03564657065,t9:0.03564657065):0.8616738944,t32:0.897320465):0.0002110370763):0.05336677513,(((t33:0.009823312314,t5:0.009823312314):0.2570234462,(t10:0.2256902407,t2:0.2256902407):0.04115651781):0.2373369587,t26:0.5041837172):0.4467145601):0.7907287011):0.643414511;
38|0.89318210309837|0.448928139938507|0.937350182328373|(((t16:2.186651174,((((t31:1.060387333,t10:1.060387333):0.1483259035,t6:1.208713236):0.09715103907,t11:1.305864275):0.8036745428,(((t13:0.4470806928,t35:0.4470806928):0.135150594,(t21:0.5264522095,(t24:0.09817303345,t29:0.09817303345):0.428279176):0.05577907734):0.4545685801,(((t33:0.060499594,t38:0.060499594):0.3006889283,t34:0.3611885223):0.5141055008,((t17:0.2815546104,t28:0.2815546104):0.5122091504,t14:0.7937637608):0.08153026227):0.1615058438):1.072738951):0.07711235611):0.223870743,((t5:1.601690422,(((t1:1.044168718,(((t37:0.07208350556,t30:0.07208350556):0.2353788355,(t26:0.03429652046,t25:0.03429652046):0.2731658206):0.1648455901,t20:0.4723079312):0.5718607867):0.1065017326,(t15:1.096818849,t12:1.096818849):0.05385160141):0.2432579117,(((t7:0.6477952054,t2:0.6477952054):0.4102478313,(t4:0.4675824692,t9:0.4675824692):0.5904605675):0.2272641732,(((t27:0.1584789836,t36:0.1584789836):0.6844887144,t18:0.842967698):0.139615458,t22:0.982583156):0.302724054):0.1086211523):0.2077620596):0.590556834,((t3:0.3550218031,(t32:0.2770012368,t8:0.2770012368):0.07802056633):0.4237854497,t19:0.7788072529):1.413440003):0.2182746613):0.3326895893,t23:2.743211506):0.02745353508;
33|2.04642809063196|0.421235537433531|0.840684665017761|(((((t18:0.1836074755,(t1:0.165367569,(t31:0.06957025937,(t12:0.04550956806,t17:0.04550956806):0.02406069131):0.09579730964):0.01823990653):0.2502066686,t26:0.4338141442):0.1334821825,((t13:0.04181556341,(t3:0.003045015654,t11:0.003045015654):0.03877054775):0.03639549267,(t32:0.07015605881,t33:0.07015605881):0.008054997259):0.4890852706):0.5215419213,((((t30:0.06162624431,(t10:0.002092340486,t29:0.002092340486):0.05953390382):0.4858071138,t25:0.5474333581):0.0818266382,((t24:0.137476836,t22:0.137476836):0.002878740675,t20:0.1403555767):0.4889044196):0.2665279674,((t15:0.4639569913,((t21:0.2029065182,t19:0.2029065182):0.243893387,(t27:0.07988458102,(t6:0.07459463829,t23:0.07459463829):0.005289942725):0.3669153242):0.01715708604):0.03373183346,t5:0.4976888247):0.3980991389):0.1930502843):0.06762751577,(((t9:0.1422213589,(t7:0.09657724298,t8:0.09657724298):0.04564411596):0.2674082324,((t14:0.2300531231,(t16:0.1775692926,t4:0.1775692926):0.05248383047):0.1064459572,t28:0.3364990802):0.07313051111):0.6713050436,t2:1.080934635):0.07553112882):0.5768713695;
16|0.0191231222520582|0.140430713810492|0.814630117733032|(((((t16:0.8797900895,t15:0.8797900895):43.39359454,t6:44.27338463):47.72482169,t2:91.99820632):30.09978927,(t13:102.1374316,((t3:11.09160815,(t1:2.260165482,t10:2.260165482):8.831442671):48.7928496,(t11:15.25686447,t4:15.25686447):44.62759329):42.25297382):19.96056401):35.27564099,((t9:38.00012742,((t7:0.7891210781,t12:0.7891210781):22.21968228,t8:23.00880336):14.99132406):106.1800477,(t14:22.41154754,t5:22.41154754):121.7686276):13.1934614):23.29398084;
27|0.320914867105894|0.117497722217813|0.673390703392215|((((((t25:0.5445511702,(t21:0.2766149653,t22:0.2766149653):0.2679362049):1.996070886,t10:2.540622057):1.343232786,((t24:1.250644552,(t23:0.7844088603,t12:0.7844088603):0.4662356913):2.378454614,((t18:0.1343543642,t14:0.1343543642):1.017544386,t15:1.15189875):2.477200416):0.2547556769):0.3684512681,t2:4.252306111):0.355654361,(t4:4.312286649,(t8:1.050006459,t16:1.050006459):3.26228019):0.2956738227):2.426699526,((t17:2.364749927,((t6:0.5335395011,t3:0.5335395011):1.653681214,t13:2.187220716):0.1775292116):3.966148159,(((t11:3.235689709,(t7:3.073935325,t19:3.073935325):0.1617543837):1.162194781,(((t1:1.031991581,t9:1.031991581):1.21990889,(t27:0.9755136823,t20:0.9755136823):1.276386788):0.01235652512,t26:2.264256995):2.133627494):1.395084071,t5:5.792968561):0.5379295255):0.7037619113):1.828065916;
34|0.657435914438684|0.257775874673389|0.737335675512441|(((t33:1.319359468,((t26:0.9816213377,(t15:0.8366250138,t29:0.8366250138):0.1449963239):0.2812197011,(((t10:0.04803050661,t24:0.04803050661):0.3527193859,t11:0.4007498925):0.4645996732,(t4:0.1536946159,t6:0.1536946159):0.7116549498):0.3974914732):0.05651842952):0.728292463,t1:2.047651931):2.235865583,(((((t14:0.4063546861,t27:0.4063546861):1.001884667,(((t2:0.3064465966,t25:0.3064465966):0.8538009452,(t5:1.052208628,(t31:0.2564821557,t21:0.2564821557):0.7957264727):0.1080389134):0.1509215793,t20:1.311169121):0.0970702317):0.7867973683,t22:2.195036721):1.41313482,t23:3.608171541):0.2322440468,(((t19:0.1316489467,t9:0.1316489467):1.978043433,t34:2.109692379):0.1445499961,(((t28:0.6866725381,t18:0.6866725381):1.287968504,t12:1.974641042):0.01758277547,(((t7:0.825305889,(t8:0.0685290876,t32:0.0685290876):0.7567768014):0.1309749614,t3:0.9562808505):0.9223472645,((t16:0.9962754748,t30:0.9962754748):0.1556955209,(t17:0.03968905135,t13:0.03968905135):1.112281944):0.7266571192):0.1135957025):0.262018558):1.586173212):0.4431019269):1.361686502;
41|3.79699257638073|0.277369940797798|0.924897273886018|((((((t39:0.1949233003,t30:0.1949233003):0.03003973049,((t40:0.1427537198,t29:0.1427537198):0.04692058655,t36:0.1896743064):0.03528872441):0.04292453814,((t33:0.1526160921,t21:0.1526160921):0.03581418342,(((t8:0.05497124846,t2:0.05497124846):0.03521158362,t5:0.09018283208):0.004964891214,t7:0.09514772329):0.09328255221):0.07945729343):0.134030858,((t25:0.05558194749,t22:0.05558194749):0.1989404127,t32:0.2545223602):0.1473960668):0.0897464907,((t26:0.1672458728,(t15:0.1561835575,(t4:0.1289391575,t28:0.1289391575):0.02724439998):0.01106231536):0.2018863597,(t9:0.1424845657,t3:0.1424845657):0.2266476668):0.1225326851):0.5509802497,((t35:0.5179078478,(t10:0.399495899,((t11:0.1921225649,(((t20:0.01357522986,t23:0.01357522986):0.04258138543,t41:0.05615661528):0.1322510836,(((t12:0.01544088178,t38:0.01544088178):0.02053225509,t19:0.03597313687):0.095873648,((t34:0.003100903099,t18:0.003100903099):0.03120648882,t27:0.03430739192):0.09753939295):0.05656091402):0.003714865976):0.1341816181,((t14:0.03766972791,t16:0.03766972791):0.278139242,((t24:0.05741922258,t13:0.05741922258):0.02329965082,t1:0.08071887339):0.2350900965):0.01049521308):0.073191716):0.1184119488):0.2519556162,((t31:0.03896033945,t37:0.03896033945):0.4219334726,(t6:0.08663218885,t17:0.08663218885):0.3742616232):0.3089696519):0.2727817033):0.01539084677;
40|2.11972848728532|0.242761305498425|0.956578522454947|(((((t32:0.08668333937,t30:0.08668333937):0.08253769914,t31:0.1692210385):0.1274956405,(((t24:0.04279565208,t36:0.04279565208):0.2064927758,((t4:0.07070441061,t37:0.07070441061):0.1341415736,t6:0.2048459842):0.04444244371):0.03092521223,(t10:0.2223876916,t15:0.2223876916):0.05782594855):0.01650303893):0.05195741469,(t27:0.04442767031,(t3:0.001980337951,t38:0.001980337951):0.04244733235):0.3042464234):0.8307127986,(((((t34:0.2720634995,(t35:0.06545349651,t13:0.06545349651):0.206610003):0.03598121834,(t14:0.2622176707,t17:0.2622176707):0.04582704711):0.04483797158,(t1:0.1796035354,t29:0.1796035354):0.173279154):0.2783489548,(t23:0.58221342,(t8:0.5766097023,(t9:0.4565685714,(t18:0.319745032,(t16:0.0834930536,t2:0.0834930536):0.2362519784):0.1368235394):0.1200411308):0.005603717788):0.04901822414):0.1472111657,(((t19:0.07220158738,t25:0.07220158738):0.1789628335,t40:0.2511644209):0.4634038123,((t28:0.4340253513,((t39:0.3257249318,t33:0.3257249318):0.08675909042,((t22:0.1687524839,t5:0.1687524839):0.04845439994,t21:0.2172068839):0.1952771383):0.02154132905):0.2459095326,((t20:0.292088122,t26:0.292088122):0.3364045946,((t11:0.00602634829,t12:0.00602634829):0.1358572258,t7:0.1418835741):0.4866091426):0.05144216718):0.03463334935):0.06387457673):0.4009440824):0.1338117444;
22|0.394518307263497|0.36408087316202|0.774398302659392|(t15:7.204045792,((((t22:0.7695961897,t2:0.7695961897):0.4904727839,((t4:0.178163515,t17:0.178163515):0.4633998373,t8:0.6415633523):0.6185056213):3.465387905,(((t6:1.364814574,(t19:0.6830439449,t9:0.6830439449):0.6817706292):1.616209913,t1:2.981024487):0.1363203121,(((t14:0.2279030699,t16:0.2279030699):0.03589501391,t20:0.2637980838):2.642176492,(t7:0.716613227,t3:0.716613227):2.189361349):0.2113702231):1.608112079):0.4572381418,((t21:2.235891752,((t18:0.6872878882,t13:0.6872878882):1.026441638,t5:1.713729526):0.5221622256):0.9449908333,(t12:0.3892409981,(t11:0.2415185345,t10:0.2415185345):0.1477224637):2.791641587):2.001812435):2.021350772):0.3556876492;
37|3.8340746283764|0.233052736762911|0.98514010978397|(((((t5:0.086682987,((t7:0.02484745402,t16:0.02484745402):0.04801044156,t1:0.07285789558):0.01382509142):0.2429235669,(t32:0.3164217719,(t27:0.05864194635,t37:0.05864194635):0.2577798256):0.01318478197):0.205102293,(t4:0.3725210743,((t24:0.2335546604,t23:0.2335546604):0.00594941682,t34:0.2395040772):0.1330169971):0.1621877725):0.1541949085,((((t25:0.1311375772,(t12:0.08844152925,t20:0.08844152925):0.04269604792):0.08589242889,(t15:0.1165391293,t13:0.1165391293):0.1004908768):0.1486148305,((t35:0.0309032658,t10:0.0309032658):0.247177866,t31:0.2780811318):0.08756370475):0.1904435366,(((t11:0.1006290016,((t33:0.02649579211,t3:0.02649579211):0.05955806549,t30:0.08605385761):0.01457514398):0.08001700074,t14:0.1806460023):0.3268622883,(((t2:0.1017059828,t8:0.1017059828):0.1688999937,((t17:0.01477189834,t9:0.01477189834):0.09638483703,t19:0.1111567354):0.1594492411):0.1138939955,((t36:0.03985553566,t6:0.03985553566):0.2734313819,t18:0.3132869176):0.07121305444):0.1230083186):0.04858008252):0.1328153822):0.004976373308,((t21:0.1999892165,(t29:0.05787607884,(t22:0.03421872639,t28:0.03421872639):0.02365735245):0.1421131377):0.1381077133,t26:0.3380969298):0.3557831988):0.80426273;
20|0.301947179588024|0.054648972840514|0.565849394304678|((((((t8:1.276683249,(t16:0.1434679349,t3:0.1434679349):1.133215314):0.068203247,t14:1.344886496):2.175747116,t18:3.520633612):3.723453008,((t1:0.6916088985,t10:0.6916088985):3.953348465,t7:4.644957363):2.599129256):0.3289171708,t20:7.57300379):0.1760278403,((((t13:1.363303212,(t4:0.7976620405,t5:0.7976620405):0.5656411714):0.5984172304,(t6:0.5948696079,t12:0.5948696079):1.366850834):1.062871589,(t19:2.645916072,(t9:0.7043884583,t2:0.7043884583):1.941527613):0.3786759596):2.194988153,(t17:2.559641395,(t15:0.5371120784,t11:0.5371120784):2.022529317):2.659938789):2.529451447):6.98912083;
23|2.02364522803342|0.365937977605499|0.611808975576423|((((t4:0.1782222763,t14:0.1782222763):0.02836361551,t10:0.2065858919):0.02556046987,(t8:0.1184193904,t2:0.1184193904):0.1137269714):1.39357958,((((t22:0.7638028513,(((t15:0.394866894,(t18:0.192237501,t3:0.192237501):0.202629393):0.01511541793,(t19:0.3248549879,t13:0.3248549879):0.08512732397):0.3046132783,(t21:0.2846368585,t9:0.2846368585):0.4299587317):0.04920726106):0.06470182423,t11:0.8285046755):0.2355528752,((t7:0.3319112887,(t6:0.04150733455,t5:0.04150733455):0.2904039541):0.255001931,t16:0.5869132196):0.4771443311):0.2712185335,(t1:0.4655591841,((t17:0.2712439378,(t12:0.07763939572,t20:0.07763939572):0.1936045421):0.01518410376,t23:0.2864280416):0.1791311426):0.8697169001):0.2904498579):1.013115835;
12|3.35858324380359|0.468833827557974|0.510724685969763|((((t3:0.1131043902,(t11:0.05546669977,t5:0.05546669977):0.05763769046):0.01454616035,(t2:0.07182992265,t7:0.07182992265):0.05582062794):0.3265208049,t8:0.4541713555):0.59938399,((t4:0.5698371206,t6:0.5698371206):0.3965670786,((t9:0.2900859879,t12:0.2900859879):0.09999029929,(t1:0.1726599901,t10:0.1726599901):0.2174162971):0.576327912):0.0871511463):0.005410573201;
12|1.09095197408693|0.435000396415126|0.86009634565562|(((t6:0.6331829861,t12:0.6331829861):0.1733675204,t7:0.8065505065):0.7007608637,((((t9:0.3683638255,((t11:0.2418373877,t5:0.2418373877):0.03338363653,t3:0.2752210242):0.09314280132):0.373504315,t2:0.7418681405):0.1688450376,t1:0.9107131781):0.1582487546,((t10:0.5862403643,t4:0.5862403643):0.03467025263,t8:0.6209106169):0.4480513157):0.4383494376):0.03726896807;
48|1.53929180389969|0.478724517845549|0.976649805903435|(((((t32:0.4929372974,(t31:0.05684183475,t16:0.05684183475):0.4360954626):0.09471197293,(t9:0.2052157866,t7:0.2052157866):0.3824334837):0.02447639907,(t40:0.2570796005,(t30:0.2449225403,t24:0.2449225403):0.01215706013):0.3550460689):0.5191684881,((t34:0.6609021552,(((t37:0.1348328176,(t5:0.01307833481,t45:0.01307833481):0.1217544828):0.07797035271,(t29:0.1916163627,t13:0.1916163627):0.02118680759):0.3014746377,(t43:0.2668556137,((t25:0.07359947067,t46:0.07359947067):0.05266331684,t12:0.1262627875):0.1405928262):0.2474221943):0.1466243472):0.3825231292,((((t38:0.1090324806,t42:0.1090324806):0.1851820116,(t41:0.1130488101,((t33:0.005876373467,t28:0.005876373467):0.04103867605,t1:0.04691504952):0.06613376054):0.1811656822):0.476198099,((((t8:0.1975564098,(t2:0.08380994821,t35:0.08380994821):0.1137464616):0.02916433461,t17:0.2267207444):0.113314134,t19:0.3400348784):0.2343707717,(t26:0.01453839443,t10:0.01453839443):0.5598672556):0.1960069412):0.1938811718,(((t47:0.2589728512,t4:0.2589728512):0.1431889366,t23:0.4021617878):0.1088721033,t27:0.5110338911):0.4532598719):0.07913152134):0.08786887312):0.220474555,(((t44:0.2720791848,t3:0.2720791848):0.2585655714,t18:0.5306447563):0.05811470498,((((t6:0.04302990471,(t39:0.02418771052,t36:0.02418771052):0.01884219418):0.1315596365,(t48:0.09580642916,((t15:0.002796095154,t21:0.002796095154):0.01847651914,t22:0.0212726143):0.07453381486):0.07878311201):0.03708746953,t14:0.2116770107):0.2266746914,(t11:0.2345188679,t20:0.2345188679):0.2038328342):0.1504077591):0.7630092513):0.282643156;
44|2.45226015917724|0.488829641409684|0.660755706834607|(((((((((t33:0.0198598496,t23:0.0198598496):0.04544348457,t28:0.06530333417):0.0480267804,t14:0.1133301146):0.2797700381,t38:0.3931001526):0.4498067667,(((t41:0.0004364639472,t36:0.0004364639472):0.1318683082,(t43:0.02093772015,t27:0.02093772015):0.111367052):0.5918906803,t17:0.7241954525):0.1187114669):0.04420426703,(t20:0.3452838788,(t18:0.1625408679,t40:0.1625408679):0.1827430109):0.5418273075):0.2299985918,((t24:0.2279938849,t39:0.2279938849):0.5500314483,(t44:0.1199673814,t22:0.1199673814):0.6580579518):0.339084445):0.01111252916,(((t15:0.4527780601,(t30:0.1355901631,t11:0.1355901631):0.3171878969):0.1985839518,(t16:0.1357947566,t2:0.1357947566):0.5155672552):0.3707688094,(((t32:0.01777767913,t31:0.01777767913):0.2462946734,(t4:0.04371930029,t13:0.04371930029):0.2203530522):0.5136120672,((t3:0.06914083424,t42:0.06914083424):0.2478325439,t19:0.3169733781):0.4607110416):0.2444464015):0.1060914861):0.1291457847,((t35:0.6082608637,(((t6:0.07621368125,t10:0.07621368125):0.1129281459,t7:0.1891418272):0.2223004091,(t29:0.1494720379,t34:0.1494720379):0.2619701984):0.1968186274):0.2352981203,((t1:0.05969445153,t8:0.05969445153):0.6896915899,((t37:0.4009862358,(t12:0.130265074,(t9:0.02470295486,t26:0.02470295486):0.1055621192):0.2707211618):0.1640169557,((t21:0.1487365454,t5:0.1487365454):0.1695838457,t25:0.318320391):0.2466828005):0.18438285):0.09417294256):0.413809108):0.08335526325;
24|2.59171082268469|0.0700845256121829|0.75437164446339|((((t22:0.07490559571,(t13:0.0745523895,t15:0.0745523895):0.0003532062087):0.1475674104,(t8:0.06507745752,(t4:0.02882754153,t16:0.02882754153):0.03624991599):0.1573955486):1.14989936,((((((t19:0.1188855043,t9:0.1188855043):0.1350487102,(t10:0.0002884826924,t12:0.0002884826924):0.2536457318):0.05662551528,(t18:0.3006759192,(t5:0.2971416546,t11:0.2971416546):0.003534264618):0.009883810616):0.3032065152,(t21:0.2679110083,t14:0.2679110083):0.3458552367):0.4122604114,((t2:0.2032973571,t1:0.2032973571):0.1396929035,t23:0.3429902606):0.6830363958):0.3035586261,((t24:0.03548790599,t3:0.03548790599):0.5199737976,((t6:0.06997302363,t20:0.06997302363):0.1548805195,t7:0.2248535431):0.3306081604):0.7741235789):0.04278708332):0.8865816579,t17:2.258954024):0.005851846831;
30|0.289430411546491|0.0805376871326007|0.634878069977276|(((t13:2.503424108,t6:2.503424108):2.622885147,((t18:1.425454924,(t3:0.9857681532,t12:0.9857681532):0.4396867704):0.06069015194,t17:1.486145075):3.640164179):12.7916489,((((t5:4.304893595,t15:4.304893595):3.382186563,(((((t22:2.260236899,(t10:0.7658996022,t27:0.7658996022):1.494337297):1.827352879,t20:4.087589779):0.7168370359,(t14:3.092678169,(t25:0.7663857792,t2:0.7663857792):2.32629239):1.711748645):1.474098889,t30:6.278525704):1.137245776,(t9:2.228704849,t26:2.228704849):5.187066631):0.271308679):2.230948455,((t28:5.901347026,(((t29:0.5603979181,t1:0.5603979181):1.459437028,t16:2.019834946):0.06464454436,t11:2.08447949):3.816867536):1.359914162,((t4:1.396820731,t23:1.396820731):4.126064722,((t8:1.270018313,t21:1.270018313):0.4052527091,t7:1.675271023):3.84761443):1.738375735):2.656767426):0.449712187,(t19:8.233174876,t24:8.233174876):2.134565924):7.550217354):1.556027393;
20|0.275038433272857|0.115828891126439|0.67026543407701|(((t20:5.068374351,(t16:3.844871788,((((t5:0.3122081001,t6:0.3122081001):0.2116399608,t18:0.5238480609):2.433258044,((t11:0.9044371785,t15:0.9044371785):1.129596382,(t19:0.6164888552,t14:0.6164888552):1.417544706):0.923072544):0.6910245061,t9:3.648130611):0.1967411767):1.223502563):2.141180716,(((t3:1.310281008,t8:1.310281008):1.891808677,(t13:3.201800392,t10:3.201800392):0.0002892924748):1.100874017,(t12:2.702037855,((t17:1.728526684,t4:1.728526684):0.8516882212,(t2:2.300181371,t7:2.300181371):0.2800335344):0.1218229498):1.600925847):2.906591365):0.326127411,t1:7.535682477):5.52320158;
15|0.717553543343674|0.394298234779853|0.988325776765123|(t12:2.012373287,(t4:1.501150252,((((t7:0.146775936,t1:0.146775936):1.033208226,(t10:0.5814276575,(t3:0.3046673385,t8:0.3046673385):0.276760319):0.5985565041):0.05969212469,(t6:0.3283180475,t5:0.3283180475):0.9113582387):0.1946954952,(((t14:0.08133150068,t2:0.08133150068):0.4686329318,t11:0.5499644325):0.4369004505,(t13:0.8784137822,(t9:0.7974197091,t15:0.7974197091):0.08099407313):0.1084511007):0.4475068985):0.06677847056):0.5112230353):4.245038053;
16|1.60869830621406|0.0796269157715142|0.677944645634852|((((t9:0.03158857782,t16:0.03158857782):0.5573265517,t11:0.5889151296):0.2505317955,(((((t12:0.3810254783,t3:0.3810254783):0.172123413,t4:0.5531488913):0.07088509111,t10:0.6240339824):0.03804364473,t2:0.6620776271):0.07708863831,(t7:0.1954202446,t15:0.1954202446):0.5437460209):0.1002806597):1.065167604,(t13:1.839501551,(t8:1.733027576,((t14:0.6155067223,t6:0.6155067223):0.6251190514,(t1:1.016428433,t5:1.016428433):0.2241973407):0.4924018026):0.1064739742):0.06511297876):0.9969201073;
19|3.65642702499405|0.0151346224616282|0.645243856823072|(((((t3:0.01735130082,t9:0.01735130082):0.05093039044,t1:0.06828169126):0.06324092948,(t6:0.06427853163,t8:0.06427853163):0.06724408911):0.141143285,(t5:0.1494814205,t18:0.1494814205):0.1231844852):0.3948827518,((t16:0.4032812945,(t17:0.0199239575,t4:0.0199239575):0.383357337):0.227043983,(((t15:0.07049908253,t14:0.07049908253):0.05034766747,t13:0.12084675):0.3680396941,(((t12:0.1370074218,t11:0.1370074218):0.1292614521,(t7:0.04357712208,t2:0.04357712208):0.2226917518):0.01102392542,(t19:0.06542611493,t10:0.06542611493):0.2118666843):0.2115936448):0.1414388334):0.03722338005):0.5952495085;
20|2.17174324052641|0.289012543992139|0.63758775673341|((((t13:0.3587121941,(t8:0.107402227,(t11:0.01547351917,t5:0.01547351917):0.0919287078):0.2513099671):0.004917183467,t17:0.3636293775):0.369086446,(((t3:0.3749818474,(t2:0.20105877,t1:0.20105877):0.1739230774):0.09775154705,((t12:0.2245120712,(t4:0.1602156529,t18:0.1602156529):0.0642964183):0.2216755837,((t20:0.1315392707,t14:0.1315392707):0.2874349766,t7:0.4189742473):0.02721340764):0.02654573942):0.1389263777,(((t9:0.2268165964,(t15:0.04118915449,t6:0.04118915449):0.1856274419):0.0917960567,t10:0.3186126531):0.1101263189,t19:0.428738972):0.1829208002):0.1210560514):0.2208654099,t16:0.9535812334):0.2313090969;
12|1.80985182701377|0.13268460203195|0.835672248154879|(((t5:0.3983399314,(t9:0.3230451427,((t6:0.01427722581,t2:0.01427722581):0.07528318203,t10:0.08956040784):0.2334847349):0.07529478867):0.002573568495,(t12:0.1451793202,t1:0.1451793202):0.2557341797):0.1379353876,((t8:0.1982067001,((t3:0.06766217677,t7:0.06766217677):0.05692168709,t11:0.1245838639):0.07362283623):0.291261724,t4:0.4894684241):0.0493804634):0.2832573794;
50|1.14927450550953|0.019874284460675|0.783137581543997|(((((((t47:0.1788863729,t19:0.1788863729):1.402741825,(((t18:0.4406965224,(t3:0.2256509672,(t6:0.1304191366,t45:0.1304191366):0.09523183063):0.2150455552):0.333726314,t25:0.7744228364):0.7026786518,t7:1.477101488):0.10452671):0.3179884454,((t17:0.6744028643,t15:0.6744028643):0.1497549679,(t29:0.6570879904,(t41:0.373836058,t35:0.373836058):0.2832519323):0.1670698418):1.075458811):0.9186967386,((t39:0.950286922,t13:0.950286922):1.263920998,(((t8:0.07373799535,t5:0.07373799535):0.08851997772,t38:0.1622579731):0.7948746241,((t34:0.8624881465,t46:0.8624881465):0.08849785197,(t22:0.0001196740738,t2:0.0001196740738):0.9508663244):0.006146598679):1.257075323):0.6041054624):0.2722621469,((t28:1.689927241,((((((t20:0.05882536258,t37:0.05882536258):0.1300824629,t24:0.1889078255):0.07393723805,t36:0.2628450635):0.0691523904,t12:0.3319974539):1.288282745,(t11:1.545249821,(((t30:0.05352558067,t33:0.05352558067):0.2385066767,t32:0.2920322574):0.8703145682,t21:1.162346826):0.3829029952):0.07503037777):0.03853797333,t40:1.658818172):0.03110906903):0.2306739398,(t26:0.9541923011,t10:0.9541923011):0.9664088796):1.169974348):0.118186213,(t43:2.210823338,((t31:0.8660357213,t50:0.8660357213):0.8753851961,(t42:0.6998870271,(t23:0.1771709302,(t14:0.08318342631,(t16:0.07762611589,t48:0.07762611589):0.005557310423):0.09398750393):0.5227160969):1.04153389):0.469402421):0.9979384037):0.2358804061,((((t4:0.1955784556,t49:0.1955784556):0.4089644854,t27:0.604542941):0.8878016381,t44:1.492344579):0.6127130197,(t9:1.811941416,t1:1.811941416):0.293116183):1.339584549):0.1646811677;
21|0.691048157978803|0.157496863920242|0.608906652778387|((t3:1.338356648,(t19:0.3653798827,t18:0.3653798827):0.9729767652):3.575468305,(t16:4.224503916,((t15:2.695100785,t6:2.695100785):1.050575691,((((t11:0.2254459768,t5:0.2254459768):2.076197758,((t9:0.5586115305,(t13:0.4672373079,t10:0.4672373079):0.09137422267):0.7930593386,(t1:0.8291450156,(t12:0.1008619025,t2:0.1008619025):0.7282831131):0.5225258536):0.9499728659):0.09140551668,(((t14:0.4476582186,t4:0.4476582186):0.9715322064,(t8:0.6057996673,t7:0.6057996673):0.8133907577):0.5893425049,t17:2.00853293):0.3845163218):0.7679029948,(t21:0.66260946,t20:0.66260946):2.498342787):0.5847242294):0.4788274396):0.6893210375):1.080924521;
38|3.90361301350407|0.292304950593971|0.679380766465329|(((((((t34:0.02548188156,t4:0.02548188156):0.1231233191,t3:0.1486052007):0.1653165924,(((t11:0.1613897291,(t24:0.03727921114,t6:0.03727921114):0.1241105179):0.002262913593,t27:0.1636526427):0.006111700118,t20:0.1697643428):0.1441574503):0.3513929798,((((t28:0.3217948152,t9:0.3217948152):0.08636773171,((t35:0.1081029535,(t2:0.0616285298,t14:0.0616285298):0.04647442373):0.08662180738,(t1:0.1280680914,t19:0.1280680914):0.06665666947):0.213437786):0.07260287771,t33:0.4807654247):0.08518377917,((t12:0.3288450921,((t22:0.005591617557,t13:0.005591617557):0.07820161537,t38:0.08379323293):0.2450518591):0.01230262383,t26:0.3411477159):0.2248014879):0.09936556906):0.4024561077,(t36:0.3246246644,(t15:0.1379435891,(t23:0.03661610467,(t37:0.01176086485,t5:0.01176086485):0.02485523982):0.1013274844):0.1866810753):0.7431462163):0.067741595,((t29:0.1189950193,t8:0.1189950193):0.6811014382,t16:0.8000964575):0.3354160181):0.09233231556,((((t21:0.1356774585,t32:0.1356774585):0.03862626982,((t31:0.02195969484,t7:0.02195969484):0.05584410503,(t17:0.03151575091,t30:0.03151575091):0.04628804896):0.09649992844):0.08782008736,(t25:0.003586788071,t18:0.003586788071):0.2585370276):0.08841243452,t10:0.3505362502):0.877308541):0.4481832322;
22|0.522324807045516|0.486082968562841|0.583824041648768|((t17:4.362742707,(((t15:0.8866631374,t2:0.8866631374):0.8283895245,t5:1.715052662):0.2230975574,(t11:1.123754226,(t9:0.8781968189,t22:0.8781968189):0.2455574073):0.8143959932):2.424592488):0.06552777867,((((((t21:1.116362165,(t18:0.5222948181,t7:0.5222948181):0.5940673473):0.1732647802,t10:1.289626946):1.024296442,t19:2.313923388):0.7229045108,(t1:1.498664236,t8:1.498664236):1.538163663):0.03714166524,t14:3.073969564):0.8381602376,(((t12:0.8048219807,(t13:0.7854913625,t20:0.7854913625):0.01933061818):2.050760135,(t16:0.0001942633286,t6:0.0001942633286):2.855387852):0.8655860405,(t3:0.7479884258,t4:0.7479884258):2.97317973):0.1909616457):0.5161406841):0.7537529182;
28|3.47275770956418|0.122493371178862|0.922558107529767|(((((((t8:0.02317155214,t9:0.02317155214):0.1371939281,t19:0.1603654802):0.0678499834,t3:0.2282154636):0.1810960054,((t11:0.1425390471,t23:0.1425390471):0.2400870761,t12:0.3826261233):0.02668534577):0.1320784003,((t5:0.2312165788,t6:0.2312165788):0.0346716369,(t28:0.07867066837,(t1:0.06012284655,(t17:0.05599438338,t27:0.05599438338):0.004128463163):0.01854782182):0.1872175473):0.2755016536):0.1203830571,((((t13:0.02652240672,t24:0.02652240672):0.1828188506,(((t16:0.046099356,t21:0.046099356):0.04638292778,(t25:0.06581949844,t7:0.06581949844):0.02666278534):0.05323959193,t20:0.1457218757):0.06361938158):0.3026812645,(t2:0.008044566167,t26:0.008044566167):0.5039779556):0.006790773658,((t15:0.2189284705,t14:0.2189284705):0.1289370849,(t22:0.1567381393,t10:0.1567381393):0.1911274162):0.17094774):0.142959631):0.3318901944,(t4:0.3804971261,t18:0.3804971261):0.6131659947):0.1496320359;
11|1.26679199058795|0.186895671624225|0.510878272238187|(((t5:0.8697346879,(t4:0.2929873516,(t10:0.07737526143,t9:0.07737526143):0.2156120901):0.5767473363):0.6821191387,(t7:0.6662678078,t1:0.6662678078):0.8855860188):0.1124274747,((t11:0.4648457627,t8:0.4648457627):0.9174126173,(t6:1.069136174,(t3:0.3558499361,t2:0.3558499361):0.7132862376):0.3131222063):0.2820229212):1.277241139;
25|3.20065523081692|0.380410827405285|0.725862063700333|((t18:0.3341756789,t7:0.3341756789):0.4718225948,((((t2:0.1511598919,(t19:0.1392516082,t1:0.1392516082):0.01190828369):0.2030048302,((t17:0.1088400077,(t25:0.04701718151,t10:0.04701718151):0.06182282621):0.03203692095,t8:0.1408769287):0.2132877935):0.2439219027,((t15:0.1714830401,t5:0.1714830401):0.1421641123,((t12:0.1081452378,(t14:0.03567244912,(t4:0.008392812843,t16:0.008392812843):0.02727963628):0.07247278869):0.04550154629,((t11:0.1053934934,((t23:0.06039283879,(t21:0.0544991572,t20:0.0544991572):0.005893681582):0.0427441825,t22:0.1031370213):0.002256472132):0.01180908996,(t3:0.004355556027,t13:0.004355556027):0.1128470274):0.03644420073):0.1600003683):0.2844394724):0.07112314344,(t9:0.1260627957,(t6:0.067028699,t24:0.067028699):0.05903409675):0.5431469725):0.1367885054):0.8794812803;
26|2.6513132880372|0.398180456876289|0.777525460463949|((((((((((t17:0.04064726426,t16:0.04064726426):0.01569508491,(t8:0.0009047772513,t15:0.0009047772513):0.05543757192):0.0148449967,t12:0.07118734588):0.1551951702,(t2:0.0412532288,t13:0.0412532288):0.1851292873):0.2705832355,(t14:0.1115274451,t11:0.1115274451):0.3854383065):0.1486112636,((t22:0.5339304015,t10:0.5339304015):0.02989199283,t23:0.5638223944):0.08175462086):0.08975348922,(t6:0.1730069538,t4:0.1730069538):0.5623235506):0.05436836962,(t26:0.3887965452,(t5:0.2321841699,(((t20:0.04199710087,t3:0.04199710087):0.1222940044,(t9:0.1410751183,(t21:0.06817868228,t1:0.06817868228):0.07289643597):0.02321598706):0.06343142004,(t7:0.06098712616,t25:0.06098712616):0.1667353992):0.004461644515):0.1566123753):0.4009023289):0.3188531505,t18:1.108552025):0.02827958652,(t19:0.02178268387,t24:0.02178268387):1.115048927):0.7694775101;
49|2.19916247755289|0.0664111329521984|0.598810930852778|(((t8:0.6060684055,t45:0.6060684055):0.5706561465,((t22:0.0923034858,t39:0.0923034858):0.1736609265,t31:0.2659644123):0.9107601397):0.5943482937,(((((t28:0.2741337107,t19:0.2741337107):0.5999165669,(((t11:0.02458638144,t15:0.02458638144):0.757230751,t14:0.7818171325):0.05834652317,(t29:0.7298293506,((t47:0.199075662,t13:0.199075662):0.004953307191,t17:0.2040289692):0.5258003814):0.110334305):0.03388662193):0.4397249987,((t32:1.139521905,(t27:0.7539473221,t46:0.7539473221):0.3855745833):0.1580437311,(t6:0.6727736778,((t2:0.232193864,(t18:0.1601640888,(t10:0.1265071413,t5:0.1265071413):0.0336569475):0.07202977525):0.4313668416,t42:0.6635607057):0.009212972082):0.6247919587):0.01620963979):0.007131698874,((((t3:0.2445348369,(t12:0.1575702819,t30:0.1575702819):0.08696455495):0.4360631158,(t9:0.1873520123,t38:0.1873520123):0.4932459403):0.3595722673,(t43:0.9908536782,(t21:0.1704269963,((t20:0.02406087034,t7:0.02406087034):0.02845930072,t4:0.05252017106):0.1179068252):0.820426682):0.04931654166):0.01774961945,(t33:0.1710615126,t16:0.1710615126):0.8868583268):0.2629871358):0.2722752546,(((((t49:0.09155579105,t48:0.09155579105):0.3604181216,t44:0.4519739127):0.1786841076,t24:0.6306580202):0.2117524961,(t1:0.7404944583,(t41:0.291732018,t40:0.291732018):0.4487624402):0.1019160581):0.3181377965,(((t23:0.1697509586,t25:0.1697509586):0.4360652687,t35:0.6058162274):0.3899870779,(((t37:0.4070529641,t36:0.4070529641):0.04025258958,t34:0.4473055536):0.2157351914,t26:0.6630407451):0.3327625602):0.1647450076):0.4326339169):0.177890616):0.2533518993;
36|1.42787243507337|0.16408094833605|0.993248543003574|(((((t16:0.1473872705,t7:0.1473872705):0.4075225513,t19:0.5549098219):0.9338627395,(((t17:0.323434682,t8:0.323434682):0.1191541004,t9:0.4425887824):0.3911442728,(((t22:0.1568402909,t18:0.1568402909):0.5222948021,(t3:0.4021288624,t6:0.4021288624):0.2770062306):0.0580487923,t30:0.7371838852):0.09654917002):0.6550395061):0.1482534333,(((((t29:0.144011877,t4:0.144011877):0.001101211311,t11:0.1451130883):0.4980885184,t23:0.6432016067):0.001884225883,((t12:0.004863826505,t21:0.004863826505):0.3319597409,t13:0.3368235674):0.3082622652):0.4549155819,((t24:0.2478817071,t1:0.2478817071):0.4176138634,(((t2:0.2414888361,t35:0.2414888361):0.2153882804,t33:0.4568771165):0.1312184647,(t31:0.2432438315,(t27:0.06550883113,t28:0.06550883113):0.1777350004):0.3448517497):0.07739998926):0.434505844):0.5370245802):0.05028643742,((t14:0.6907043265,(t20:0.6392323271,((t26:0.2438139099,t25:0.2438139099):0.3269490235,t5:0.5707629334):0.06846939374):0.05147199943):0.5934410072,((t10:0.01576153566,t15:0.01576153566):0.483757768,(t36:0.0842969646,(t32:0.03178862406,t34:0.03178862406):0.05250834055):0.4152223391):0.78462603):0.4031670984):1.316546357;
15|2.97560520624975|0.285580225181766|0.820976557675749|((((t10:0.08518389215,t13:0.08518389215):0.5186711395,(((t14:0.05735617742,t7:0.05735617742):0.1525585793,t2:0.2099147568):0.01596739609,(t3:0.1434918626,(t1:0.03171731595,t5:0.03171731595):0.1117745467):0.08239029023):0.3779728788):0.325806923,(((t11:0.325249425,t12:0.325249425):0.06441073861,t8:0.3896601636):0.05140613121,t6:0.4410662948):0.4885956599):0.1626753511,(t4:0.2642759747,(t9:0.2507976936,t15:0.2507976936):0.01347828109):0.8280613311):0.1325979053;
48|0.512729159290902|0.136305111937691|0.896318665356375|((((t48:0.215341577,(t1:0.1101789301,(t24:0.09469877107,t29:0.09469877107):0.01548015899):0.1051626469):2.48003617,(t16:0.0530064517,t26:0.0530064517):2.642371295):1.923131257,(t7:4.483602501,(((t34:2.14730698,(t22:2.101929986,(t28:1.697355635,(((t36:1.094263257,t41:1.094263257):0.2113377208,(t20:0.3440169204,t21:0.3440169204):0.9615840575):0.3390297445,t33:1.644630722):0.05272491231):0.4045743515):0.04537699377):0.6185300727,t6:2.765837053):0.05191323743,((t47:1.049623791,t2:1.049623791):1.598291452,(t32:2.645627043,((t3:1.029487662,(((t42:0.14524792,t18:0.14524792):0.6032071163,t23:0.7484550364):0.0833180125,t14:0.8317730489):0.1977146128):1.080609845,((((t8:0.02705152187,t19:0.02705152187):1.052420439,t40:1.079471961):0.4112746483,t44:1.490746609):0.204710902,(t38:0.8298173287,t12:0.8298173287):0.8656401825):0.414639995):0.535529537):0.002288199527):0.1698350473):1.665852211):0.1349065036):1.330083559,(t45:4.697604432,(t43:4.612149282,((t37:0.64305544,t39:0.64305544):2.739195801,(((t4:2.12764668,((t35:1.727332204,t31:1.727332204):0.1487510067,(t27:1.504187702,t30:1.504187702):0.3718955083):0.2515634693):0.008294345907,(t13:1.84191771,(t25:0.7605168418,t17:0.7605168418):1.081400868):0.2940233161):0.8938764173,(t10:1.947047518,((t9:1.621358456,((t15:0.4020105337,t46:0.4020105337):0.1813682971,t11:0.5833788308):1.037979625):0.03621272389,t5:1.65757118):0.2894763386):1.082769925):0.3524337974):1.229898041):0.08545515039):1.250988131):1.25916897;
19|3.96222615477163|0.308314397446811|0.532706385594793|((((t8:0.04705065899,t15:0.04705065899):0.17622694,(t17:0.06281842524,t1:0.06281842524):0.1604591738):0.1787292609,((((t16:0.1157326221,(t14:0.006425030156,t12:0.006425030156):0.1093075919):0.04082914743,(t2:0.06352377485,t6:0.06352377485):0.09303799464):0.2259117401,(t19:0.1498793056,t4:0.1498793056):0.2325942039):0.006690271852,(((t7:0.004319287152,t11:0.004319287152):0.09740091059,t10:0.1017201977):0.2317042374,((t13:0.03662003539,t3:0.03662003539):0.1717795887,t5:0.2083996241):0.1250248111):0.0557393463):0.01284307852):0.008448756082,(t18:0.04085608549,t9:0.04085608549):0.3695995305):0.3456945198;
22|0.580810483796522|0.284593742939178|0.840265281614847|(((((t4:0.08523285461,t7:0.08523285461):0.05386889164,t8:0.1391017463):1.831300924,((t5:0.1099064544,t6:0.1099064544):1.367516479,t22:1.477422933):0.4929797372):0.04363482715,t19:2.014037498):1.808315571,(((t9:0.1132541468,t3:0.1132541468):0.471842317,(t21:0.5332464321,t12:0.5332464321):0.05185003172):1.700014335,(((((t15:0.08722414387,t1:0.08722414387):1.065626,t10:1.152850144):0.06432316455,t20:1.217173309):0.8877969075,((t16:1.532406184,(t13:0.7503397483,t11:0.7503397483):0.782066436):0.2532246261,(t14:1.156152098,t2:1.156152098):0.6294787121):0.3193394056):0.07568357737,(t18:0.5656167135,t17:0.5656167135):1.61503708):0.1044570056):1.53724227):1.576504833;
15|0.740497405293863|0.301256638118066|0.934605790884234|((((t13:0.8622583978,((t12:0.01043072555,t6:0.01043072555):0.3950544551,(t4:0.03583862875,(t14:0.005566488396,t11:0.005566488396):0.03027214035):0.3696465519):0.4567732172):0.3663366046,((t10:0.0327171034,t7:0.0327171034):0.7077493843,(t9:0.4906045846,t1:0.4906045846):0.2498619032):0.4881285147):0.1224529126,(((t15:0.1582509896,t2:0.1582509896):0.06482003207,t8:0.2230710217):0.9060533748,t5:1.129124396):0.2219235185):2.139283855,t3:3.49033177):0.1765553994;
21|1.16938352565747|0.0609169276128523|0.539509123889729|((t8:1.985418215,(t18:0.9730074495,t9:0.9730074495):1.012410765):1.197063034,((t4:0.1763215119,t2:0.1763215119):2.606264694,(((t5:1.0137879,t10:1.0137879):0.1678121421,t14:1.181600042):0.6167394524,(((t15:1.279981822,((t21:0.7500806249,((t6:0.1144342568,t1:0.1144342568):0.5988424363,t7:0.7132766931):0.0368039318):0.2801350165,t11:1.030215641):0.2497661802):0.2576069579,(t12:0.9447953694,(t19:0.9351858735,(t17:0.9317974106,(t20:0.8429435733,t16:0.8429435733):0.08885383732):0.003388462865):0.009609495896):0.5927934101):0.1839336055,(t13:0.1632046593,t3:0.1632046593):1.558317726):0.07681710932):0.9842467113):0.3998950431):0.3274685034;
24|3.59807842692127|0.0167210680106655|0.882194573991001|(t8:0.7206938023,(((t1:0.2243869442,(t2:0.02689548317,t22:0.02689548317):0.1974914611):0.006325546329,t19:0.2307124906):0.4530232705,(((t11:0.5586746053,((t15:0.01846495199,t21:0.01846495199):0.2860239847,((t5:0.1404497814,((t3:0.04041165259,t24:0.04041165259):0.08709370764,t12:0.1275053602):0.0129444212):0.1599478984,((t9:0.04405930304,t10:0.04405930304):0.1876425233,(t16:0.2070571345,t6:0.2070571345):0.0246446919):0.06869585349):0.004091256823):0.2541856687):0.006632812173,(t7:0.2116804241,t17:0.2116804241):0.3536269935):0.02804486028,(((t23:0.1027766511,t18:0.1027766511):0.02548651176,(t13:0.05789662358,t14:0.05789662358):0.07036653927):0.1371070044,(t20:0.2249870484,t4:0.2249870484):0.04038311882):0.3279821105):0.09038348321):0.0369580413):0.05242056624;
34|0.745994289461523|0.374056755988859|0.885358446743339|(t19:4.844789759,(((t17:1.886636216,(t4:0.0823426164,t33:0.0823426164):1.8042936):0.5171082088,(t20:0.5886124706,t32:0.5886124706):1.815131955):2.323209657,((t14:1.276183595,(t16:0.7568957749,t28:0.7568957749):0.5192878204):1.51158554,(((t6:1.401578378,(t9:1.099482876,(t15:0.0601234775,t30:0.0601234775):1.039359398):0.302095502):0.128800225,t7:1.530378603):0.8668754766,((t21:1.329431756,((t3:0.91478662,((t23:0.3682389594,(t34:0.1553869853,t29:0.1553869853):0.2128519741):0.3430598555,(t10:0.3007478587,(t26:0.05822365704,t25:0.05822365704):0.2425242017):0.4105509562):0.2034878051):0.2369147419,(((t18:0.2759530449,t5:0.2759530449):0.4345623936,(((t8:0.01272404696,t11:0.01272404696):0.1053010075,t24:0.1180250544):0.3434220833,t27:0.4614471377):0.2490683008):0.1470933126,t1:0.8576087511):0.2940926107):0.1777303941):0.04348350421,(t2:0.5716050746,(((t12:0.1937155303,t31:0.1937155303):0.07967798725,t22:0.2733935176):0.09297519691,t13:0.3663687145):0.2052363601):0.8013101856):1.024338819):0.3905150556):1.939184947):0.1178356768):0.1177073402;
40|2.61368268071907|0.440787495067343|0.923188037471846|(((((t14:0.4562771332,((t1:0.1984045271,((t7:0.0173337678,t17:0.0173337678):0.08076323868,t35:0.09809700648):0.1003075206):0.05905911485,(((t10:0.09017117302,(t19:0.03984482452,(t29:0.03796259575,(t39:0.03157957681,t23:0.03157957681):0.006383018943):0.001882228764):0.0503263485):0.06682644253,(t3:0.04014003481,t27:0.04014003481):0.1168575807):0.04118296365,(t36:0.03885777621,t9:0.03885777621):0.159322803):0.0592830627):0.1988134913):0.1059418122,t12:0.5622189454):0.1440343749,((((t13:0.0186590669,t5:0.0186590669):0.08778680131,(t31:0.07267636886,t21:0.07267636886):0.03376949934):0.09278755306,(t4:0.02579933499,(t28:0.02365652263,t16:0.02365652263):0.002142812367):0.1734340863):0.4231195875,(((t33:0.1264922635,t20:0.1264922635):0.06206747781,(t22:0.07790940542,t6:0.07790940542):0.1106503359):0.09634079965,(((t8:0.001156941446,t15:0.001156941446):0.04451091552,t30:0.04566785697):0.1873434562,t25:0.2330113132):0.05188922782):0.3374524678):0.0839003115):0.07797156133,((t18:0.3933685545,t37:0.3933685545):0.3452109002,((((t11:0.05686476166,t26:0.05686476166):0.06948768239,t38:0.1263524441):0.06751634114,(t2:0.08691274581,t34:0.08691274581):0.1069560394):0.02863995708,(t24:0.100269494,t32:0.100269494):0.1222392483):0.5160707124):0.0456454269):0.02619178067,t40:0.8104166623):1.434265843;
31|2.37884060971905|0.0433249996206723|0.954561038524844|(((((t28:0.4078467885,(t8:0.1377804588,t11:0.1377804588):0.2700663297):0.2237363635,(t14:0.4191981169,(t7:0.3683217342,(t15:0.3028255589,t23:0.3028255589):0.06549617538):0.05087638262):0.2123850351):0.1566182997,((t18:0.03104495488,t17:0.03104495488):0.4543007449,t22:0.4853456998):0.3028557519):0.1682278148,((((t24:0.1477777879,t20:0.1477777879):0.3445856479,(((t31:0.02325034075,t16:0.02325034075):0.1034226012,(t25:0.05472535465,t6:0.05472535465):0.07194758735):0.008724047998,(t29:0.01040122759,t5:0.01040122759):0.1249957624):0.3569664458):0.04210342048,((t2:0.1218887756,(t12:0.07256564728,t19:0.07256564728):0.04932312828):0.301223277,t3:0.4231120526):0.1113548037):0.1707398528,t4:0.7052067091):0.2512225575):0.1495312789,((((t21:0.01736816403,t1:0.01736816403):0.4646128717,(t10:0.161346009,t13:0.161346009):0.3206350268):0.0923634806,(t26:0.522721508,(t9:0.3968597431,t27:0.3968597431):0.1258617649):0.05162300838):0.4320366587,t30:1.006381175):0.09957937045):0.2050341983;
49|0.569089017529041|0.0336670710309409|0.636077756411396|(((((((((t2:1.364443784,t46:1.364443784):0.1828663983,(t22:0.8836406184,(t30:0.8149893897,(t18:0.03354311543,t11:0.03354311543):0.7814462742):0.06865122875):0.663669564):0.0908033072,(t33:1.391655294,(t19:1.168997893,t37:1.168997893):0.2226574009):0.2464581956):0.7002074332,t10:2.338320923):0.6575395607,t41:2.995860484):0.1335745038,(((((t15:0.2801874548,t44:0.2801874548):0.3327248723,t40:0.6129123271):0.3969586882,((t27:0.5472316661,t28:0.5472316661):0.343324686,t34:0.8905563521):0.1193146632):0.2094187924,(t43:0.8105164787,t48:0.8105164787):0.408773329):0.6256407279,(t31:1.647250452,(t35:1.072342899,t47:1.072342899):0.5749075537):0.1976800834):1.284504452):0.6376642659,(t25:3.218025315,((t4:0.7615022108,t6:0.7615022108):0.8429610414,(t24:1.478795948,t39:1.478795948):0.1256673046):1.613562063):0.5490739383):1.363328973,((((((t5:0.1834068215,t17:0.1834068215):1.420123107,(t32:0.9649852589,t49:0.9649852589):0.6385446697):0.9383428734,(t7:2.064648098,t42:2.064648098):0.4772247039):0.2884361584,(t29:0.2453295259,t12:0.2453295259):2.584979435):0.4359388051,(t14:0.7923861019,t38:0.7923861019):2.473861664):1.034284027,(t16:2.093844883,(t26:0.3870205437,t1:0.3870205437):1.706824339):2.20668691):0.8298964341):3.427540009,((t45:2.208518592,t13:2.208518592):3.775551823,(((t9:1.558170218,(t3:1.530614765,(t20:1.445527744,(t23:0.3198124513,t8:0.3198124513):1.125715293):0.08508702047):0.02755545359):0.7805551767,t21:2.338725395):2.604791633,t36:4.943517028):1.040553387):2.573897821):1.08618191;
36|0.510273108398542|0.0162302759382874|0.794682492269203|((((((t29:0.2722400639,t16:0.2722400639):0.6260316161,t34:0.89827168):1.791837911,t31:2.690109591):1.963342313,((t17:0.2771832796,t11:0.2771832796):3.801778114,(((t15:0.942947058,(t13:0.3829135938,t24:0.3829135938):0.5600334641):0.5366568153,(t10:0.1314982238,t21:0.1314982238):1.348105649):1.856721307,(((t35:0.4496687894,t22:0.4496687894):1.618017948,t26:2.067686737):0.8979750181,((t2:1.003613293,t23:1.003613293):0.7283362694,(t7:1.128597497,t25:1.128597497):0.6033520651):1.233712193):0.3706634249):0.7426362134):0.5744905105):1.362789286,(t6:3.997093804,((t8:0.08222654056,(t33:0.01689183439,t14:0.01689183439):0.06533470617):1.78252944,(t36:0.6879753887,t19:0.6879753887):1.176780592):2.132337824):2.019147385):3.873996184,(((t4:2.19072047,t27:2.19072047):0.8964628132,t18:3.087183283):1.95666283,(((t30:2.33434352,((t3:1.890017276,(t20:1.2406107,t1:1.2406107):0.6494065768):0.321717773,t28:2.211735049):0.122608471):1.258469088,t9:3.592812609):0.8533835925,(t12:1.221622582,(t5:0.5151965409,t32:0.5151965409):0.7064260414):3.224573619):0.5976499122):4.84639126):4.225044506;
15|1.66623566190014|0.112446766267531|0.51419952174183|((((t10:0.2465393132,t1:0.2465393132):0.133269306,t9:0.3798086192):0.5519742717,(t7:0.9067509277,(t5:0.3479269689,(t13:0.2912067226,t14:0.2912067226):0.05672024633):0.5588239588):0.02503196318):0.9577730811,(((t2:0.4640093054,(t12:0.3732383587,t8:0.3732383587):0.09077094665):0.2336444349,t15:0.6976537403):0.2404033467,((t11:0.4294799107,t6:0.4294799107):0.0768969731,(t3:0.3442256785,t4:0.3442256785):0.1621512053):0.4316802032):0.951498885):1.573227425;
13|0.589220782243647|0.146939582824707|0.629630380542949|(((t8:1.642155875,t10:1.642155875):4.416342537,((t13:2.305051047,(t3:1.836678715,(t9:0.4412164936,t11:0.4412164936):1.395462222):0.4683723315):0.8055044876,((t2:0.1624138266,t12:0.1624138266):1.057418211,t6:1.219832037):1.890723497):2.947942878):0.00568514717,(t5:4.856309544,(t1:0.5110361035,(t4:0.2929191658,t7:0.2929191658):0.2181169377):4.345273441):1.207874015):1.5044602;
20|0.507965383518022|0.478661397378892|0.98755185387563|((t14:1.529674396,t7:1.529674396):3.674415016,(((t19:0.4510620405,t12:0.4510620405):1.571263316,t11:2.022325357):3.0197913,((((t18:1.019759782,t17:1.019759782):1.247556576,((t9:0.500444448,(t13:0.261679094,t10:0.261679094):0.2387653539):0.3852218409,(t15:0.1471227262,t16:0.1471227262):0.7385435627):1.38165007):0.1225995804,(t20:1.970965817,t5:1.970965817):0.4189501223):0.3309185421,(((t4:0.3967552912,t8:0.3967552912):0.2745635008,t3:0.671318792):1.667997998,((t6:0.3909773364,t1:0.3909773364):0.9953809793,t2:1.386358316):0.9529584747):0.3815176905):2.321282176):0.161972755):2.008466434;
31|1.71861437187064|0.20364311167039|0.928492088103667|(((t5:0.5487160612,(((t30:0.02918217199,t6:0.02918217199):0.008326409178,t20:0.03750858117):0.4325449949,(t12:0.2783865834,t1:0.2783865834):0.1916669926):0.07866248513):0.2411207065,(t31:0.649248033,((t18:0.4959188393,(t27:0.3324325391,t19:0.3324325391):0.1634863002):0.03601277145,((t17:0.1722539574,t10:0.1722539574):0.1320346938,(t14:0.05550035615,(t26:0.01219364742,(t2:0.008063146892,t7:0.008063146892):0.004130500529):0.04330670872):0.2487882951):0.2276429595):0.1173164223):0.1405887346):0.4759100717,(((t11:0.2026988082,t8:0.2026988082):0.05082389601,(t22:0.2484797762,(t21:0.08208650154,t9:0.08208650154):0.1663932746):0.005042928074):0.9274030888,((t29:0.3832371149,((t23:0.1931879099,t28:0.1931879099):0.003372724488,t3:0.1965606343):0.1866764805):0.3714432797,((t25:0.1581014118,t15:0.1581014118):0.534665058,(t4:0.4697394316,((t16:0.05188562073,t24:0.05188562073):0.06978314903,t13:0.1216687698):0.3480706618):0.2230270382):0.06191392477):0.4262453985):0.08482104629):0.2939747828;
18|1.50218511033105|0.454925880185328|0.735508012352511|((t13:0.1544787067,(t4:0.06662136822,(t17:0.03310312132,t8:0.03310312132):0.0335182469):0.08785733843):1.627054828,(((t7:0.6879340571,t9:0.6879340571):0.4518430614,((t6:0.8497817288,(((t3:0.005122556547,t12:0.005122556547):0.01884052433,t2:0.02396308087):0.2367111029,t14:0.2606741838):0.589107545):0.2252911202,(t1:0.2344801163,t16:0.2344801163):0.8405927326):0.06470426965):0.3730884255,((t15:0.1075911746,t5:0.1075911746):0.6963421026,((t18:0.2910619495,t10:0.2910619495):0.4511668633,t11:0.7422288128):0.06170446439):0.7089322669):0.2686679902):0.5475243326;
13|0.972478602214251|0.0829208655143157|0.729890652000904|((t9:1.364774121,(((t7:0.04382270921,t2:0.04382270921):0.6760221007,t1:0.71984481):0.3359690396,(t8:0.7839544143,((((t4:0.03967677673,t12:0.03967677673):0.4836524453,t13:0.523329222):0.01140655509,t5:0.5347357771):0.1967132826,(t10:0.3263201752,t11:0.3263201752):0.4051288845):0.0525053546):0.2718594352):0.3089602718):0.0007632097398,(t3:0.2087947497,t6:0.2087947497):1.156742581):2.073465205;
20|2.12182651679264|0.115951077064965|0.802230256376788|(((t10:0.579867911,((t7:0.222257751,t3:0.222257751):0.195809348,(t14:0.4032448213,t15:0.4032448213):0.01482227772):0.1618008119):0.5896650349,(((t11:0.06127820423,t12:0.06127820423):0.2029684141,(t6:0.06809874344,t19:0.06809874344):0.1961478749):0.02217516734,(t17:0.06548144334,t13:0.06548144334):0.2209403423):0.8831111603):0.1875226552,(t8:1.014245475,(t20:0.8556749886,((t4:0.1155278323,t16:0.1155278323):0.65445537,((t9:0.1386847904,t2:0.1386847904):0.4009622147,(t1:0.3789987862,(t5:0.3425152353,t18:0.3425152353):0.03648355098):0.1606482188):0.2303361973):0.08569178632):0.1585704865):0.342810126):0.4211309413;
31|2.44490896714851|0.171894156171475|0.579265144187957|((((((t12:0.6312142805,((t30:0.2389446647,(t24:0.1994530293,t20:0.1994530293):0.03949163536):0.3060479691,(t29:0.4653865351,(t4:0.3501607727,t23:0.3501607727):0.1152257623):0.07960609869):0.08622164677):0.1448701442,((t8:0.5738184045,(t26:0.4885580777,t16:0.4885580777):0.08526032682):0.1019309431,(((t3:0.1293890099,t6:0.1293890099):0.3647644863,((t31:0.1547001261,t10:0.1547001261):0.1678852703,t21:0.3225853964):0.1715680998):0.01983874847,(t25:0.1530552571,t1:0.1530552571):0.3609369875):0.161757103):0.1003350771):0.2283893021,(t14:0.763833907,(((t7:0.08600139583,t17:0.08600139583):0.1067357906,t13:0.1927371864):0.2553505386,t9:0.448087725):0.3157461821):0.2406398198):0.01971527989,(t27:0.8390988913,(t18:0.8146289493,t11:0.8146289493):0.02446994195):0.1850901155):0.07544701998,((t5:0.3040155904,(t28:0.2626753887,t2:0.2626753887):0.04134020173):0.1645085664,t19:0.4685241567):0.63111187):0.3534067753,(t22:0.06148626929,t15:0.06148626929):1.391556533):0.2296950372;
26|3.81611382386414|0.293171024031471|0.708540516789071|(((((t25:0.2891327734,(t3:0.2747919875,(t26:0.1659797141,t5:0.1659797141):0.1088122734):0.01434078587):0.1271519956,((((t18:0.007527399458,t7:0.007527399458):0.1067538923,t14:0.1142812917):0.03115359289,t2:0.1454348846):0.1924164054,(t22:0.1592913943,t21:0.1592913943):0.1785598957):0.07843347887):0.1416850741,((t6:0.0779868156,t4:0.0779868156):0.1116897288,t16:0.1896765444):0.3682932986):0.05070748594,(((t19:0.08528589826,t15:0.08528589826):0.1754790028,(t23:0.1177348341,t8:0.1177348341):0.1430300669):0.1815476393,((t24:0.09307848855,t10:0.09307848855):0.3092517236,((t13:0.0615290946,t11:0.0615290946):0.01646571889,t20:0.0779948135):0.3243353986):0.03998232825):0.1663647886):0.02270468594,(((t9:0.1595900855,t17:0.1595900855):0.1267800221,t1:0.2863701077):0.1185751728,t12:0.4049452804):0.2264367345):0.2755189546;
22|3.11503077483503|0.204395035572816|0.980595429195091|((((t3:0.06813584174,t22:0.06813584174):0.07771396803,((t16:0.01197278817,t15:0.01197278817):0.009163508823,t6:0.02113629699):0.1247135128):0.27772566,t5:0.4235754698):0.4458486993,((t10:0.01104296313,t4:0.01104296313):0.7287805004,(((t20:0.2238588029,(t1:0.02652181423,t18:0.02652181423):0.1973369887):0.2984236128,((t13:0.08685365101,t11:0.08685365101):0.0207427291,(t21:0.0408596133,(t2:0.01238575193,t19:0.01238575193):0.02847386137):0.06673676681):0.4146860356):0.02397760368,(t12:0.3382801347,((t8:0.0162417215,t17:0.0162417215):0.2346976182,((t7:0.1099091287,t14:0.1099091287):0.03036082763,t9:0.1402699564):0.1106693834):0.08734079493):0.2079798847):0.1935634442):0.1296007056):1.186146894;
48|0.692531109671108|0.458655787103344|0.719923756667413|(((t34:0.0742181693,t32:0.0742181693):0.008632715586,t35:0.08285088488):4.920729436,(((t1:0.1385796031,t6:0.1385796031):3.114185691,(((((t45:0.2085840524,(t21:0.004386433689,t16:0.004386433689):0.2041976187):1.095196758,((t43:0.4302732513,(t18:0.1486619515,t42:0.1486619515):0.2816112998):0.7079746601,((t8:0.5332964252,(t28:0.2338857649,t29:0.2338857649):0.2994106604):0.2469297064,(t24:0.5827689102,t37:0.5827689102):0.1974572214):0.3580217798):0.1655328994):0.02742051121,(((t17:0.04520425139,t48:0.04520425139):0.3027155558,(t38:0.08757275821,t12:0.08757275821):0.260347049):0.4938727383,(t9:0.01928924643,t19:0.01928924643):0.822503299):0.4894087766):0.4239453674,((t20:0.2604935849,t10:0.2604935849):0.9446162217,t14:1.205109807):0.5500368828):0.2329336789,(t22:1.894575579,((((t11:0.2002737968,t3:0.2002737968):0.6182854053,(t40:0.6491587673,t13:0.6491587673):0.1694004347):0.4985768351,(t46:0.6476439905,t39:0.6476439905):0.6694920466):0.4312606976,t5:1.748396735):0.146178844):0.09350478956):1.264684926):0.4891378291,(((((((t7:0.4398622456,t47:0.4398622456):0.6897786768,(t31:0.3585642878,t26:0.3585642878):0.7710766346):0.09775026239,(t41:0.9135632013,t44:0.9135632013):0.3138279835):0.5327748602,t25:1.760166045):0.1201843704,t2:1.880350415):0.06533773066,(t33:0.2154855874,t23:0.2154855874):1.730202559):0.3952860415,((t27:0.4809299671,(t36:0.3822571355,(t30:0.05161141086,t4:0.05161141086):0.3306457246):0.09867283163):0.3415685263,t15:0.8224984934):1.518475694):1.400928935):1.261677198):2.213808784;
30|0.686756576057523|0.280058456647675|0.840771951829083|(((((t29:2.183701595,(t17:0.6254940725,t24:0.6254940725):1.558207522):0.7938086381,((t25:0.2466580825,t22:0.2466580825):0.5581500554,(t23:0.4789895295,t8:0.4789895295):0.3258186085):2.172702095):0.9973710763,(((t7:0.2963350519,(t19:0.1354864726,t1:0.1354864726):0.1608485793):0.6644335065,(t4:0.9198790789,((t5:0.06905220843,t30:0.06905220843):0.2954254689,t12:0.3644776773):0.5554014016):0.04088947952):0.8303471995,(t11:0.8527217967,t21:0.8527217967):0.9383939612):2.183765551):1.868536328,(t28:2.906550319,(t14:1.565980128,(t20:0.9873626678,(t13:0.9636995715,(t18:0.4541050657,t2:0.4541050657):0.5095945058):0.02366309634):0.5786174603):1.340570191):2.936867318):3.127057904,((t6:0.3298628613,t16:0.3298628613):1.559217677,((t26:0.9714217329,(t10:0.500006279,t3:0.500006279):0.4714154539):0.8564054379,((t15:0.1436263928,t9:0.1436263928):1.323219841,t27:1.466846234):0.3609809373):0.06125336768):7.081395003):0.2044953249;
12|2.45487420969876|0.0931385026057251|0.510047438088804|((((((t12:0.2745039504,t1:0.2745039504):0.01513330223,t7:0.2896372526):0.3829691199,t5:0.6726063725):0.05398795464,(((t11:0.0480473053,t6:0.0480473053):0.07169496771,t4:0.119742273):0.1130367001,t10:0.2327789731):0.493815354):0.06092006224,t9:0.7875143893):0.2198103102,((t8:0.1841131434,t3:0.1841131434):0.6385909613,t2:0.8227041047):0.1846205948):1.279562646;
26|0.526465756262187|0.298332834797911|0.839391595101915|(((t9:1.012543021,(t11:0.7080850536,t12:0.7080850536):0.3044579678):1.704089864,((t4:0.275164516,t20:0.275164516):1.049910185,t21:1.325074701):1.391558184):2.324749459,(((t3:0.2956372612,t15:0.2956372612):3.062695165,((t19:1.696117094,t5:1.696117094):1.052037563,t8:2.748154657):0.6101777697):1.032905908,((t16:0.4319256719,t23:0.4319256719):3.743239621,((((t1:1.137379393,(t24:0.9784864999,t22:0.9784864999):0.1588928927):1.192993707,t26:2.330373099):1.225338066,(t2:0.06823601973,t14:0.06823601973):3.487475145):0.1652075934,(((t18:0.8958534028,(t25:0.2358908968,t17:0.2358908968):0.659962506):0.7002053751,t6:1.596058778):1.389270463,((t7:0.4621446853,t10:0.4621446853):0.9906178043,t13:1.45276249):1.532566752):0.7355895169):0.4542465345):0.2160730423):0.6501440088):1.055438257;
32|2.54722355485661|0.39362594475504|0.509825879125856|((((t19:0.2717882597,(t24:0.02664144035,t26:0.02664144035):0.2451468193):0.2157943567,((t2:0.464139753,(t30:0.06356349175,t29:0.06356349175):0.4005762612):0.003032881929,t12:0.4671726349):0.02040998148):0.1327406198,((t8:0.0373140967,(t17:0.01370666732,t1:0.01370666732):0.02360742938):0.3289668283,(((t6:0.3146569586,(t23:0.1817505961,t5:0.1817505961):0.1329063625):0.009213564458,(((t14:0.1111091302,t20:0.1111091302):0.04879943352,(t22:0.1073188932,t28:0.1073188932):0.05258967053):0.09192138506,(t11:0.1118110507,t31:0.1118110507):0.1400188981):0.07204057422):0.02970017035,t7:0.3535706934):0.01271023157):0.2540423112):0.3055642693,((((t18:0.4311450493,t32:0.4311450493):0.06019563179,t21:0.4913406811):0.04809611007,((t13:0.1826634428,(((t16:0.01279586269,t25:0.01279586269):0.0982009564,t15:0.1109968191):0.04149050623,(t10:0.03894456196,t4:0.03894456196):0.1135427634):0.0301761175):0.1637568617,t9:0.3464203045):0.1930164867):0.07136503961,(t27:0.4523958453,t3:0.4523958453):0.1584059855):0.3150856747):0.4748133373;
31|3.23555459312862|0.268117371131666|0.569941997528076|(((((t23:0.05568706543,t3:0.05568706543):0.1797359205,t30:0.2354229859):0.3939165379,(t11:0.282656926,(t26:0.1545539126,t22:0.1545539126):0.1281030134):0.3466825978):0.1448898261,(((t6:0.08089953918,t1:0.08089953918):0.3434586391,((t28:0.2805616576,t15:0.2805616576):0.07167335879,(t12:0.3372647519,t16:0.3372647519):0.01497026445):0.07212316188):0.2513888577,(t19:0.302471748,t29:0.302471748):0.3732752879):0.09848231389):0.6405831067,(((((t17:0.2280191559,t21:0.2280191559):0.1570247962,t27:0.3850439521):0.2303780763,t18:0.6154220284):0.05897707891,(((t31:0.2033112592,t13:0.2033112592):0.108972443,(t5:0.1304961829,t7:0.1304961829):0.1817875193):0.3325361844,t14:0.6448198867):0.02957922058):0.3999921891,(((t24:0.0667600434,t25:0.0667600434):0.6802721716,(t8:0.4352548706,t20:0.4352548706):0.3117773445):0.01111396366,(t2:0.327828359,((t10:0.02408016415,t4:0.02408016415):0.06775705558,t9:0.09183721973):0.2359911393):0.4303178197):0.3162451177):0.3404211602):0.1691603626;
32|1.22405893613352|0.405356065810192|0.703454892616719|((((t19:0.5738002118,(t23:0.1451017804,t16:0.1451017804):0.4286984314):0.6900770333,t31:1.263877245):0.4726183487,(t30:0.9200282087,(t28:0.5916607047,(t4:0.08101646452,t6:0.08101646452):0.5106442402):0.3283675039):0.8164673852):0.333374464,(((t5:0.4444488517,(t10:0.1446996073,(((t22:0.0001094456844,t21:0.0001094456844):0.01730435302,t20:0.0174137987):0.107051285,t9:0.1244650837):0.02023452359):0.2997492445):1.275997307,(((t2:0.3662218466,t1:0.3662218466):1.280279301,((t14:1.342715801,(((t8:0.2057297413,(t25:0.1229072463,t11:0.1229072463):0.08282249504):0.9447221648,(((t13:0.7871676604,t26:0.7871676604):0.02231192804,t32:0.8094795885):0.02486117356,(t7:0.2400500788,t29:0.2400500788):0.5942906832):0.3161111441):0.04208413832,(t3:0.1545509291,t18:0.1545509291):1.037985115):0.1501797571):0.09271865118,t12:1.435434453):0.2110666954):0.002364308839,((t15:0.204022891,t27:0.204022891):0.3668933814,t24:0.5709162723):1.077949185):0.07158070163):0.2077874008,t17:1.928233559):0.1416364985):1.044864394;
15|1.59217305424856|0.0514821210526861|0.991361280437559|(((t5:1.085535928,((t3:0.6085874462,(t9:0.1704386825,t2:0.1704386825):0.4381487637):0.147576045,t15:0.7561634912):0.3293724372):0.05127626081,(t13:0.5417787661,(t1:0.2296916402,(t12:0.2259157413,(t10:0.07005776985,t7:0.07005776985):0.1558579715):0.003775898844):0.3120871259):0.5950334231):0.2480650295,((t11:0.1451256008,(t6:0.05201612045,t4:0.05201612045):0.09310948037):0.7367224418,(t14:0.1541256173,t8:0.1541256173):0.7277224253):0.503029176):0.03362784575;
30|1.86526721858419|0.490667926287279|0.622847414459102|((((((t1:0.0940008734,t22:0.0940008734):0.2040840076,t28:0.298084881):0.3505528072,((t18:0.1879749217,t4:0.1879749217):0.3804228454,t16:0.5683977671):0.08023992108):0.1214974117,(t7:0.1396863975,(t11:0.01563295896,t21:0.01563295896):0.1240534385):0.6304487025):0.3751853981,(t30:0.1581529922,t10:0.1581529922):0.9871675059):0.2254465004,(((t6:0.4634842658,t2:0.4634842658):0.2572105433,(((t5:0.08261164583,(t27:0.006753649709,t14:0.006753649709):0.07585799612):0.1341061284,(t25:0.179850772,t20:0.179850772):0.03686700221):0.1282728025,((t8:0.05509575209,t3:0.05509575209):0.1242306892,t12:0.1793264413):0.1656641355):0.3757042324):0.5263931894,(((t13:0.2293634635,t9:0.2293634635):0.02925533026,t23:0.2586187937):0.2984480929,((t17:0.1339512028,t24:0.1339512028):0.2337628151,((t26:0.1050481595,t19:0.1050481595):0.2446044969,(t15:0.3087371158,t29:0.3087371158):0.04091554058):0.01806136153):0.1893528687):0.6900211119):0.1236789999):2.192870355;
39|2.31892023788299|0.361202911944129|0.955769222346134|(((((t20:0.02210463937,t13:0.02210463937):0.1899667036,(t18:0.03893532232,t16:0.03893532232):0.1731360206):0.08050035534,(t31:0.01585977197,t28:0.01585977197):0.2767119263):0.3337829072,((((t27:0.02880805655,t26:0.02880805655):0.3941550606,(t2:0.1663926553,t11:0.1663926553):0.2565704619):0.1170656124,(((t39:0.09275181167,(t37:0.05010248773,t23:0.05010248773):0.04264932393):0.101556482,((t25:0.1173350878,t19:0.1173350878):0.05693642618,((t22:0.03911296276,(t8:0.01144640721,t21:0.01144640721):0.02766655555):0.1281286609,((t14:0.06598021528,t36:0.06598021528):0.05648932684,t12:0.1224695421):0.04477208151):0.007029890373):0.02003677971):0.07733821282,(t29:0.2318399548,t17:0.2318399548):0.03980655171):0.2683822231):0.04884851234,((t24:0.1731460552,((t15:0.09496076838,(t6:0.07807909251,t10:0.07807909251):0.01688167586):0.01080051287,t1:0.1057612813):0.06738477391):0.4062531839,(t7:0.57553749,t35:0.57553749):0.003861749108):0.009478002851):0.03747736353):0.01523463941,((((t9:0.1364676449,t33:0.1364676449):0.04438955126,((t34:0.1081687576,(t30:0.06877702184,(t38:0.02811830128,t5:0.02811830128):0.04065872056):0.03939173578):0.03167747326,t32:0.1398462309):0.04101096526):0.3933066995,t4:0.5741638957):0.02044612816,t3:0.5946100238):0.04697922107):1.629285605;
40|0.275560231702402|0.377868631347083|0.557074499083683|((((t34:1.301498106,t36:1.301498106):4.382882132,(t28:5.628207216,(((t35:0.08823322489,t5:0.08823322489):1.504434383,t12:1.592667608):1.285922035,t38:2.878589643):2.749617574):0.05617302125):1.310384568,(t9:1.470168911,t26:1.470168911):5.524595894):4.091549492,(t19:9.196970263,(((((t22:3.188640073,t15:3.188640073):1.229392797,(t14:3.605133167,(t33:0.9839876358,(t11:0.6795345763,t20:0.6795345763):0.3044530595):2.621145531):0.8128997035):3.979695391,(t8:0.2236974819,t21:0.2236974819):8.174030779):0.2572718226,(((t7:0.2283724962,t30:0.2283724962):0.6776645022,t6:0.9060369985):3.733397631,((t16:4.265504774,(((t25:1.739587536,(t32:0.5762965337,(t39:0.08881447641,t23:0.08881447641):0.4874820573):1.163291003):0.4962692764,((t18:0.1153948098,t37:0.1153948098):0.9864836526,(t27:1.083703015,(t2:0.1049620512,t3:0.1049620512):0.9787409638):0.01817544742):1.13397835):0.9878798034,t4:3.223736616):1.041768158):0.247356608,(((t13:0.09380493274,t10:0.09380493274):2.503557638,t31:2.59736257):0.6265414582,t24:3.223904029):1.288957354):0.1265732468):4.015565454):0.4400928676,(t29:5.198796155,(t17:2.931201455,(t40:0.9837851685,t1:0.9837851685):1.947416287):2.2675947):3.896296796):0.1018773122):1.889344034):1.927343939;
43|1.08380961996969|0.174840833938215|0.57433344470337|((t14:2.251045763,(((t30:0.6223771401,t4:0.6223771401):0.7640442771,(t18:0.5560237271,t20:0.5560237271):0.8303976901):0.3042912194,(((t37:0.7354013329,(t22:0.4413633834,t12:0.4413633834):0.2940379495):0.1355285998,t24:0.8709299327):0.03960674519,t42:0.9105366779):0.7801759588):0.5603331263):0.8952996631,((t28:2.398321925,t3:2.398321925):0.6759473847,(t13:2.863246779,(((((t40:0.4163725688,t10:0.4163725688):0.7875256614,t29:1.20389823):0.465276948,(t41:1.663571762,((((((t36:0.1710130485,t7:0.1710130485):0.299476378,t43:0.4704894265):0.1952746401,(t21:0.4924568969,t38:0.4924568969):0.1733071697):0.5252270655,t15:1.190991132):0.009881086005,t16:1.200872218):0.03091689999,((t19:1.011811066,(t31:0.9857397099,(t32:0.5070031965,(t11:0.1623329287,t25:0.1623329287):0.3446702678):0.4787365134):0.02607135647):0.1484263474,(((t39:0.5797941482,(t33:0.4568774062,t17:0.4568774062):0.122916742):0.003531924186,(t5:0.5351579375,t1:0.5351579375):0.04816813487):0.4930916831,t6:1.076417755):0.0838196583):0.07155170436):0.4317826436):0.005603416457):0.4002062807,(t23:1.587512577,(((t27:0.5173686934,t26:0.5173686934):0.2139157723,(t9:0.4524364622,t35:0.4524364622):0.2788480035):0.2584298336,t34:0.9897142993):0.5977982774):0.4818688822):0.2377346002,(t8:1.00735335,t2:1.00735335):1.299762709):0.5561307196):0.2110225309):0.07207611641):0.1273716938;
19|3.64300619038753|0.04149400342023|0.643572133849375|(((t13:0.5182150187,(t19:0.4942598059,((t16:0.1461170201,(t12:0.1071738848,t14:0.1071738848):0.03894313529):0.116053358,((t2:0.1465167672,t6:0.1465167672):0.1032944992,t5:0.2498112665):0.01235911162):0.2320894278):0.02395521278):0.1492325751,(((t1:0.2932174385,t18:0.2932174385):0.01136310259,t3:0.3045805411):0.2832785267,(t10:0.4680284358,(t8:0.3308601687,((t7:0.01218717556,t17:0.01218717556):0.1394261416,(t11:0.08761044694,t4:0.08761044694):0.06400287025):0.1792468515):0.1371682671):0.119830632):0.07958852605):0.9263467577,(t9:0.0173982274,t15:0.0173982274):1.576396124):0.4409365477;
15|1.11789414189989|0.484135945525486|0.896925744600594|((((t4:0.3339699579,t3:0.3339699579):0.3638110932,((t15:0.1076939024,t10:0.1076939024):0.2239727302,((t13:0.06743412305,t14:0.06743412305):0.14914311,t8:0.2165772331):0.1150893995):0.3661144186):0.2322797483,(t7:0.3110973103,(t11:0.138712411,t9:0.138712411):0.1723848993):0.6189634892):0.9468112746,(((t5:0.01629455756,t1:0.01629455756):0.1228934092,t12:0.1391879667):0.1784480927,(t6:0.03214150854,t2:0.03214150854):0.2854945509):1.559236015):0.4965697399;
15|2.10431678080233|0.495519982364494|0.700257279560901|(((t7:0.2947028524,(t15:0.1815916908,((t12:0.008669742392,t14:0.008669742392):0.1500768835,t8:0.1587466259):0.02284506488):0.1131111616):0.3745729582,t4:0.6692758106):0.2223274141,(((t10:0.2314160253,((t5:0.1456852147,t2:0.1456852147):0.01036596029,t13:0.156051175):0.07536485028):0.03368293416,t11:0.2650989594):0.4165063324,(t3:0.6144248349,(t1:0.3595720716,(t9:0.2811135758,t6:0.2811135758):0.07845849573):0.2548527633):0.06718045695):0.2099979329):0.3301933124;
37|1.53822863870533|0.342622519447468|0.50173816352617|((((t15:0.06352518995,t24:0.06352518995):0.3287745787,t22:0.3922997687):1.775745741,(((t23:0.2683170217,t28:0.2683170217):0.2779640151,(t36:0.1999821484,t5:0.1999821484):0.3462988883):1.439926166,(t26:0.8484445569,t19:0.8484445569):1.137762645):0.1818383076):0.1034128122,(((((t10:0.1081788064,t17:0.1081788064):0.9209329235,((t29:0.2619894104,(t7:0.2131381568,(t13:0.1013203196,t20:0.1013203196):0.1118178372):0.04885125362):0.08779727383,(t6:0.2724190536,t33:0.2724190536):0.07736763064):0.6793250457):0.6944422286,(((t34:0.07165101727,t2:0.07165101727):0.5944713277,(t32:0.2071111423,t18:0.2071111423):0.4590112027):0.2616722007,((t11:0.6793641048,(t4:0.5624480362,t27:0.5624480362):0.1169160686):0.05157036289,((t31:0.3248356896,(t9:0.2275169916,t37:0.2275169916):0.097318698):0.03464584878,t12:0.3594815384):0.3714529293):0.196860078):0.7957594129):0.2010672239,(t16:0.6026196439,(t8:0.1299159662,t35:0.1299159662):0.4727036777):1.322001538):0.1766353123,((t3:1.340030378,(t14:1.185580915,t21:1.185580915):0.1544494633):0.3262205591,((t1:0.04686391758,t25:0.04686391758):0.007871135211,t30:0.05473505279):1.611515884):0.4350055578):0.1702018274):0.2927063405;
43|2.41200240251841|0.151941773649305|0.652401135652326|(((t4:0.2827933695,(t22:0.2306403658,t18:0.2306403658):0.05215300376):0.4316971607,(t40:0.04597222435,t43:0.04597222435):0.6685183059):1.059604769,((((t13:1.0081045,((((t37:0.2176467808,(t2:0.04364724961,t20:0.04364724961):0.1739995312):0.1224154643,t19:0.3400622452):0.3244194688,(t30:0.2066302099,(t24:0.07509794164,(t39:0.04556561335,t29:0.04556561335):0.0295323283):0.1315322683):0.457851504):0.2137623718,((t16:0.3209068127,(t17:0.1849802885,t33:0.1849802885):0.1359265242):0.1821357855,t23:0.5030425982):0.3752014876):0.1298604142):0.1222091447,((t12:0.5996607481,(t5:0.4817787013,t9:0.4817787013):0.1178820467):0.5043955942,((t6:0.1012476209,t31:0.1012476209):0.2794400708,((((t35:0.2232368058,t11:0.2232368058):0.003734093921,(t26:0.01844346611,(t41:0.01204236652,t36:0.01204236652):0.00640109959):0.2085274336):0.002656306992,t15:0.2296272067):0.09727204788,t21:0.3268992546):0.05378843713):0.7233686506):0.02625730227):0.1063955594,t14:1.236709204):0.1499932116,((t28:0.837504474,(t27:0.5813756463,((t38:0.3825944214,t32:0.3825944214):0.1619516825,(t8:0.1943212192,(t3:0.1608444646,t7:0.1608444646):0.03347675459):0.3502248847):0.0368295423):0.2561288277):0.3062047113,((t42:0.3673771717,t1:0.3673771717):0.4277500965,(t10:0.1445078598,(t25:0.09837337981,t34:0.09837337981):0.04613447998):0.6506194085):0.3485819171):0.2429932302):0.3873928837):0.386355499;
46|0.40226110474905|0.196461824397556|0.986250015790574|((((t29:0.5113892556,t2:0.5113892556):2.056646415,t11:2.56803567):6.043928793,((t7:0.9198977557,t9:0.9198977557):2.071222677,t12:2.991120433):5.62084403):0.03523424509,(((t45:0.1040710598,t36:0.1040710598):5.7790503,(((((((t15:1.168883776,t17:1.168883776):0.08885898818,t14:1.257742765):0.9012689088,(t40:0.9049701716,t26:0.9049701716):1.254041502):1.159300409,((t27:2.169982351,(t46:0.8433777786,t16:0.8433777786):1.326604573):0.3319656059,(t19:0.9561300811,t30:0.9561300811):1.545817876):0.8163641258):2.06769588,((t4:1.515574768,(t20:0.0352655574,(t5:0.02337165043,t41:0.02337165043):0.01189390697):1.48030921):0.3594640275,(((t35:0.1297600394,t34:0.1297600394):0.8477219092,(t33:0.9690887381,t24:0.9690887381):0.00839321056):0.3990883546,t43:1.376570303):0.4984684918):3.510969168):0.2522141521,t31:5.638222115):0.01080259023,((t10:0.7475687244,(t42:0.4959572695,t32:0.4959572695):0.2516114549):0.1344241823,t3:0.8819929067):4.767031799):0.234096654):0.4575713793,(t38:5.956517397,((((((t18:0.6060609421,(t8:0.3411530654,t13:0.3411530654):0.2649078767):2.054057793,(t21:0.6542562064,t23:0.6542562064):2.005862529):0.9474472225,t25:3.607565958):0.8498703157,((t44:1.763756361,(t6:0.127112558,t39:0.127112558):1.636643804):0.2879091649,t1:2.051665526):2.405770747):1.190356978,t37:5.647793251):0.2801525276,(t28:5.461673005,t22:5.461673005):0.4662727738):0.02857161899):0.3841753415):2.306505969):0.8132415653;
21|3.22577923236182|0.351172981078271|0.555230552330613|(((t21:0.1464872724,((t19:0.1197722357,((t4:0.010151712,t18:0.010151712):0.03551194513,t16:0.04566365713):0.07410857857):0.02066400953,t13:0.1404362452):0.006051027136):0.1468821241,t7:0.2933693964):0.5565696547,((((((t8:0.0174038256,t5:0.0174038256):0.04527136492,t10:0.06267519053):0.033421469,t2:0.09609665952):0.02822468052,((t3:0.006359756194,t15:0.006359756194):0.08075030108,t6:0.08711005728):0.03721128276):0.4911051805,((t9:0.01003510378,t12:0.01003510378):0.1800619635,(t11:0.02056719753,t14:0.02056719753):0.1695298698):0.4253294532):0.08888587607,(t17:0.5565308218,(t1:0.2038816491,t20:0.2038816491):0.3526491727):0.1477815748):0.1456266546):0.1735836927;
31|1.64537787701702|0.167583572014701|0.930093396105804|(((t8:0.02003147623,t16:0.02003147623):0.2975849148,t27:0.317616391):0.9891695126,((((t26:0.1875364593,t30:0.1875364593):0.4797391139,(t1:0.180894877,t25:0.180894877):0.4863806962):0.3155966774,((t11:0.2366336056,((t21:0.08589144287,t15:0.08589144287):0.1274382322,((t19:0.03575768086,t5:0.03575768086):0.06515707285,(t24:0.07276437012,t28:0.07276437012):0.02815038359):0.1124149213):0.02330393062):0.5723974897,(((t2:0.1953976371,t9:0.1953976371):0.06001585871,t17:0.2554134958):0.3058748166,(t31:0.5464699179,((t22:0.3503054415,((t23:0.135146682,t18:0.135146682):0.1777287723,t29:0.3128754543):0.03742998724):0.03206809362,t7:0.3823735351):0.1640963827):0.01481839453):0.2477427829):0.1738411552):0.3000713654,((t10:0.5074607238,t4:0.5074607238):0.06700602335,((t20:0.3173261863,(t14:0.07837687127,t12:0.07837687127):0.238949315):0.02119021177,(t3:0.2096178553,(t13:0.02339487324,t6:0.02339487324):0.1862229821):0.1288985427):0.2359503491):0.7084768688):0.02384228768):0.05330941759;
32|1.77446671589511|0.0137393908575177|0.964224660769105|(((((t14:0.4600700759,(t20:0.3990315592,((t21:0.1075439233,t23:0.1075439233):0.2813081653,t26:0.3888520886):0.0101794706):0.06103851671):0.5323449107,t30:0.9924149867):0.2007916059,((((t12:0.1255285924,t32:0.1255285924):0.3949938704,t15:0.5205224628):0.1557502708,((t2:0.2708538834,t18:0.2708538834):0.1653068496,t10:0.436160733):0.2401120007):0.2080484749,t27:0.8843212085):0.3088853841):0.1507419956,(t28:0.5780329358,t29:0.5780329358):0.7659156524):0.5806882142,((t19:0.5232489427,(t3:0.3724316589,(t1:0.1969560465,t5:0.1969560465):0.1754756124):0.1508172838):0.3829926073,((t17:0.1423135821,(t25:0.07905911143,t4:0.07905911143):0.06325447065):0.6121318867,((((t6:0.05202803267,(t16:0.03870064067,t31:0.03870064067):0.013327392):0.02783217148,t7:0.07986020415):0.412792082,((t13:0.08862637966,t11:0.08862637966):0.2369772532,(t9:0.1508666363,t24:0.1508666363):0.1747369965):0.1670486533):0.1958812826,(t8:0.2831157681,t22:0.2831157681):0.4054178006):0.06591190009):0.1517960813):1.018395252):0.02310993429;
49|2.35056889782427|0.251818939701188|0.872840357478708|((((((t9:0.4714611842,((t23:0.1702885085,t45:0.1702885085):0.1873194697,(t13:0.3542798941,(t8:0.3219455744,t4:0.3219455744):0.03233431964):0.003328084177):0.113853206):0.08939082217,((t6:0.2203181171,(t49:0.08332332409,t48:0.08332332409):0.136994793):0.1685897985,(t12:0.3098833189,((((t36:0.009925213241,t18:0.009925213241):0.09719407486,t32:0.1071192881):0.006044499301,t39:0.1131637874):0.1678723213,(t21:0.1418074085,t10:0.1418074085):0.1392287002):0.0288472102):0.07902459666):0.1719440908):0.2350252351,t20:0.7958772414):0.00363015267,((t7:0.1974486451,((t43:0.05280699401,(t24:0.002981397544,t22:0.002981397544):0.04982559647):0.09540897906,t19:0.1482159731):0.04923267199):0.2864105836,((t37:0.3636391274,(t38:0.1046626996,t17:0.1046626996):0.2589764279):0.08204302838,(t14:0.04857660665,t34:0.04857660665):0.3971055492):0.03817707284):0.3156481654):0.1276404307,((t16:0.3166715047,(t40:0.2575849384,(t2:0.2033357758,((t47:0.06941322291,t15:0.06941322291):0.1262667006,(t33:0.158500479,((t30:0.0101890229,t29:0.0101890229):0.1406502301,t46:0.150839253):0.007661226004):0.03717944451):0.007655852262):0.05424916257):0.05908656633):0.3508195584,t31:0.6674910631):0.2596567616):0.7133669358,(((((t44:0.01415478051,t35:0.01415478051):0.01329419203,t28:0.02744897253):0.0992710958,t11:0.1267200683):0.1510012193,t27:0.2777212876):0.2689038092,((t3:0.2720707994,((t1:0.008613551547,t41:0.008613551547):0.1627918521,t25:0.1714054036):0.1006653958):0.08992406438,(t5:0.03306290911,(t42:0.02371604268,t26:0.02371604268):0.009346866429):0.3289319547):0.184630233):1.093889664):0.2300521988;
49|0.782787325766403|0.383575789912138|0.870809267391451|((((((t21:0.4886205313,t16:0.4886205313):0.581173066,((((t12:0.05874284947,t7:0.05874284947):0.3912297505,(t40:0.2253770034,t17:0.2253770034):0.2245955966):0.1469792591,t32:0.596951859):0.4698957534,(t10:0.4000134945,t46:0.4000134945):0.666834118):0.002945984772):0.5273432018,((t49:0.04236599505,t24:0.04236599505):1.122558914,((t28:0.2752583795,t22:0.2752583795):0.1904436258,(t20:0.2420061376,(t35:0.0767305989,t42:0.0767305989):0.1652755387):0.2236958676):0.6992229043):0.4322118896):0.06981648772,t25:1.666953287):0.5125222357,((t29:1.415263352,((t8:0.6861060514,t2:0.6861060514):0.1490008942,((t26:0.1010728181,t15:0.1010728181):0.7267555249,(t19:0.6829785249,(t31:0.3070341146,t37:0.3070341146):0.3759444103):0.1448498181):0.007278602596):0.5801564069):0.2986830589,(t36:1.219563981,(t47:0.1821319389,t23:0.1821319389):1.037432042):0.4943824308):0.4655291111):0.8041261555,((t11:1.740053123,(t39:0.08045212093,t27:0.08045212093):1.659601002):0.9758612215,(((t4:0.5104832601,t14:0.5104832601):1.65902429,(t41:1.345365799,(t3:1.07273819,((t9:0.5076905041,t38:0.5076905041):0.10632283,t13:0.6140133341):0.458724856):0.2726276089):0.8241417512):0.4620248187,((t33:1.006222787,t5:1.006222787):1.59176484,((((t30:0.2811770088,t44:0.2811770088):0.1422195552,t43:0.423396564):0.4642064347,(((t1:0.1129834445,t18:0.1129834445):0.6071141135,(t6:0.09545787901,t45:0.09545787901):0.6246396789):0.1114831161,t48:0.831580674):0.05602232466):0.4202072038,t34:1.307810202):1.290177425):0.03354474125):0.0843819756):0.2676873335):0.3750129803;
38|1.7971161479759|0.165471498037223|0.968840375891887|(((t1:0.5146307744,((t16:0.244462761,t23:0.244462761):0.1347768222,(t9:0.2443454602,(t21:0.03427517989,t24:0.03427517989):0.2100702803):0.134894123):0.1353911911):0.02316533812,t2:0.5377961125):2.536524879,(((t31:0.3807869746,t13:0.3807869746):0.2536265018,(t27:0.3154068633,t6:0.3154068633):0.3190066131):2.101737679,((t26:1.839247717,(((t25:0.5136611421,((t22:0.1424051522,t5:0.1424051522):0.1475163722,(t19:0.271684508,t38:0.271684508):0.01823701639):0.2237396177):0.05338325258,((t34:0.06206899638,t3:0.06206899638):0.4183819933,(((t36:0.22066795,t8:0.22066795):0.1251943378,((((t15:0.1130959076,t11:0.1130959076):0.1027633877,t7:0.2158592953):0.03209722982,t33:0.2479565251):0.02760408318,t32:0.2755606083):0.07030167945):0.1229809065,t17:0.4688431942):0.01160779548):0.08659340495):0.8973222697,(t28:0.4620272998,t37:0.4620272998):1.002339365):0.3748810524):0.52365932,((t29:0.1590808859,(t14:0.04509452567,t4:0.04509452567):0.1139863602):0.5553915699,((t18:0.09541538761,t12:0.09541538761):0.3046552608,((t10:0.02713654163,t35:0.02713654163):0.1912382247,(t20:0.1315217509,t30:0.1315217509):0.08685301542):0.1816958821):0.3144018073):1.648434581):0.3732441188):0.3381698359):1.112150769;
11|0.786321548826527|0.073402327185031|0.856122061959468|(t9:2.771548119,((((t6:0.6812110251,t8:0.6812110251):0.2788979514,t2:0.9601089765):1.413396967,(t10:1.019240935,(t1:0.7498002148,(t11:0.5905865353,(t5:0.3568496138,t3:0.3568496138):0.2337369215):0.1592136795):0.2694407207):1.354265008):0.03914720505,(t4:0.01301929594,t7:0.01301929594):2.399633853):0.35889497):0.1421860025;
49|2.76831808719086|0.251071856853086|0.725467737182043|(((((((t7:0.2696659918,(t42:0.03057821788,(t15:0.002748506211,t12:0.002748506211):0.02782971167):0.239087774):0.1716052455,(t26:0.05189365401,(t10:0.01730267315,t29:0.01730267315):0.03459098086):0.3893775833):0.1870557903,t31:0.6283270276):0.3643182439,(t17:0.7974800026,(t48:0.3256986209,((t41:0.1966846544,((t21:0.01807296685,t23:0.01807296685):0.1721728743,t39:0.1902458412):0.006438813248):0.00338236277,(t37:0.1764654363,(t1:0.05002533268,t2:0.05002533268):0.1264401037):0.02360158086):0.1256316038):0.4717813816):0.1951652689):0.00765915959,((((t45:0.2058679717,t11:0.2058679717):0.08383991421,(t5:0.2878855084,t38:0.2878855084):0.001822377498):0.02827197974,t24:0.3179798657):0.3026236907,(t49:0.239201972,t3:0.239201972):0.3814015843):0.3797008748):0.05278682874,((t20:0.2677357614,t43:0.2677357614):0.04625834408,(t6:0.07311351778,t40:0.07311351778):0.2408805877):0.7390971544):0.2905112686,((t36:0.6566222538,(((t46:0.3617301087,(((t32:0.04881906021,t18:0.04881906021):0.1140664751,t27:0.1628855354):0.08187264287,t19:0.2447581782):0.1169719305):0.1485495032,t47:0.5102796119):0.03638209977,(t16:0.5308215815,(t30:0.1120833066,t25:0.1120833066):0.4187382749):0.0158401302):0.1099605421):0.2503459343,((t33:0.1007504713,((t4:0.02847994378,t34:0.02847994378):0.02047950975,t35:0.04895945353):0.05179101774):0.3350748501,((t9:0.3395434455,((t44:0.1525932607,t13:0.1525932607):0.05752613352,(t8:0.1748732074,t14:0.1748732074):0.03524618676):0.1294240513):0.04474601489,(t22:0.1924845858,t28:0.1924845858):0.1918048745):0.05153586095):0.4711428669):0.4366343403):0.425306845;
25|3.01706889501307|0.167377814941574|0.931209564092569|(((((t12:0.01175080731,t10:0.01175080731):0.04228368296,t19:0.05403449027):0.09237293719,t22:0.1464074275):0.03329815347,t1:0.1797055809):0.7543748887,(((t2:0.458314771,(t3:0.05843478204,t5:0.05843478204):0.399879989):0.01163334487,(((t24:0.1664449045,(t13:0.03079433564,t21:0.03079433564):0.1356505689):0.1133254471,((t17:0.03227546724,t11:0.03227546724):0.05493240491,t16:0.08720787215):0.1925624795):0.1263476439,t25:0.4061179955):0.06383012035):0.06302176914,(((t15:0.1276713463,(t7:0.09684191489,t14:0.09684191489):0.03082943144):0.1148954867,((t9:0.05809357084,(t4:0.01245407585,t8:0.01245407585):0.04563949499):0.1017404403,(t18:0.05051345478,t20:0.05051345478):0.1093205564):0.08273282194):0.2221811424,(t23:0.1495001773,t6:0.1495001773):0.3152477982):0.06822190952):0.4011105846):0.5232978275;
22|0.177640570953954|0.155203796939459|0.710033841431141|((((((t12:3.519347519,(t22:1.285268953,t8:1.285268953):2.234078566):2.351006295,t6:5.870353814):0.06901333118,((t5:2.217199137,(t4:0.4636869567,t16:0.4636869567):1.75351218):2.201482035,t21:4.418681172):1.520685973):1.948639528,((t9:1.860811534,(t14:0.2740561613,(t15:0.168409077,t3:0.168409077):0.1056470843):1.586755372):2.499682132,t19:4.360493665):3.527513008):4.793305055,(t10:3.413597093,((t17:1.005790657,(t2:0.5738545413,t18:0.5738545413):0.4319361156):0.759497509,t1:1.765288166):1.648308927):9.267714636):2.515012149,(t20:12.31644442,((t11:0.4756122195,t13:0.4756122195):5.91735967,t7:6.392971889):5.923472531):2.879879458):19.80226651;
18|1.62661691952264|0.101177828738|0.783122087479569|((((t9:1.139551339,(t4:1.029840321,((((t6:0.1175298575,t18:0.1175298575):0.5509501716,t13:0.6684800291):0.1706075492,(t11:0.5569153464,t16:0.5569153464):0.282172232):0.0810587636,(t3:0.1887463928,(t2:0.001749466484,t12:0.001749466484):0.1869969263):0.7313999492):0.109693979):0.1097110178):0.2185281105,(t1:0.3885901614,t8:0.3885901614):0.9694892879):0.135104046,((t15:0.5015035931,t14:0.5015035931):0.8273410833,(t7:0.3645537488,t5:0.3645537488):0.9642909276):0.1643388188):0.3416045946,(t17:0.07749306149,t10:0.07749306149):1.757295028):0.1298495195;
15|0.453351817119401|0.0467338034999557|0.539304925245233|((t2:2.083258592,((t8:0.1588556814,t1:0.1588556814):1.600265713,(t6:0.09573069236,t15:0.09573069236):1.663390702):0.3241371973):4.046015535,((((t4:0.1568347371,t11:0.1568347371):2.524123048,t12:2.680957785):0.5734860314,t10:3.254443816):1.790231138,(t13:4.691333255,(t3:3.785559951,(((t7:1.225246684,t5:1.225246684):0.5852093364,t9:1.81045602):0.3642032289,t14:2.174659249):1.610900702):0.9057733036):0.3533416993):1.084599173):0.05615761556;
47|3.28884930259548|0.14942108618794|0.938368297182024|(((t40:0.03558671941,t3:0.03558671941):0.4566258482,((t37:0.2752455421,(t43:0.1663769492,(t26:0.1208821278,t14:0.1208821278):0.04549482142):0.1088685929):0.04755290772,((t46:0.01459830322,t28:0.01459830322):0.2010904352,t16:0.2156887384):0.1071097114):0.1694141177):0.8396992305,((((t22:0.1972481715,(t1:0.1919757719,t35:0.1919757719):0.005272399595):0.2667907293,t30:0.4640389007):0.3566337121,(((t15:0.06519754414,t17:0.06519754414):0.2516871258,(t18:0.06196358073,(t4:0.04241289778,(t42:0.01454392067,t21:0.01454392067):0.02786897711):0.01955068295):0.2549210892):0.01872439209,(t45:0.2403091775,(t34:0.2198897347,t9:0.2198897347):0.02041944277):0.09529988457):0.4850635508):0.05348358408,(((((t39:0.007054558219,t19:0.007054558219):0.1679723489,(t41:0.1018089815,t13:0.1018089815):0.0732179257):0.06734060693,t12:0.2423675141):0.349657448,(((t27:0.07731835673,t31:0.07731835673):0.1638882469,(t23:0.1862907523,((t11:0.05308076257,t10:0.05308076257):0.0587033612,t20:0.1117841238):0.07450662857):0.05491585132):0.3363776945,(t33:0.2375085818,t25:0.2375085818):0.3400757163):0.01444066399):0.09326277021,(((t44:0.2304602502,(t5:0.01065983507,t29:0.01065983507):0.2198004152):0.2294376856,(((t32:0.0728130588,t7:0.0728130588):0.03478295098,t36:0.1075960098):0.2122213382,(t38:0.2603642079,t47:0.2603642079):0.05945314004):0.1400805879):0.1001021285,(t6:0.3704080128,((t2:0.1663925076,t24:0.1663925076):0.1724442425,t8:0.3388367501):0.03157126269):0.1895920514):0.125287668):0.1888684646):0.4577556011):0.3738749403;
29|3.82904215680435|0.284255965626799|0.80693043966312|(((((t17:0.2435180059,(((t27:0.001464254759,t22:0.001464254759):0.02195937741,t3:0.02342363217):0.1619633732,(t23:0.02805750746,t20:0.02805750746):0.1573294979):0.05813100053):0.01894813467,t7:0.2624661406):0.01308833267,(t8:0.2413376597,t4:0.2413376597):0.03421681351):0.1984451329,t19:0.4739996062):0.1030599131,((t16:0.449946295,(t28:0.01555732861,(t1:0.01147680239,t9:0.01147680239):0.004080526213):0.4343889664):0.09821706695,((((t26:0.1142458859,t21:0.1142458859):0.1381261825,(t5:0.1452122562,t14:0.1452122562):0.1071598122):0.0500862128,(t2:0.2014704625,(t13:0.1664108379,(t24:0.1271043197,(t12:0.0401292151,t11:0.0401292151):0.08697510464):0.03930651818):0.0350596246):0.1009878186):0.05613531099,((t18:0.2721425402,(t6:0.1376313732,(t10:0.07518056604,t25:0.07518056604):0.06245080712):0.1345111671):0.03825124301,(t15:0.1678486302,t29:0.1678486302):0.1425451531):0.04819980892):0.1895697698):0.0288961573):0.1787518296;
39|3.47521602069959|0.137166535758879|0.862899614498019|((t6:0.5219105542,((t2:0.4288841601,(t33:0.33981268,t3:0.33981268):0.08907148018):0.03589134644,t30:0.4647755066):0.05713504762):0.5952441829,((t28:0.3993928317,((t24:0.3048550725,t37:0.3048550725):0.07651159996,t35:0.3813666725):0.01802615922):0.6115852456,((((t23:0.01921969812,t29:0.01921969812):0.04944612076,t32:0.06866581888):0.34119942,t38:0.4098652388):0.3873360597,((((t18:0.1869264719,(t7:0.1415110428,(t34:0.007199994401,t9:0.007199994401):0.1343110484):0.04541542907):0.1491228976,((t36:0.03820137582,t14:0.03820137582):0.07381388686,t1:0.1120152627):0.2240341068):0.1581237745,((t26:0.04801118444,t8:0.04801118444):0.3175296655,((t20:0.07696432297,t27:0.07696432297):0.08379147059,(t21:0.1013751995,t17:0.1013751995):0.0593805941):0.2047850563):0.1286322942):0.06940545994,((t10:0.3727074327,(((t22:0.02720421573,(t4:0.02506036777,t15:0.02506036777):0.002143847957):0.02621259662,t25:0.05341681235):0.2799743395,(t13:0.2749995053,(t16:0.2726511918,t5:0.2726511918):0.002348313515):0.05839164649):0.03931628086):0.178518799,(t39:0.5276915988,((t31:0.08697605286,t11:0.08697605286):0.11255397,(t19:0.002739966522,t12:0.002739966522):0.1967900564):0.3281615759):0.02353463291):0.01235237229):0.2336226945):0.2137767788):0.1061766598):0.100683297;
18|3.00978331413353|0.066676666829735|0.982488988200203|((((t15:0.0291594033,t3:0.0291594033):0.4114028113,(((t2:0.002647482558,t10:0.002647482558):0.218949746,((t18:0.02565000861,(t1:0.01259565781,t13:0.01259565781):0.01305435079):0.1795222981,t16:0.2051723067):0.01642492193):0.05078258595,t11:0.2723798145):0.1681824001):0.04272474659,(t9:0.4811362123,((t17:0.2215946657,(t5:0.05874959631,t12:0.05874959631):0.1628450694):0.1570322986,(t14:0.1853896683,(t8:0.157790245,(t7:0.0773869249,t6:0.0773869249):0.08040332013):0.02759942328):0.193237296):0.102509248):0.002150748922):0.01233068711,t4:0.4956176483):0.3497885016;
11|1.93332796493778|0.301334422302898|0.643552532186732|((t2:0.4518887171,((t9:0.1095781369,t10:0.1095781369):0.1868560764,t5:0.2964342133):0.1554545038):0.4453934166,(((t4:0.03217102298,t3:0.03217102298):0.3663954379,((t1:0.04160456837,t8:0.04160456837):0.226815333,t7:0.2684199014):0.1301465595):0.45890854,(t6:0.1192046672,t11:0.1192046672):0.7382703337):0.03980713283):0.406949606;
18|3.61708628600929|0.363604171976913|0.667342666885816|(((t1:0.05770423989,(t14:0.04788743196,t9:0.04788743196):0.009816807934):0.3258639384,(((t15:0.2665892278,(t3:0.08061194912,t7:0.08061194912):0.1859772787):0.06741778745,(t4:0.1436320139,t6:0.1436320139):0.1903750014):0.0413479882,(t16:0.3390164051,t13:0.3390164051):0.03633859841):0.008213174828):0.01142346797,(((t2:0.02556116031,t5:0.02556116031):0.09324728305,t12:0.1188084434):0.1319880892,(t17:0.2478594573,(t11:0.2353055855,(t8:0.2327443757,(t10:0.1652069492,t18:0.1652069492):0.06753742651):0.002561209778):0.0125538718):0.002937075215):0.1441951137):0.7041088068;
41|3.90499492034782|0.268088413907681|0.8204090698855|(((t5:0.1328886841,(t19:0.12001412,t41:0.12001412):0.0128745641):0.4705519158,((((t22:0.03010010678,t13:0.03010010678):0.101962479,(t37:0.07497989519,t38:0.07497989519):0.05708269057):0.2702323535,(t4:0.2529527869,t34:0.2529527869):0.1493421523):0.1450191935,((t40:0.07769384816,(t23:0.03994790357,t39:0.03994790357):0.03774594459):0.3665055638,((t32:0.04697779929,t10:0.04697779929):0.3549217102,((t14:0.001389007882,t20:0.001389007882):0.3569108417,(t9:0.02424734175,t33:0.02424734175):0.3340525078):0.04359965998):0.04229990243):0.1031147209):0.05612646713):0.3687643069,(((((t17:0.07607325263,t36:0.07607325263):0.008268988975,t30:0.0843422416):0.1854692186,(((t11:0.001765948246,t35:0.001765948246):0.01936608108,t18:0.02113202932):0.025429131,t21:0.04656116032):0.2232502999):0.1525280782,(((t27:0.1175136668,t29:0.1175136668):0.1976505892,t3:0.315164256):0.005352526336,(t24:0.07310750859,((t12:0.03420098775,t2:0.03420098775):0.0008329591675,t8:0.03503394691):0.03807356167):0.2474092737):0.1018227561):0.02675910144,(((t25:0.1945551779,(t26:0.0611483304,t7:0.0611483304):0.1334068475):0.05439243689,t31:0.2489476148):0.1988426227,((((t28:0.005363773931,t16:0.005363773931):0.002837888114,t1:0.008201662046):0.08656129169,t15:0.09476295374):0.26465809,t6:0.3594210438):0.08836919377):0.001308402364):0.5231062669):0.560362754;
31|0.715595863503404|0.369038237030618|0.882310065557249|((t31:0.9553894898,(t13:0.5335975107,t11:0.5335975107):0.4217919791):2.269886523,((((((t25:0.08832761917,t6:0.08832761917):0.9312063514,(t5:0.08473332335,t12:0.08473332335):0.9348006473):0.07506374075,(t28:0.9704032833,t2:0.9704032833):0.1241944281):0.2192002255,(t27:0.002402367833,t15:0.002402367833):1.311395569):1.061800062,(((t16:0.8898785681,((t24:0.1537629795,t14:0.1537629795):0.05388504285,t22:0.2076480224):0.6822305457):0.2304270624,(t18:0.2054104541,t23:0.2054104541):0.9148951764):0.641650183,(t29:0.2404861859,t3:0.2404861859):1.521469627):0.6136421853):0.313214438,((t19:1.702338284,t26:1.702338284):0.9562788386,(((t1:0.06985875275,t17:0.06985875275):0.9400580326,(t7:0.3368151464,(t4:0.2975564143,t20:0.2975564143):0.03925873219):0.6731016389):1.084118643,(t8:0.995479978,(((t30:0.5870251236,t21:0.5870251236):0.1688560218,t10:0.7558811454):0.02747616322,t9:0.7833573086):0.2121226694):1.098555451):0.5645816939):0.03019531415):0.5364635759):1.021226818;
37|0.93660509651294|0.359244569877628|0.753924948279746|(((t25:0.4982126044,(t24:0.2918260406,((t12:0.105184392,t17:0.105184392):0.1094931767,t18:0.2146775687):0.07714847188):0.2063865638):1.219355505,(((t2:0.3750616583,(t31:0.2918105707,t6:0.2918105707):0.08325108768):0.4711377765,t9:0.8461994349):0.2188616515,t36:1.065061086):0.6525070226):0.5778800036,(((t21:1.104275873,(t26:0.6386344621,t30:0.6386344621):0.4656414112):0.1191134441,((t1:0.9091992841,(t7:0.07521336408,t4:0.07521336408):0.83398592):0.2738932886,(t33:0.148602843,t3:0.148602843):1.03448973):0.0402967447):0.5965862332,((((t5:0.9726102415,t27:0.9726102415):0.3197403642,(t34:0.8965859956,t14:0.8965859956):0.39576461):0.005408988248,(t15:0.2813171793,(t10:0.2652646889,t19:0.2652646889):0.01605249037):1.016442415):0.1112434657,((t28:0.7901466011,(t11:0.5157742889,((t20:0.4154276006,t23:0.4154276006):0.07928376473,t22:0.4947113653):0.02106292362):0.2743723122):0.4796911643,((t37:0.356070796,t29:0.356070796):0.1407826915,((t13:0.1884595983,t32:0.1884595983):0.2850776435,((t35:0.2415679226,t16:0.2415679226):0.1858957753,t8:0.4274636979):0.04607354382):0.0233162458):0.7729842779):0.1391652941):0.410972491):0.475472562):0.7401236303;
38|0.0836872354405932|0.477153207878582|0.940766361542046|((t22:30.01514686,(((t13:6.136360038,(t8:3.939647335,(t18:2.793306411,t29:2.793306411):1.146340924):2.196712703):5.694264514,(t2:4.684221936,t35:4.684221936):7.146402616):2.71705819,(t34:9.43310818,(t36:1.780676255,(t6:0.5914549556,t4:0.5914549556):1.189221299):7.652431926):5.114574561):15.46746411):10.50788273,((t5:19.58682422,((t23:8.728323462,((t16:3.954026789,t32:3.954026789):3.670588553,((t27:0.5654484777,t30:0.5654484777):6.949028528,(t14:1.497990812,t7:1.497990812):6.016486194):0.1101383362):1.10370812):7.218201248,((t25:0.05224453582,t11:0.05224453582):1.12235339,t3:1.174597925):14.77192678):3.64029951):2.212971889,((t33:2.932965748,((t21:0.1517111853,t24:0.1517111853):2.686755917,t9:2.838467103):0.09449864545):14.64760995,((((t12:1.600789462,t31:1.600789462):0.1274812786,t38:1.728270741):6.802921487,t15:8.531192228):7.48844237,(((((t17:1.895268737,t19:1.895268737):1.892957664,(t37:1.393563375,t26:1.393563375):2.394663025):1.966889136,(t1:3.163947533,t10:3.163947533):2.591168004):0.08695376607,t20:5.842069303):1.892817691,t28:7.734886994):8.284747604):1.560941099):4.21922041):18.72323348):25.85406577;
11|2.15303491241531|0.0449940425716341|0.63627681590151|(((t7:0.1342164621,t8:0.1342164621):0.9729280138,((t3:0.0958790371,t2:0.0958790371):0.03540534724,t1:0.1312843843):0.9758600916):0.1753504536,(((t10:0.07617963569,t5:0.07617963569):0.1938695394,t4:0.2700491751):0.0683816787,((t6:0.2040159947,t9:0.2040159947):0.0964519371,t11:0.3004679318):0.03796292196):0.9440640757):0.9920275792;
38|0.698511557651218|0.282708954140544|0.551308052963577|(((((((t36:1.038377162,t16:1.038377162):0.7396373775,((t15:0.06289909796,t17:0.06289909796):0.2459461679,t29:0.3088452659):1.469169273):0.2989152539,((t4:0.3348172564,t11:0.3348172564):0.1397607978,t31:0.4745780542):1.602351739):1.935258524,((t18:0.8024850679,t6:0.8024850679):2.830596434,(t13:1.883128193,t23:1.883128193):1.749953309):0.3791068151):1.221100742,(t5:3.032667347,(t19:1.821289772,((t30:0.7015370764,(t2:0.5260294137,t38:0.5260294137):0.1755076627):0.976050506,(t10:1.51244852,(((t25:0.6923276675,(t32:0.3185021,t34:0.3185021):0.3738255675):0.444510546,((t9:0.09379851229,t33:0.09379851229):0.6024291276,((t28:0.3548813696,(t26:0.01403166739,t24:0.01403166739):0.3408497023):0.2250717579,t27:0.5799531275):0.1162745124):0.4406105736):0.3009006501,t21:1.437738864):0.07470965642):0.1651390624):0.1437021898):1.211377574):2.200621712):0.5456247942,(t37:1.658547541,(t8:0.4380858609,t14:0.4380858609):1.22046168):4.120366311):2.927511017,(t1:2.647067642,((t3:0.3182199587,t20:0.3182199587):2.174742657,((t7:0.9857538283,t35:0.9857538283):0.09679502043,(t22:0.3871151284,t12:0.3871151284):0.6954337203):1.410413767):0.1541050264):6.059357227):0.5899318994;
17|3.2054699312686|0.0437039850489236|0.779703881940804|(((t1:0.07132579667,t8:0.07132579667):0.4259129745,(((t9:0.1836681307,t12:0.1836681307):0.1148530549,(t3:0.03632928814,t11:0.03632928814):0.2621918975):0.1704825862,((t15:0.1414917303,(t14:0.07946957315,t13:0.07946957315):0.06202215715):0.1571709248,(((t6:0.02731720941,t5:0.02731720941):0.1719362671,t10:0.1992534765):0.03476025041,t7:0.2340137269):0.06464892814):0.1703411168):0.02823499928):0.06993432379,((t17:0.06410946197,t2:0.06410946197):0.08233178155,(t16:0.02320213044,t4:0.02320213044):0.1232391131):0.4207318514):0.2543015306;
44|3.00995346872369|0.391904609678313|0.527585135656409|(((((t38:0.3506729427,(t16:0.1674436204,t15:0.1674436204):0.1832293223):0.1725883857,((t27:0.1352701047,(t18:0.06813850718,t6:0.06813850718):0.06713159755):0.08969300115,(((t31:0.009760810431,t26:0.009760810431):0.008988960285,t25:0.01874977072):0.1354538305,t44:0.1542036012):0.07075950466):0.2982982226):0.4565520019,((t34:0.2868118034,t9:0.2868118034):0.1290356489,((((t4:0.2652278767,t39:0.2652278767):0.03801206949,(t3:0.116995298,t42:0.116995298):0.1862446482):0.006948976585,t10:0.3101889228):0.006789663459,t37:0.3169785862):0.09886886609):0.5639658781):0.1610745873,(((((t24:0.05925770326,t36:0.05925770326):0.2043140375,t8:0.2635717407):0.03449401508,t11:0.2980657558):0.7194969188,t41:1.017562675):0.1173671534,(((t20:0.004397115725,t30:0.004397115725):0.3474076822,t22:0.351804798):0.137873523,((t21:0.1940704477,(t35:0.1835280735,(t5:0.06035898672,t13:0.06035898672):0.1231690868):0.01054237424):0.02291672723,t23:0.2169871749):0.272691146):0.6452515071):0.005958089717):0.09513239979,(((((((t7:0.03561817308,t14:0.03561817308):0.04238443887,(t17:0.008490688177,t1:0.008490688177):0.06951192377):0.0240724861,t2:0.1020750981):0.02829883843,t40:0.1303739365):0.1072481965,(t12:0.182450266,(t28:0.05488437189,t29:0.05488437189):0.1275658941):0.05517186708):0.164883034,((t19:0.01273626253,t32:0.01273626253):0.2609523733,t33:0.2736886358):0.1288165312):0.3552621764,t43:0.7577673434):0.4782529741):0.05830415295;
46|0.605977633409202|0.221504890022334|0.778405146673322|(((t10:1.427780222,(t43:0.9324129691,(t32:0.03178996971,t28:0.03178996971):0.9006229994):0.4953672529):3.806266905,(((((t22:0.04496662597,t5:0.04496662597):2.912392344,(((t11:1.000474524,(t38:0.0004229021162,t37:0.0004229021162):1.000051622):0.4465331811,((t23:0.8341509409,t41:0.8341509409):0.3622110429,(t12:0.5072456896,(t16:0.1614211357,t31:0.1614211357):0.3458245539):0.6891162941):0.2506457216):0.6352652009,((t40:0.5622886895,((t20:0.1073756021,t3:0.1073756021):0.3730402714,t1:0.4804158734):0.08187281611):0.7144248876,(t24:1.273046889,t36:1.273046889):0.003666688318):0.8055593291):0.8750860641):1.58842926,((t39:1.962839692,t17:1.962839692):0.7489390215,((t14:0.8346364804,t15:0.8346364804):0.517639961,t19:1.352276441):1.359502272):1.834009517):0.1187669955,((t34:2.591992818,(((t25:0.5736985169,t13:0.5736985169):0.866236862,(t42:0.622208556,(t33:0.3621135639,t7:0.3621135639):0.2600949921):0.8177268229):1.054876759,t18:2.494812138):0.09718067998):0.1602713792,(t29:0.9933053249,t2:0.9933053249):1.758958872):1.912291029):0.1833052777,(t46:4.153159907,(t21:0.1080793124,t8:0.1080793124):4.045080594):0.694700597):0.3861866233):0.7810992367,(t9:2.147467256,((t26:0.1167647906,(t27:0.06124357538,t35:0.06124357538):0.05552121527):0.8315869442,((t6:0.1828841924,(t45:0.1376120392,t44:0.1376120392):0.04527215324):0.3787580232,(t4:0.1155802789,t30:0.1155802789):0.4460619368):0.3867095192):1.199115521):3.867679108):2.272118427;
37|2.24736749311676|0.46616680056788|0.98576505004894|((t28:0.9648920399,((t24:0.1981832278,t14:0.1981832278):0.2841109066,(t21:0.4352376823,(t22:0.110655149,t19:0.110655149):0.3245825332):0.04705645212):0.4825979055):0.1374411467,((((((t23:0.3166528219,t30:0.3166528219):0.0580249257,(t26:0.2290972125,t29:0.2290972125):0.145580535):0.1773494202,(t13:0.0133864288,t11:0.0133864288):0.538640739):0.4002967179,((t2:0.1338088703,(t9:0.053773064,(t17:0.03183975529,t33:0.03183975529):0.02193330872):0.08003580629):0.06232648698,t36:0.1961353573):0.7561885284):0.04042455203,t10:0.9927484377):0.03745925492,((t37:0.5546257997,(t34:0.05892500723,(t1:0.04412657481,(t25:0.03810067479,t8:0.03810067479):0.006025900015):0.01479843243):0.4957007925):0.2458020396,((t15:0.4571885731,(((t18:0.2637961287,(t35:0.2150913583,(t3:0.08889644704,t31:0.08889644704):0.1261949112):0.04870477046):0.03967005229,t4:0.303466181):0.05157256906,(t12:0.2234755874,((((t7:0.05360079164,t16:0.05360079164):0.01623818982,t6:0.06983898146):0.0004214936414,(t20:0.02788707702,t5:0.02788707702):0.04237339808):0.09416307339,t27:0.1644235485):0.05905203887):0.1315631627):0.102149823):0.1382122428,t32:0.5954008159):0.2050270234):0.2297798533):0.07212549395):0.6500721424;
15|1.84476207435131|0.434558235073928|0.659803583403118|(t12:1.369641536,((t15:0.8110823788,((t9:0.2247957671,t7:0.2247957671):0.343207526,(t8:0.2517943571,((t11:0.05290533804,t4:0.05290533804):0.0840142651,t10:0.1369196031):0.114874754):0.316208936):0.2430790857):0.07224840644,((t3:0.4475539934,(t6:0.08188916275,t5:0.08188916275):0.3656648307):0.3168891752,((t2:0.1464139592,(t1:0.06410575453,t14:0.06410575453):0.08230820467):0.3718294448,t13:0.518243404):0.2461997646):0.1188876166):0.486310751):0.4032481375;
12|0.865020782663487|0.232183836477343|0.865182180074044|((((t8:0.3453355486,t5:0.3453355486):0.4027698106,(t4:0.7393074782,((t11:0.19058223,(t12:0.1297456866,t7:0.1297456866):0.06083654335):0.3715443058,t6:0.5621265358):0.1771809423):0.008797881044):0.1998197268,((t9:0.1090889207,t2:0.1090889207):0.7025701898,t10:0.8116591105):0.1362659755):1.589473752,(t1:0.6852177629,t3:0.6852177629):1.852181075):0.3221634844;
49|0.727562899186742|0.268171958916355|0.767183748772368|(((((((t18:0.3829277765,t27:0.3829277765):0.6920431589,(((t29:0.1470795243,t2:0.1470795243):0.1951175862,t45:0.3421971105):0.5298426391,(t49:0.2487401703,t48:0.2487401703):0.6232995793):0.2029311859):1.911648574,(t24:1.214152219,t43:1.214152219):1.77246729):0.1536163838,(t47:1.62311344,(t36:0.9250373011,((t42:0.4417020746,t17:0.4417020746):0.3229875933,t15:0.7646896679):0.1603476332):0.6980761388):1.517122453):0.2734430145,(((t33:1.007024514,(t19:0.6822667346,t3:0.6822667346):0.3247577792):0.4604626579,(t12:1.239345954,t41:1.239345954):0.2281412178):0.9578763339,(t28:1.859624417,(t39:0.7677716515,t35:0.7677716515):1.091852766):0.5657390885):0.9883154017):0.5086176689,(t38:1.044461095,(t7:0.1586725089,t11:0.1586725089):0.8857885861):2.877835481):0.1864041906,((((t23:1.308154252,t13:1.308154252):0.3053839433,(t22:0.04311351296,t40:0.04311351296):1.570424683):0.2317236809,(t14:0.5647644475,t4:0.5647644475):1.280497429):1.849004595,(t31:3.420753895,((((t44:1.023663238,((t34:0.2432865706,t46:0.2432865706):0.3064411165,(t30:0.1951602363,t21:0.1951602363):0.3545674507):0.4739355513):0.07061673644,t16:1.094279975):0.06922184561,t8:1.16350182):0.7780662379,(t20:1.764706361,(((t26:0.4373206353,t1:0.4373206353):0.2896130812,t9:0.7269337165):0.3942305197,((((t32:0.147895445,t6:0.147895445):0.4080774387,t5:0.5559728836):0.3530473619,(t10:0.8772102889,t25:0.8772102889):0.03180995665):0.06333105624,t37:0.9723513018):0.1488129344):0.6435421251):0.1768616969):1.479185837):0.2735125766):0.4144342951):0.2524990783;
47|2.8317125733709|0.183386561984662|0.541081651579589|((((t34:0.260000553,t23:0.260000553):0.4964247771,(t21:0.4874938555,((t37:0.04295728512,t44:0.04295728512):0.2093560387,(t22:0.1761407186,(t5:0.06492178173,t32:0.06492178173):0.1112189368):0.07617260527):0.2351805316):0.2689314746):0.2751953652,((t26:0.08574631033,t19:0.08574631033):0.1856762348,(t15:0.07320496049,t8:0.07320496049):0.1982175846):0.7601981502):0.4504034538,((((t36:0.4972736339,(t41:0.4027236378,t31:0.4027236378):0.09454999611):0.3798382176,(((t30:0.08934409754,t6:0.08934409754):0.0354659431,t24:0.1248100406):0.5435247678,(t18:0.4681677538,(t27:0.4146344667,t9:0.4146344667):0.05353328713):0.2001670547):0.208777043):0.3515757074,((t39:0.8437302652,((t10:0.3276415263,t2:0.3276415263):0.3641793359,((t12:0.2501066547,t14:0.2501066547):0.3130294944,t17:0.5631361491):0.1286847132):0.1519094029):0.1671603985,(t35:0.007802930281,t3:0.007802930281):1.003087733):0.2177968952):0.1946801892,(((((t42:0.02041250116,t11:0.02041250116):0.1617718273,(t16:0.110464487,t38:0.110464487):0.0717198415):0.5069139271,((t45:0.1484761779,(t25:0.02716897152,t33:0.02716897152):0.1213072063):0.0350651276,t7:0.1835413055):0.5055569501):0.03787371392,t40:0.7269719695):0.2286925505,((((t28:0.4961777743,t46:0.4961777743):0.004854828384,(t43:0.1386343379,t1:0.1386343379):0.3623982648):0.03813641689,(t47:0.09541922804,t13:0.09541922804):0.4437497915):0.3961451229,(t29:0.6703866299,(t20:0.06870045708,t4:0.06870045708):0.6016861728):0.2649275126):0.02035037747):0.4677032282):0.05865640095):0.2249556608;
11|1.59173538832692|0.428847598680295|0.672624425729737|(((t5:0.04368085605,t1:0.04368085605):0.7568818741,(t3:0.5806465182,(t10:0.3818370891,t6:0.3818370891):0.1988094291):0.2199162119):0.8271775944,(t9:0.657416865,((t11:0.1916911625,t7:0.1916911625):0.3561635028,(t2:0.3653225589,(t4:0.2453737304,t8:0.2453737304):0.1199488285):0.1825321064):0.1095621997):0.9703234595):0.05084018471;
30|0.440803928698879|0.176529654215556|0.611556341173127|((t7:6.053253247,(((t27:3.155586374,(t20:1.165120972,t13:1.165120972):1.990465401):1.348610919,(((t9:0.394165709,t3:0.394165709):0.03364976862,t19:0.4278154776):2.448781766,(t8:2.398633778,((t12:1.595332248,(t11:0.04045567299,t15:0.04045567299):1.554876575):0.1480154694,(t14:1.52530918,t6:1.52530918):0.2180385375):0.6552860605):0.4779634652):1.627600049):0.5711615371,((t24:1.461598699,t5:1.461598699):3.079823902,(t18:0.6681134713,t4:0.6681134713):3.873309129):0.5339362288):0.9778944171):0.4915972974,(((t25:2.787931968,((t2:0.5655769057,t17:0.5655769057):0.8769816474,(t30:1.21008467,(t21:0.1258567837,t29:0.1258567837):1.084227886):0.2324738834):1.345373415):0.0790734791,t16:2.867005447):2.422709012,(((t10:0.9765308805,t22:0.9765308805):0.8109938688,(t28:0.9509128807,(t1:0.1148230948,t26:0.1148230948):0.8360897859):0.8366118687):2.039131383,t23:3.826656132):1.463058327):1.255136085):0.7490862071;
27|0.105758543240372|0.130345140083227|0.52859656943474|(((((t5:0.2982743438,t7:0.2982743438):3.088737324,t22:3.387011668):22.48679219,(((t13:8.704193068,(t12:5.193858426,t20:5.193858426):3.510334643):6.498037543,t6:15.20223061):4.335599927,((t10:1.499756417,t9:1.499756417):16.02788847,(((t16:4.799765071,t24:4.799765071):11.36193417,((((t26:0.3513763796,t19:0.3513763796):1.411734756,t17:1.763111135):8.753308425,t25:10.51641956):0.9511531157,((t8:3.72663343,t11:3.72663343):0.05201439066,t2:3.778647821):7.688924855):4.694126562):0.5373610837,((t27:2.001627775,t4:2.001627775):0.8034965003,t1:2.805124275):13.89393605):0.8285845692):2.010185647):6.335973318):2.156893296,t3:28.03069715):2.211062058,((t23:4.555073107,(t21:0.4785627186,t14:0.4785627186):4.076510389):9.23160137,(t18:9.423751265,t15:9.423751265):4.362923213):16.45508473):1.155703025;
14|1.39376806889661|0.479407102055848|0.857179779675789|((t10:0.6817285235,(t12:0.4906927306,(t6:0.1659608763,t4:0.1659608763):0.3247318543):0.1910357929):1.824279788,((t8:0.8009809338,(((t2:0.09326257472,t5:0.09326257472):0.003362006637,t14:0.09662458136):0.2576679798,t13:0.3542925611):0.4466883726):1.453280496,(((t3:0.3149556106,t11:0.3149556106):0.2025107362,t7:0.5174663468):0.2474718609,(t9:0.4071150391,t1:0.4071150391):0.3578231687):1.489323222):0.2517468816):1.959281248;
25|0.702710959187243|0.288680398699362|0.763116344343871|(((t20:1.288997265,t11:1.288997265):0.3569208494,t18:1.645918114):3.811845876,(((t16:2.371425075,(t6:1.398111763,t25:1.398111763):0.9733133124):0.03994506503,(t13:0.6775519007,t22:0.6775519007):1.733818239):0.3747838412,((((t7:0.570685957,t10:0.570685957):1.044196557,t12:1.614882514):0.1530897715,t15:1.767972286):0.8620468613,((t5:1.408587858,t3:1.408587858):0.5729975823,(t4:1.23188532,((t9:1.013309187,(((t19:0.182785198,t17:0.182785198):0.08804901057,t2:0.2708342085):0.2739789423,t14:0.5448131508):0.4684960359):0.1095384633,(((t24:0.8273712124,t21:0.8273712124):0.1083445561,t1:0.9357157684):0.1026343121,(t8:0.2075398795,t23:0.2075398795):0.830810201):0.08449756954):0.1090376697):0.7497001206):0.6484337068):0.1561348341):2.671610009):3.820373191;
46|1.49109173523029|0.463628691905178|0.966586454771459|(((((((t37:0.3992938167,t14:0.3992938167):0.07963528031,((t35:0.4233764667,t38:0.4233764667):0.008324755037,(t2:0.2635107806,t6:0.2635107806):0.1681904411):0.04722787524):0.5464020556,((t34:0.02585754201,t9:0.02585754201):0.4224541258,(t21:0.3155282431,t42:0.3155282431):0.1327834247):0.5770194848):0.08261116388,(t12:0.3696629576,t22:0.3696629576):0.7382793589):0.09652883695,t23:1.204471153):0.2628724458,(((t15:0.1239862188,t33:0.1239862188):0.6119635295,(((t27:0.2965037951,(t36:0.1869438209,t1:0.1869438209):0.1095599742):0.01916886359,(t16:0.2624894136,(((t41:0.02535079215,t30:0.02535079215):0.05862047708,t29:0.08397126923):0.05825587769,t7:0.1422271469):0.1202622667):0.0531832451):0.3478979224,t3:0.6635705811):0.07237916713):0.420954675,(((t19:0.3185990743,(t18:0.2953297371,(t13:0.2751740375,(t5:0.2427720636,((t39:0.01205274438,t31:0.01205274438):0.1603488958,t17:0.1724016402):0.07037042345):0.03240197387):0.02015569966):0.02326933716):0.3050222269,(t25:0.2962807027,(t11:0.1255362123,t44:0.1255362123):0.1707444905):0.3273405984):0.003687048781,(t45:0.1210516935,(t26:0.06792596022,(t40:0.005515186629,t24:0.005515186629):0.06241077359):0.05312573332):0.5062566564):0.5295960733):0.310439176):2.03971618,((((t10:0.424696521,(t28:0.3070562526,t4:0.3070562526):0.1176402684):0.3481430203,t43:0.7728395413):0.1695463607,(t8:0.6735906044,t32:0.6735906044):0.2687952976):0.8633919303,(t20:0.2018040773,t46:0.2018040773):1.603973755):1.701281947):0.476191833;
21|3.9520321724657|0.109961407333612|0.825938027817756|(((t21:0.03555473887,t2:0.03555473887):0.09029675409,(t7:0.1130396356,t17:0.1130396356):0.01281185736):0.4262987314,((((t11:0.1032948307,t20:0.1032948307):0.2359654876,((t8:0.05615701283,t13:0.05615701283):0.2310801509,t9:0.2872371637):0.05202315452):0.1027599254,((t5:0.2920225074,t3:0.2920225074):0.008339883554,((t16:0.1351931875,t19:0.1351931875):0.07659440116,(t4:0.0911669976,(t6:0.06686448508,t14:0.06686448508):0.02430251252):0.1206205911):0.08857480224):0.1416578528):0.01153232352,(((t18:0.01195967902,t12:0.01195967902):0.1027443481,t15:0.1147040271):0.07591247857,(t10:0.1733664875,t1:0.1733664875):0.01725001823):0.2629360615):0.09859765722):0.1753596675;
44|1.7087481415295|0.449700042530894|0.730263975332491|(((t3:0.4048682895,(t12:0.03989282703,(t22:0.01042998647,t31:0.01042998647):0.02946284056):0.3649754624):0.5820239421,t34:0.9868922316):0.5704374341,(((t30:0.3106712244,t33:0.3106712244):0.4528984742,t13:0.7635696986):0.6470276764,((t8:0.5794053923,t26:0.5794053923):0.6160821727,((t36:0.01994240795,t24:0.01994240795):1.17551786,((((t38:0.01901268461,t32:0.01901268461):0.2529836311,(t42:0.2491839844,(t7:0.1701390024,t17:0.1701390024):0.07904498193):0.02281233138):0.4814378321,t1:0.7534341479):0.3635933196,(((t27:0.1677843025,(t35:0.03923380257,t14:0.03923380257):0.1285504999):0.2060399954,t41:0.3738242979):0.6684361641,((t5:0.7538426981,(((t25:0.1806930686,t10:0.1806930686):0.002077087242,(t37:0.008242293064,t2:0.008242293064):0.1745278627):0.2307984436,((t28:0.09673532288,t21:0.09673532288):0.0790015217,t23:0.1757368446):0.2378317548):0.3402740987):0.1115593109,((((((t11:0.0482894848,t43:0.0482894848):0.2092654644,t29:0.2575549492):0.006107369326,((t6:0.1079462671,t20:0.1079462671):0.02592068389,(t44:0.08161741439,t40:0.08161741439):0.0522495366):0.1297953675):0.09181898607,(t18:0.1847211043,(t15:0.0417502227,t9:0.0417502227):0.1429708816):0.1707602003):0.06374823472,t39:0.4192295393):0.23168774,((t4:0.01593010902,t19:0.01593010902):0.1322765871,t16:0.1482066961):0.5027105831):0.2144847298):0.1768584529):0.07476700553):0.0784328004):2.72971464e-05):0.21510981):0.1467322907):0.5721660565;
49|1.97099081950495|0.0251717057847418|0.599901669891551|((((t28:0.7357622618,t20:0.7357622618):0.367606213,(t17:0.9441730347,((t32:0.1564472233,t9:0.1564472233):0.6796166006,(t4:0.5417593174,(t30:0.2411679725,t6:0.2411679725):0.3005913449):0.2943045066):0.1081092107):0.1591954401):0.02836483724,(t3:1.050966908,(((((t33:0.2426260926,t34:0.2426260926):0.006890603904,t14:0.2495166965):0.2234851339,t25:0.4730018304):0.3212666364,(t15:0.7214589042,((t39:0.3799633868,t36:0.3799633868):0.2747371342,(t18:0.3465831937,t22:0.3465831937):0.3081173273):0.06675838324):0.0728095625):0.02853388614,(t35:0.0464192287,t48:0.0464192287):0.7763831242):0.2281645546):0.08076640452):0.3413107624,((((t8:0.4732498613,t49:0.4732498613):0.3455444746,(t19:0.2515246528,(t27:0.07694238327,t10:0.07694238327):0.1745822696):0.567269683):0.3789252654,(t42:0.3727341025,(t45:0.2020713511,t31:0.2020713511):0.1706627514):0.8249854988):0.1028469398,(((((t23:0.08093536908,t37:0.08093536908):0.3431725303,(t38:0.3953784428,(t5:0.08892235084,(t47:0.0008961590309,t13:0.0008961590309):0.08802619181):0.306456092):0.0287294566):0.3276571893,t43:0.7517650887):0.04571417224,(t40:0.7765918037,((t12:0.2744633008,(t11:0.0138823299,t1:0.0138823299):0.2605809709):0.4592981463,(t29:0.6279713058,(t24:0.5873010391,((t26:0.3781103675,(t7:0.2029274508,(t46:0.128182742,t2:0.128182742):0.07474470876):0.1751829167):0.04310269081,t41:0.4212130583):0.1660879808):0.04067026675):0.1057901412):0.0428303567):0.02088745723):0.02463858338,(t21:0.5697647532,(t44:0.3866418096,t16:0.3866418096):0.1831229436):0.2523530911):0.4784486967):0.1724775334):0.2032843137;
14|1.26498262096662|0.225171035875101|0.722920959116891|((t7:1.028548044,t11:1.028548044):1.713220228,((((t6:0.9496280977,t3:0.9496280977):0.5061247813,(t14:0.3175534115,t1:0.3175534115):1.138199468):0.3459412333,t8:1.801694112):0.8087981198,((((t9:0.07058923232,t13:0.07058923232):0.04916582385,t2:0.1197550562):0.2493006651,t5:0.3690557213):0.5629920817,((t4:0.7609889616,t12:0.7609889616):0.1420551386,t10:0.9030441002):0.0290037028):1.678444429):0.1312760394):0.9075044388;
46|0.671740219807252|0.139118044811767|0.545669746119529|((((t9:0.7716354094,t30:0.7716354094):0.872857847,t1:1.644493256):2.357336265,((t12:0.1228804826,t17:0.1228804826):1.781695017,((t25:0.6492920112,t4:0.6492920112):0.1333145309,(t27:0.4097834334,(t29:0.3234841798,t44:0.3234841798):0.08629925361):0.3728231087):1.121968957):2.097254022):2.221816759,((((((t41:2.536729158,((t23:0.8531557966,t21:0.8531557966):0.1958933582,t35:1.049049155):1.487680003):0.5641863413,((t13:0.6148205763,t14:0.6148205763):0.7591100372,t24:1.373930614):1.726984886):0.407725655,((t7:1.906595623,t10:1.906595623):0.7188907086,((t18:0.5287588657,t33:0.5287588657):0.04571021651,t8:0.5744690822):2.05101725):0.8831548223):0.9930982433,((t42:0.7308510449,t31:0.7308510449):2.872476392,((t36:1.10218084,t22:1.10218084):1.611829465,(t43:2.586177815,((t26:1.313844981,((t39:0.3939903697,t40:0.3939903697):0.8425161043,t20:1.236506474):0.07733850677):1.142909047,(t45:1.696679982,(t34:0.3462603436,t38:0.3462603436):1.350419639):0.7600740453):0.1294237875):0.1278324896):0.889317132):0.8984119605):0.7066292876,((t19:2.007214373,(t5:1.779795479,t15:1.779795479):0.2274188934):2.093576817,((t3:1.319587486,t11:1.319587486):1.535789864,(((t6:0.8957625102,t37:0.8957625102):0.09165815329,(t2:0.8160216489,t16:0.8160216489):0.1713990146):0.4170120247,t28:1.404432688):1.450944662):1.245413839):1.107577496):0.3358394075,(t46:1.491427476,t32:1.491427476):4.052780617):0.679438188):0.2608752819;
30|3.65030753537081|0.185067283909302|0.52213584666606|((((((((t7:0.06900839324,t1:0.06900839324):0.09445481826,(t23:0.1446877379,t29:0.1446877379):0.01877547363):0.1114579717,((t12:0.1603411231,((t16:0.06493293812,t24:0.06493293812):0.01910151017,t11:0.08403444829):0.07630667484):0.03749450824,(t26:0.05325559163,t8:0.05325559163):0.1445800397):0.07708555184):0.136509099,(((t27:0.04729949334,t3:0.04729949334):0.2011491048,t6:0.2484485981):0.1158127958,t10:0.364261394):0.04716888827):0.04976005417,t15:0.4611903364):0.2734756197,(((t25:0.07554581931,t13:0.07554581931):0.2467740101,(t9:0.09530401139,t22:0.09530401139):0.2270158181):0.05768602091,t18:0.3800058504):0.3546601058):0.2321455258,((t14:0.3566294654,t30:0.3566294654):0.5980230448,((t4:0.2838879437,(t28:0.05067923491,((t20:0.04128741132,t19:0.04128741132):0.00556643921,t21:0.04685385053):0.003825384379):0.2332087088):0.0480754685,t2:0.3319634122):0.6226890979):0.0121589718):0.2900167525,(t17:0.08764930315,t5:0.08764930315):1.169178931):0.2002525671;
33|0.0872917657159269|0.233228395171463|0.541636155336164|(((((t8:24.63992776,((t28:6.861852401,t31:6.861852401):3.936089653,t33:10.79794205):13.8419857):3.446095595,(t27:15.99475666,t23:15.99475666):12.09126669):7.553502983,((t22:8.768579152,(t29:2.942597891,t19:2.942597891):5.825981261):3.400752798,((t20:0.7071559016,t7:0.7071559016):4.935537783,t2:5.642693684):6.526638266):23.47019439):4.820978996,(t1:36.36692962,(t6:16.09285328,((((t21:3.21856943,(t25:1.961231752,(t11:0.6630533397,t17:0.6630533397):1.298178412):1.257337679):0.1413534782,t24:3.359922908):5.630909756,(t26:0.1521790404,t32:0.1521790404):8.838653624):1.324086109,((t12:5.890456847,(t4:1.088014602,t30:1.088014602):4.802442245):1.509287244,((t18:0.6489114995,t15:0.6489114995):2.225111149,t9:2.874022648):4.525721442):2.915174683):5.777934508):20.27407634):4.093575714):3.405537476,(((t13:3.188424322,t16:3.188424322):10.3023114,(t14:7.605963214,t3:7.605963214):5.884772513):11.6826757,(t10:22.74960514,t5:22.74960514):2.423806283):18.69263138):2.556031856;
10|1.68201237487607|0.309006284768693|0.839106410159729|((t7:0.2602981292,((t9:0.04993367602,t5:0.04993367602):0.100759549,t8:0.150693225):0.1096049042):1.111629052,((((t1:0.02546997565,t4:0.02546997565):0.07359364681,t2:0.09906362247):0.2372943444,t10:0.3363579669):0.357293117,(t3:0.5167607637,t6:0.5167607637):0.1768903202):0.678276097):0.08296542392;
48|2.18124582070624|0.393413889964577|0.621671106549911|((t33:0.5479056525,(((t25:0.2170449614,t46:0.2170449614):0.06025016515,t19:0.2772951266):0.2456853385,(t8:0.01561286003,t17:0.01561286003):0.5073676051):0.02492518743):0.6278993911,(((((((t31:0.1816043681,t43:0.1816043681):0.3013229587,((t22:0.1327841487,(t44:0.03383752817,t2:0.03383752817):0.09894662049):0.05341759035,t34:0.186201739):0.2967255877):0.2141000663,((((t26:0.206709606,(t7:0.1159231816,t23:0.1159231816):0.09078642441):0.05671017213,t28:0.2634197782):0.3299712821,(t42:0.5916310082,((t35:0.188904635,t3:0.188904635):0.1984399476,t20:0.3873445826):0.2042864256):0.001760052115):0.05737948334,((t27:0.3942125394,(t10:0.3612966004,t18:0.3612966004):0.03291593894):0.1366962747,t24:0.5309088141):0.1198617296):0.04625684944):0.1804354624,(t48:0.564871659,t21:0.564871659):0.3125911965):0.04883036202,((t37:0.07258064879,t14:0.07258064879):0.8280648827,(t45:0.5245818771,(t39:0.4471817101,(((t16:0.04933830906,t36:0.04933830906):0.07301909676,t9:0.1223574058):0.3190223214,(t12:0.2360289093,t1:0.2360289093):0.2053508179):0.005801982829):0.07740016704):0.3760636544):0.02564768601):0.02956516446,((((t4:0.007876192254,t40:0.007876192254):0.2803336666,t11:0.2882098588):0.3108158042,((t30:0.1699778659,t5:0.1699778659):0.1506391768,t38:0.3206170427):0.2784086204):0.05255586553,((((t29:0.1029386896,t32:0.1029386896):0.05016114404,t47:0.1530998336):0.08694716822,(t6:0.0873818129,t15:0.0873818129):0.1526651889):0.3563430866,t41:0.5963900884):0.05519144014):0.3042768534):0.04724519548,t13:1.003103577):0.1727014662):0.3631714085;
18|3.53568817518419|0.0864851963496767|0.996291248709895|((t3:0.1703825727,(t4:0.1231251655,t14:0.1231251655):0.04725740725):0.6954596575,(((t15:0.01331237607,t1:0.01331237607):0.6519827684,((t2:0.2833239259,(t16:0.1725083052,t7:0.1725083052):0.1108156208):0.2315195729,(((t13:0.1217694793,t18:0.1217694793):0.08406658881,t8:0.2058360681):0.2299048636,(((t17:0.006652558812,t10:0.006652558812):0.03229425231,t12:0.03894681112):0.004181908091,t6:0.04312871922):0.3926122125):0.07910256708):0.1504516457):0.1909561217,((t11:0.001300990539,t5:0.001300990539):0.5662271618,t9:0.5675281524):0.2887231138):0.009590964074):0.9922823688;
24|1.16056831576861|0.386286422442645|0.908947389922105|(((t11:0.2399588344,(t3:0.02441085817,t9:0.02441085817):0.2155479762):1.610828174,(t15:0.9424065055,((t20:0.2333130344,t7:0.2333130344):0.4556452553,t12:0.6889582898):0.2534482158):0.9083805033):0.131111354,(((t23:0.6799735777,(t1:0.6581533967,((t24:0.017556237,t8:0.017556237):0.3602525823,((t13:0.202455962,t22:0.202455962):0.0849034165,(t4:0.09885214612,t19:0.09885214612):0.1885072323):0.09044944084):0.2803445774):0.02182018099):0.9845978589,(((t17:0.3642557072,t14:0.3642557072):0.123675637,((t2:0.05916902511,t16:0.05916902511):0.05792446763,t18:0.1170934927):0.3708378514):0.3558044338,t6:0.843735778):0.8208356587):0.01356785176,(t5:0.5428592177,(t10:0.1794745637,t21:0.1794745637):0.363384654):1.135280071):0.3037590744):0.8479031483;
26|0.738643051912077|0.180867833169177|0.646009615738876|(((t23:2.919073436,(t15:2.36556453,t26:2.36556453):0.5535089054):0.4055456475,((t17:1.857751735,(t9:0.6411781681,t13:0.6411781681):1.216573567):1.338960152,(t8:0.5318540812,t7:0.5318540812):2.664857806):0.127907196):0.156447086,((((t5:1.269774734,(((t18:0.1365092095,t6:0.1365092095):0.1778260366,t19:0.3143352461):0.7531973917,t14:1.067532638):0.2022420966):0.1826834321,(t4:1.110981658,((t21:0.3147495282,t3:0.3147495282):0.4355867159,t11:0.7503362441):0.3606454136):0.3414765088):0.946791884,(t10:1.497351875,((t2:0.4512260624,(t16:0.0406726635,t22:0.0406726635):0.4105533989):0.2962811911,(t24:0.2364500054,t12:0.2364500054):0.5110572481):0.7498446218):0.9018981752):0.2266312927,((t20:0.02215495,t1:0.02215495):1.421107606,t25:1.443262556):1.182618787):0.8551848261):4.891989919;
15|0.0867141932575032|0.146755475017708|0.784624196239747|((((t1:3.311334049,t8:3.311334049):1.72941365,t14:5.040747698):24.83363789,t9:29.87438559):8.46866362,(((t15:4.756013586,t12:4.756013586):9.462024523,(((((t4:0.1233978453,t7:0.1233978453):0.2200686292,t3:0.3434664745):1.58144245,t6:1.924908924):2.895465027,t2:4.820373951):5.90155938,t13:10.72193333):3.496104779):10.78217803,((t5:2.980725747,t10:2.980725747):0.386735317,t11:3.367461064):21.63275508):13.34283307):0.6028893308;
11|3.83965200339444|0.0795344888605177|0.606528858304955|((t3:0.4890027552,t9:0.4890027552):0.09913265233,(((t6:0.1473421755,t7:0.1473421755):0.1045483426,t1:0.2518905182):0.29729649,((t4:0.5162050259,((t11:0.09635439631,t5:0.09635439631):0.06219022682,t2:0.1585446231):0.3576604028):0.0001807861532,(t8:0.1354572631,t10:0.1354572631):0.3809285489):0.0328011962):0.03894839929):0.04467971054;
35|0.48256271249149|0.0721858512237668|0.723226614878513|(((((t5:0.6833451973,t32:0.6833451973):2.399815713,(((t11:0.8420357296,(t27:0.1546564069,t12:0.1546564069):0.6873793227):1.251601387,(t28:1.340342832,t34:1.340342832):0.7532942845):0.5699122761,(t16:1.919885317,t2:1.919885317):0.7436640758):0.4196115178):0.1648267323,((t10:0.2130589325,t22:0.2130589325):1.142814122,t26:1.355873054):1.892114588):0.4973939463,(t18:3.539711003,(t23:1.440144585,(t31:1.379781553,(t17:0.2472775722,t19:0.2472775722):1.13250398):0.06036303227):2.099566418):0.2056705859):5.459965388,(((((t15:1.094638443,t24:1.094638443):2.030598571,((t8:1.62944412,((t7:0.6425992706,(t9:0.4685587248,t13:0.4685587248):0.1740405458):0.9279491986,t6:1.570548469):0.05889565127):1.229177205,t35:2.858621325):0.2666156886):0.2053219642,(t3:3.096493394,(t21:1.111544595,t14:1.111544595):1.984948799):0.2340655843):1.191536995,((t33:1.181390621,t29:1.181390621):2.000755235,((t30:0.4617581352,t25:0.4617581352):1.204225668,(t20:0.05021203963,t4:0.05021203963):1.615771764):1.516162053):1.339950116):1.390962664,t1:5.913058637):3.29228834):0.9973516196;
39|0.509856633765157|0.243671011172701|0.975853036972694|((((((t22:0.7669884652,(t13:0.1893115901,t39:0.1893115901):0.5776768751):0.01274954325,(t38:0.2585285408,t17:0.2585285408):0.5212094676):1.934983257,t35:2.714721265):0.9791582761,(t24:1.060891717,t6:1.060891717):2.632987824):0.7157654286,(((t10:1.225811639,((t25:0.05440907308,t4:0.05440907308):0.3680561465,(t29:0.3706014674,t3:0.3706014674):0.05186375214):0.8033464195):2.104873767,((t15:0.04011056022,t21:0.04011056022):2.164814727,t5:2.204925288):1.125760118):0.5491505467,(t27:2.218591239,(t28:0.6832315459,t18:0.6832315459):1.535359693):1.661244714):0.5298090173):0.8850777899,(((t11:0.7353662901,t7:0.7353662901):3.261425269,((t2:0.5632689272,t20:0.5632689272):2.305479441,(t31:0.5334592083,t26:0.5334592083):2.335289159):1.128043191):0.244753184,(((t23:1.32797444,t12:1.32797444):2.062677793,(t14:0.51722691,t30:0.51722691):2.873425322):0.3326048013,(((t19:1.12720393,(t33:0.7023654555,(t37:0.1623572912,t36:0.1623572912):0.5400081642):0.4248384743):0.3138170266,(t16:0.8308303608,t9:0.8308303608):0.6101905955):0.2826622222,((t1:0.4792680009,t34:0.4792680009):0.3249801326,(t32:0.33556111,t8:0.33556111):0.4686870235):0.919435045):1.999573855):0.5182877095):1.053178017):1.51255375;
44|1.20548677814426|0.340799531356897|0.579744889982976|(((((t10:0.9435239504,t2:0.9435239504):0.3210185094,(t34:0.3141261843,((t18:0.02942854445,t25:0.02942854445):0.1949472172,t31:0.2243757617):0.08975042266):0.9504162755):0.7157040057,t8:1.980246466):0.3066414565,((((t42:0.2144101383,t9:0.2144101383):0.2415047641,t33:0.4559149024):1.106425805,(t15:0.9510032493,(t32:0.9430478417,((t1:0.559098333,t12:0.559098333):0.1954650042,t17:0.7545633373):0.1884845044):0.00795540765):0.6113374583):0.4678620088,(t28:0.6333930464,(t41:0.390875984,(t36:0.1594809749,t19:0.1594809749):0.2313950091):0.2425170624):1.39680967):0.2566852057):0.1232079083,(((((t40:0.01033685054,t7:0.01033685054):0.5273445601,t13:0.5376814106):0.9874456139,(t44:0.8308561674,(t30:0.77734073,t22:0.77734073):0.05351543742):0.6942708571):0.0642622542,(((t11:0.4814296588,t21:0.4814296588):0.3180509212,(t5:0.2968534478,((t14:0.1324420061,t4:0.1324420061):0.007336371857,t27:0.1397783779):0.1570750699):0.5026271322):0.5091717955,((t37:0.08342475219,t24:0.08342475219):1.070282015,((t6:0.2885092271,t38:0.2885092271):0.1820860453,t39:0.4705952724):0.6831114945):0.1549456087):0.2807369031):0.2150761735,((t23:0.5108141319,(t26:0.3507259746,t29:0.3507259746):0.1600881574):1.019455562,((t3:0.689025862,t20:0.689025862):0.48330103,(t43:0.5493812129,(t16:0.4171954702,t35:0.4171954702):0.1321857428):0.622945679):0.357942802):0.2741957582):0.6056303782):1.533643685;
18|2.11454281991348|0.0166905527003109|0.976106902817264|(((t5:0.3153224483,(t9:0.04603930053,t8:0.04603930053):0.2692831478):0.1795994505,(t2:0.2945782711,t15:0.2945782711):0.2003436276):0.4638335158,(((((t4:0.2050363885,t18:0.2050363885):0.2532722461,(t7:0.1785591772,t3:0.1785591772):0.2797494575):0.06664068328,((((t12:0.2260934659,t6:0.2260934659):0.01933332557,t1:0.2454267915):0.07442096403,t14:0.3198477555):0.04871537432,(t17:0.2409837056,(t16:0.03598950315,t11:0.03598950315):0.2049942025):0.1275794242):0.1563861881):0.3151704157,t10:0.8401197336):0.1024827131,t13:0.9426024467):0.01615296791):0.1382253293;
42|3.98343508555321|0.14814379317686|0.891287603415549|((((t42:0.1659373077,(t39:0.09333489266,t40:0.09333489266):0.07260241507):0.3862449528,(t18:0.1284121969,(t5:0.05094983938,(t19:0.002608891485,t12:0.002608891485):0.0483409479):0.07746235753):0.4237700636):0.02476641098,(t34:0.1562209061,t16:0.1562209061):0.4207277653):0.2087126171,((((t36:0.365149971,(t26:0.3072698294,(t21:0.006776457179,t7:0.006776457179):0.3004933722):0.05788014163):0.029149268,(((t27:0.01866654405,t10:0.01866654405):0.2872473572,((t28:0.04557777166,(t35:0.003625087479,t4:0.003625087479):0.04195268418):0.1135527075,(t2:0.03394408361,t14:0.03394408361):0.1251863956):0.146783422):0.006298129263,((t8:0.004425055933,t25:0.004425055933):0.2511735033,(((t37:2.914308316e-06,t29:2.914308316e-06):0.04329551326,t11:0.04329842757):0.1677814302,((t1:0.09753133104,t32:0.09753133104):0.07272213395,((t13:0.008545977652,t33:0.008545977652):0.04983614152,t22:0.05838211917):0.1118713458):0.04082639281):0.04451870148):0.05661347122):0.08208720854):0.04642387263,(((t3:0.07491263808,(t38:0.02267806035,t6:0.02267806035):0.05223457773):0.3193285366,t30:0.3942411747):0.00792427335,(((t9:0.054564039,t31:0.054564039):0.1278614751,t17:0.1824255141):0.04467680263,(t15:0.1835024645,(t41:0.05163944239,t24:0.05163944239):0.1318630221):0.04359985225):0.1750631312):0.03855766366):0.2318366065,(t23:0.5310403023,t20:0.5310403023):0.1415194159):0.1131015704):0.08963465386;
31|1.06228723351611|0.459620481578168|0.822696278337389|((((t20:0.03270661229,t7:0.03270661229):0.2038931483,t23:0.2365997606):1.210129746,((t8:0.4906078723,t24:0.4906078723):0.7371141953,(t11:0.7815443395,(t15:0.5638794878,(t26:0.1815085539,t21:0.1815085539):0.382370934):0.2176648517):0.446177728):0.2190074387):1.493552222,((t5:1.671562513,((((t30:0.4599082579,t27:0.4599082579):0.0250306851,(t6:0.2498768906,t18:0.2498768906):0.2350620524):0.2240411105,(t1:0.1324556109,(t12:0.02621337094,t3:0.02621337094):0.1062422399):0.5765244426):0.2610016865,((t10:0.1170789863,(t19:0.08015652845,t25:0.08015652845):0.03692245785):0.6724047281,t14:0.7894837144):0.1804980255):0.7015807727):0.6603028605,(t22:2.10480015,((t13:0.4264768307,(t16:0.07943341444,t9:0.07943341444):0.3470434162):0.8622583745,((t2:0.3071754158,t29:0.3071754158):0.2335439066,((t28:0.3059179858,(t31:0.07713055135,t17:0.07713055135):0.2287874345):0.2265202351,t4:0.5324382209):0.008281101517):0.7480158827):0.8160649449):0.227065223):0.6084163554):0.3050125201;
37|3.64625853057485|0.0598428255156614|0.506364297238179|(((t6:0.2788843946,(t9:0.1136661737,t32:0.1136661737):0.1652182209):0.7554275644,(((((t33:0.005009912643,t37:0.005009912643):0.5831957587,((t11:0.01871017026,t8:0.01871017026):0.04125029466,t31:0.05996046491):0.5282452065):0.02069127443,((t27:0.5215806958,t17:0.5215806958):0.07182778321,((t30:0.1146932515,t26:0.1146932515):0.07564047887,t16:0.1903337304):0.4030747487):0.01548846681):0.06287136353,((((t25:0.09767254016,t12:0.09767254016):0.01804546203,t21:0.1157180022):0.4195782187,(t23:0.2583490031,t34:0.2583490031):0.2769472178):0.04041994949,t7:0.5757161703):0.096052139):0.1925421659,(((t36:0.05063914454,t29:0.05063914454):0.4583002761,t2:0.5089394206):0.3381937297,(t13:0.4597935863,((t22:0.3265641888,((t3:0.0837166372,t18:0.0837166372):0.03637436696,t19:0.1200910042):0.2064731846):0.12997652,t28:0.4565407088):0.003252877483):0.387339564):0.01717732493):0.1700014838):0.2131221322,((t5:0.43533439,((t10:0.08835477952,t35:0.08835477952):0.1494401972,t20:0.2377949767):0.1975394133):0.3487778596,(t1:0.7153637367,(((t4:0.1006209859,t24:0.1006209859):0.02461803456,t15:0.1252390205):0.4313550582,t14:0.5565940787):0.1587696581):0.06874851294):0.4633218416):0.1067195802;
40|2.48635735258926|0.041006236593239|0.77453440905083|(((((((t22:0.2163970515,t36:0.2163970515):0.2818276047,t3:0.4982246562):0.08259831852,((t35:0.1202229522,t20:0.1202229522):0.2583339873,t21:0.3785569395):0.2022660352):0.04636361592,(t12:0.587489363,((t26:0.2728625609,((t25:0.08041660923,t4:0.08041660923):0.04803749639,((t6:0.06245593478,t17:0.06245593478):0.03295600652,t33:0.0954119413):0.03304216432):0.1444084553):0.05647524876,(t7:0.1014825381,t39:0.1014825381):0.2278552716):0.2581515533):0.03969722765):0.01418620444,(t5:0.02673623933,t19:0.02673623933):0.6146365558):0.1748638812,(t23:0.03826948076,t18:0.03826948076):0.7779671955):0.476338514,(((((t34:0.07829803082,(t10:0.01242853227,t2:0.01242853227):0.06586949855):0.6114089401,t32:0.6897069709):0.02495870752,((((t28:0.004791323445,t40:0.004791323445):0.2007695004,t38:0.2055608238):0.07234991384,((t1:0.1054811826,t13:0.1054811826):0.1338393979,t8:0.2393205805):0.03859015719):0.1453014544,(t16:0.421700297,t9:0.421700297):0.001511895087):0.2914534864):0.4896046131,((t15:0.3325157857,t30:0.3325157857):0.4066564969,(t24:0.3790148058,(t31:0.2774447984,t29:0.2774447984):0.1015700074):0.3601574768):0.4650980089):0.08338794829,((t11:0.3494934447,t37:0.3494934447):0.3068007967,(t14:0.3288322156,t27:0.3288322156):0.3274620257):0.6313639985):0.004916950458):0.0560494148;
39|1.1301624978031|0.42510538211558|0.557105544372462|((((t23:0.6168041377,(t24:0.2666097416,t34:0.2666097416):0.350194396):1.419110012,((t17:0.1315725219,t21:0.1315725219):0.2107107158,t1:0.3422832377):1.693630912):0.4756512228,(((t32:0.305825397,t29:0.305825397):1.259404967,(((t15:0.6677487032,(t3:0.1164485003,t20:0.1164485003):0.5513002029):0.08489678537,t12:0.7526454886):0.6621742136,(t26:0.08645005829,t27:0.08645005829):1.328369644):0.1504106617):0.791759249,((((t31:0.07974711547,t6:0.07974711547):0.8953663167,(t13:0.3523344238,t33:0.3523344238):0.6227790084):0.2258586304,((t2:1.029782922,((t16:0.6213968801,t28:0.6213968801):0.01733955127,(t30:0.2228339616,t10:0.2228339616):0.4159024698):0.3910464906):0.03766554954,((t22:0.3362265776,(t25:0.0395000154,t19:0.0395000154):0.2967265622):0.2391433479,(t5:0.4101038149,t8:0.4101038149):0.1652661105):0.4920785461):0.1335235911):0.7638171599,(t7:0.6419177401,(t35:0.1609796252,t37:0.1609796252):0.4809381149):1.322871482):0.3922003904):0.1545757599):0.03986223841,(((t9:0.7656129981,t36:0.7656129981):0.7923146149,((t11:0.1958406355,t18:0.1958406355):0.02851962098,t14:0.2243602565):1.333567357):0.6225208705,(t4:2.021659321,(t39:0.7356001875,t38:0.7356001875):1.286059134):0.1587891625):0.3709791276):0.5079586454;
47|0.519301319022197|0.430874665966257|0.660926574957557|(((((t46:0.3197657893,t36:0.3197657893):1.679675871,t40:1.999441661):3.417596257,((t15:1.120892894,(t13:0.1402007372,t7:0.1402007372):0.980692157):2.841408116,((((t14:0.9695048795,t34:0.9695048795):0.7001448732,t28:1.669649753):1.114930256,((t23:0.4840602306,t26:0.4840602306):1.625041698,((t38:0.08672526379,t39:0.08672526379):1.973880081,(t17:1.37186259,(t45:0.8699586969,(t8:0.5465814249,t44:0.5465814249):0.323377272):0.5019038929):0.6887427547):0.04849658428):0.6754780798):0.6986039938,t41:3.483184002):0.4791170082):1.454736907):0.1598992058,(((t32:0.9138468139,((t2:0.3872668732,t6:0.3872668732):0.290314093,t30:0.6775809662):0.2362658477):1.009769639,(t19:0.3943444519,(t24:0.3546964982,(t42:0.1559281566,t43:0.1559281566):0.1987683416):0.03964795376):1.529272001):0.08214431281,t47:2.005760766):3.571176357):0.07335520999,((((t1:2.096336181,t35:2.096336181):0.2645275124,(t22:1.997775016,(t16:1.103482188,(t33:0.214555199,(t29:0.1515158305,t5:0.1515158305):0.06303936846):0.8889269887):0.8942928285):0.3630886773):0.4481740549,(((t4:0.503502564,(t37:0.01275980136,t27:0.01275980136):0.4907427627):0.07887523429,t25:0.5823777983):1.748754456,(t12:1.143182952,((t31:0.3982749499,t20:0.3982749499):0.3724528725,t11:0.7707278224):0.3724551291):1.187949303):0.4779054941):0.9783821873,((t21:0.3113654611,t3:0.3113654611):3.418087257,(t9:0.870823276,(t10:0.4271056339,t18:0.4271056339):0.4437176421):2.858629442):0.05796721726):1.862872398):4.157983905;
15|2.18340142091736|0.464322878194507|0.955227703554556|((t9:0.269219464,(t8:0.1109027705,(((t7:0.001349800012,t5:0.001349800012):0.0253059648,t6:0.02665576482):0.06810484224,t14:0.09476060705):0.01614216341):0.1583166935):0.5131674735,(((t15:0.2709306628,t3:0.2709306628):0.3447724963,(t10:0.5962213958,(((t1:0.04528209586,t13:0.04528209586):0.01992749303,t4:0.06520958888):0.1954316075,(t2:0.2283321995,t12:0.2283321995):0.03230899688):0.3355801994):0.01948176334):0.0154121094,t11:0.6311152685):0.151271669):0.5599648154;
24|1.29443196036853|0.0132040954940021|0.830053686979227|(((((t12:0.2315735842,t3:0.2315735842):0.07010855024,(t9:0.2364031168,t17:0.2364031168):0.06527901759):0.3543400444,(t4:0.1143571065,t13:0.1143571065):0.5416650723):1.289440556,(((t15:1.016935612,(t18:0.4997663547,((t16:0.09405239996,t23:0.09405239996):0.2249006284,t20:0.3189530284):0.1808133263):0.5171692568):0.2263426165,t19:1.243278228):0.2895650078,(t1:1.166493789,(((t10:0.405332801,t21:0.405332801):0.1539381434,(t7:0.4868465372,t8:0.4868465372):0.07242440727):0.1310323912,(t14:0.2872323301,t22:0.2872323301):0.4030710056):0.4761904535):0.3663494466):0.4126194988):0.9715888464,((t2:0.4574326698,(t24:0.3147294179,t11:0.3147294179):0.1427032519):0.05071343148,(t6:0.4402906185,t5:0.4402906185):0.06785548281):2.40890548):0.03891173511;
20|1.86238260219805|0.164791983223986|0.760024677962065|((((t17:0.007837443388,t20:0.007837443388):1.390776159,((t14:0.4140442837,t4:0.4140442837):0.6847409909,((t19:0.2486702916,(t8:0.07990996767,t10:0.07990996767):0.1687603239):0.154710444,t5:0.4033807356):0.695404539):0.2998283275):0.06949874871,(((((t12:0.2447452276,(t11:0.2122807347,t7:0.2122807347):0.03246449292):0.01368881341,t3:0.258434041):0.2410673496,t1:0.4995013906):0.02445181856,t9:0.5239532092):0.3706368385,(t6:0.807976252,t18:0.807976252):0.08661379571):0.5735223031):0.2531336448,((t2:0.1167075597,(t16:0.07008024846,t13:0.07008024846):0.04662731128):0.1799698285,t15:0.2966773882):1.424568607):0.1473955547;
10|3.13958578411257|0.111836623204872|0.820479507558048|((t9:0.2261553684,(t10:0.2207223671,((t3:0.006088092302,t6:0.006088092302):0.1494883648,((t8:0.00111174543,t5:0.00111174543):0.1121704744,(t2:0.06789139929,t1:0.06789139929):0.04539082051):0.04229423725):0.06514591):0.005433001299):0.3423830029,(t4:0.4821401756,t7:0.4821401756):0.08639819571):0.6072300903;
15|0.688983726478182|0.352827102702577|0.607982695568353|(((((((t14:0.3546757257,t13:0.3546757257):0.04154304032,t10:0.396218766):0.2427104626,(t2:0.3619818399,t8:0.3619818399):0.2769473886):0.6948695125,t1:1.333798741):0.8682364448,(t6:0.9223104104,(t11:0.3043396834,t4:0.3043396834):0.6179707271):1.279724775):0.4414743692,(t5:0.6482659635,(t12:0.322344961,(t7:0.105511736,t3:0.105511736):0.216833225):0.3259210025):1.995243592):2.568914042,(t9:1.986761825,t15:1.986761825):3.225661772):0.9525660546;
22|3.69869036694057|0.452190451070201|0.522740266984329|((((t16:0.08629144567,t6:0.08629144567):0.1306089314,((t22:0.1362946063,t10:0.1362946063):0.06567853493,t7:0.2019731413):0.01492723582):0.1576512506,(((t19:0.160388411,t1:0.160388411):0.06147725285,t15:0.2218656639):0.002624190681,(t21:0.1498562559,t12:0.1498562559):0.0746335986):0.1500617732):0.3568255569,((((t14:0.1704665143,t2:0.1704665143):0.01393273948,(t17:0.1246699224,t18:0.1246699224):0.05972933143):0.1514632802,(((t13:0.09475990834,t8:0.09475990834):0.07734377815,(t3:0.1676830435,t9:0.1676830435):0.004420642983):0.06489058724,(t5:0.01045127709,t4:0.01045127709):0.2265429966):0.09886826027):0.08685167771,(t20:0.1647300718,t11:0.1647300718):0.2579841399):0.3086629729):0.0186988911;
15|0.637683328024577|0.214967559948564|0.847841397626325|(((t4:1.761568386,((((((t2:0.1317621037,(t6:0.0214359,t11:0.0214359):0.1103262037):0.3426138728,(t7:0.1860603438,t15:0.1860603438):0.2883156327):0.277177177,t5:0.7515531535):0.2085372209,((t8:0.13960937,t10:0.13960937):0.07536146882,t3:0.2149708389):0.7451195356):0.2173942869,t12:1.177484661):0.06113959293,t14:1.238624254):0.522944132):0.5947321139,t13:2.3563005):0.5369565479,(t9:2.133579952,t1:2.133579952):0.759677096):0.2145039885;
23|0.918891122061759|0.419549328493886|0.627256867708638|((((((t18:0.589212249,t21:0.589212249):0.118115044,t10:0.707327293):1.044368735,(t9:1.411272976,(t20:0.02637551885,t17:0.02637551885):1.384897457):0.3404230515):0.05742920252,(t19:0.2503390208,t16:0.2503390208):1.558786209):0.1997090516,((t6:0.5825847122,t7:0.5825847122):0.828722401,(t3:1.029476328,t2:1.029476328):0.3818307847):0.5975271686):0.4581219427,(((t4:0.6938706742,(((t13:0.08168790276,t11:0.08168790276):0.4077156912,t22:0.4894035939):0.1582477899,t1:0.6476513838):0.04621929037):0.7412338388,((t14:0.1358471581,t5:0.1358471581):0.5632866786,t8:0.6991338368):0.7359706762):0.3892838117,(t23:0.7764179391,(t15:0.3079788196,t12:0.3079788196):0.4684391195):1.047970386):0.6425678999):2.981149133;
20|1.15217903210083|0.33872816784773|0.846733500133269|((((t19:0.5735294219,(t9:0.4648755949,(t4:0.02289740009,t13:0.02289740009):0.4419781948):0.108653827):0.005696480315,((t11:0.07199055116,t18:0.07199055116):0.1614501401,t2:0.2334406913):0.3457852109):0.06540671469,(((t15:0.3027341746,t5:0.3027341746):0.003110288042,t10:0.3058444626):0.222152131,t1:0.5279965936):0.1166360233):1.467987278,(((((t20:0.3448084813,t17:0.3448084813):0.6643849865,(t7:0.02035456401,t3:0.02035456401):0.9888389038):0.1736239668,(t14:0.04747081604,t6:0.04747081604):1.135346619):0.1995956082,(t8:0.173784083,t16:0.173784083):1.20862896):0.1958862808,t12:1.578299324):0.5343205711):2.549769173;
25|1.84058940369636|0.358601149914321|0.934619380510412|((((t20:0.2984825437,t9:0.2984825437):0.1900444603,(t16:0.07231363881,t10:0.07231363881):0.4162133652):0.3592475357,(t5:0.001231738215,t21:0.001231738215):0.8465428015):0.4469428865,(t7:0.9764524712,(((t23:0.5654424511,((((((t6:0.06583562179,t24:0.06583562179):0.1141139641,t12:0.1799495859):0.06478405821,t3:0.2447336441):0.2171095624,(t1:0.1599365871,t17:0.1599365871):0.3019066194):0.00036882931,t18:0.4622120359):0.02029673336,(t8:0.1579602477,t13:0.1579602477):0.3245485215):0.08293368188):0.3049215672,t11:0.8703640183):0.05623564801,((((t22:0.1372796299,t2:0.1372796299):0.2611468507,t15:0.3984264807):0.1275062118,(t25:0.07055520281,t14:0.07055520281):0.4553774896):0.07720392042,(t4:0.231688812,t19:0.231688812):0.3714478009):0.3234630534):0.04985280488):0.318264955):0.04837395581;
26|1.82479599390645|0.285549919335172|0.692291134735569|((((t6:0.9492859759,(t25:0.144286615,t17:0.144286615):0.8049993609):0.3201917558,((((t23:0.07302020763,t3:0.07302020763):0.005756875933,t20:0.07877708356):0.1659556471,((t10:0.01776839186,t5:0.01776839186):0.1069415043,(t14:0.07641581077,t9:0.07641581077):0.04829408544):0.1200228345):0.5472924958,(t21:0.232096598,((t26:0.1062328311,t24:0.1062328311):0.1168937568,t7:0.223126588):0.008970009988):0.5599286285):0.4774525053):0.02389788512,(t1:0.5679052886,((t13:0.339179343,t12:0.339179343):0.08123040581,t4:0.4204097488):0.1474955398):0.7254703282):0.2065829074,(t11:1.277581728,(((t19:0.5975601006,t18:0.5975601006):0.1012152398,(t15:0.07375649087,t8:0.07375649087):0.6250188496):0.5606317831,(t22:0.4259606239,(t16:0.03870973435,t2:0.03870973435):0.3872508896):0.8334464996):0.01817460425):0.2223767964):0.1637422238;
11|2.29382896016119|0.0506869233748876|0.910725642228499|(((((t9:0.05143986615,t6:0.05143986615):0.09070252683,t11:0.142142393):0.001067721397,(t3:0.07912396071,t10:0.07912396071):0.06408615367):0.000954534241,t4:0.1441646486):9.595842047e-05,((t7:0.03166757066,(t5:0.003120646286,t8:0.003120646286):0.02854692438):0.07031413486,(t2:0.06796103601,t1:0.06796103601):0.03402066952):0.04227890151):0.4138525446;
24|0.728146621587221|0.145512759727426|0.842181562678888|((t11:1.874516367,(t21:0.320083618,t20:0.320083618):1.55443275):1.353345746,(((t6:1.201409098,t15:1.201409098):1.07663948,(((t14:0.1366026138,t18:0.1366026138):0.6598689999,t17:0.7964716137):0.5273286569,t24:1.323800271):0.9542483073):0.8540313617,(t5:1.978695217,((((t1:0.008064876259,t23:0.008064876259):1.087737351,(t2:0.4447211195,t12:0.4447211195):0.6510811081):0.1270963151,(t19:0.3831642256,t22:0.3831642256):0.8397343171):0.746845886,((t8:1.229131741,((t9:0.1019692918,t16:0.1019692918):0.5982447616,(t10:0.007188102306,t4:0.007188102306):0.6930259511):0.5289176881):0.6506957361,(t3:0.7159142057,(t13:0.6996974421,t7:0.6996974421):0.01621676363):1.163913272):0.08991695125):0.008950788003):1.153384723):0.09578217421):3.948382042;
37|1.3695270615397|0.196197255353909|0.982247358420864|(((((t33:0.7909010638,(((t34:0.3801336633,(t32:0.3773811708,t5:0.3773811708):0.002752492482):0.09110830617,t31:0.4712419695):0.08982799828,(t22:0.01394173911,t6:0.01394173911):0.5471282286):0.2298310961):0.01566597038,((t17:0.01423059508,t4:0.01423059508):0.3175262572,t18:0.3317568523):0.4748101819):0.4494161228,(((t8:0.0620931025,t11:0.0620931025):0.07364134755,t26:0.13573445):0.6616763811,(t7:0.621640412,(((t16:0.1579959059,t3:0.1579959059):0.1449655879,t25:0.3029614938):0.3084850321,(t10:0.3705768568,((t13:0.08469081014,t14:0.08469081014):0.02049636005,(t12:0.1043268073,t2:0.1043268073):0.0008603628649):0.2653896866):0.2408696691):0.01019388613):0.1757704191):0.4585723259):0.5380977398,t29:1.794080897):0.1483219341,(((t24:0.0471116279,t27:0.0471116279):0.9386731639,((t9:0.2819077895,t36:0.2819077895):0.6411129169,(t28:0.5245037398,((((t37:0.07810541604,t15:0.07810541604):0.2199921562,t30:0.2980975722):0.04071173702,((t19:0.1796415633,t23:0.1796415633):0.03145228688,t35:0.2110938502):0.1277154591):0.155276616,t21:0.4940859253):0.03041781456):0.3985169666):0.06276408543):0.8094114249,(t1:0.8571269502,t20:0.8571269502):0.9380692665):0.1472066142):1.787806096;
50|1.4259578670701|0.190400866025593|0.65063032542821|(((t49:1.806660791,((t1:0.2188294431,t18:0.2188294431):0.5856801539,((t35:0.1538376625,t22:0.1538376625):0.5199452294,t46:0.6737828919):0.1307267052):1.002151194):0.3876162343,((t40:0.04228288401,t48:0.04228288401):1.246166633,((t42:0.1844679957,(t19:0.122331385,t45:0.122331385):0.06213661073):0.372021389,(t17:0.4009723718,(t44:0.01927851381,t30:0.01927851381):0.3816938579):0.1555170129):0.7319601325):0.9058275082):0.5340217362,(((t5:0.8670864729,t13:0.8670864729):0.3776830424,(t34:1.014132321,(t4:1.001517975,(((t47:0.02824505636,t11:0.02824505636):0.4230807487,(t9:0.3958552156,t6:0.3958552156):0.0554705895):0.1700250665,(t43:0.1435332647,(t37:0.02756922726,t23:0.02756922726):0.1159640374):0.4778176069):0.3801671039):0.01261434584):0.230637194):0.8674980606,(((t36:0.594139566,t28:0.594139566):0.5482417614,t14:1.142381327):0.4104482405,(((t3:0.5038979453,(t50:0.08645881626,t41:0.08645881626):0.417439129):0.5967568302,(((((t12:0.1978336196,(t16:0.1274210636,t33:0.1274210636):0.07041255602):0.2751194573,t20:0.4729530769):0.02324519434,t39:0.4961982713):0.01314660912,t8:0.5093448804):0.4864666028,((t27:0.1251264212,(t2:0.0003054330943,t25:0.0003054330943):0.1248209881):0.7476377911,(t15:0.7585620008,((t26:0.3144741159,t38:0.3144741159):0.241036289,t24:0.5555104049):0.2030515959):0.1142022115):0.1230472709):0.1048432923):0.3537588217,(t10:1.416815595,((t21:0.1053309657,(t32:0.06005380764,t7:0.06005380764):0.04527715805):1.123619327,(t29:0.1982812347,t31:0.1982812347):1.030669058):0.1878653026):0.03759800203):0.0984159707):0.5594380079):0.6160311857):0.03233150904;
47|0.0456681580212899|0.213568035934586|0.644969244720414|(((((t37:1.510780694,t5:1.510780694):21.41764541,(t17:21.03189242,((t43:6.481247429,t40:6.481247429):7.642596326,(t36:13.68950629,t24:13.68950629):0.4343374618):6.90804866):1.896533688):22.084606,(((t19:5.246753179,t28:5.246753179):14.14503346,(t35:2.698827444,t30:2.698827444):16.69295919):10.13303436,((((t21:11.76905078,(t34:4.864207666,t27:4.864207666):6.904843109):12.64862969,((t8:7.729404358,t23:7.729404358):0.3259809513,t26:8.055385309):16.36229516):3.200820002,(t32:22.5035565,(t38:13.97058363,(t1:2.721608673,t29:2.721608673):11.24897495):8.532972871):5.114943973):0.03866830097,((t13:14.08399958,(t39:2.195349541,t46:2.195349541):11.88865004):11.9469356,t7:26.03093517):1.626233597):1.867652232):15.4882111):22.51147286,((t42:57.42971392,(t4:40.9579184,(t12:30.54221912,(t2:19.59048735,(t10:7.212867415,t22:7.212867415):12.37761994):10.95173177):10.41569927):16.47179552):5.249769821,((((t45:0.1815779778,t15:0.1815779778):0.7045463204,t3:0.8861242982):7.235459396,t14:8.121583695):41.23736812,t41:49.35895182):13.32053192):4.845021219):15.18200474,((t6:20.2992096,(((t16:3.057786078,t18:3.057786078):8.98503039,t47:12.04281647):5.253229302,(((t25:4.101324192,t44:4.101324192):3.539884641,(t31:0.983629867,t33:0.983629867):6.657578966):0.1755368783,t9:7.816745712):9.479300058):3.003163833):42.03753522,(t20:3.199697301,t11:3.199697301):59.13704752):20.36976488):13.47867748;
41|2.28865347549552|0.430075361041818|0.949238539556973|(((((t27:0.3189212981,((t11:0.0129490462,t29:0.0129490462):0.2418831684,t24:0.2548322146):0.06408908347):0.5199341171,(t34:0.6973858558,(t28:0.607331491,(t8:0.07421763051,t9:0.07421763051):0.5331138605):0.09005436474):0.1414695594):0.2768831364,t20:1.115738552):0.07950460185,(t16:0.07486473805,t33:0.07486473805):1.120378415):0.2677972607,(((((t4:0.024292691,t25:0.024292691):0.1312630559,t39:0.1555557469):0.008285220412,(t18:0.05145502152,(t17:0.05104432192,t15:0.05104432192):0.0004106995979):0.1123859458):0.6211738163,((t21:0.4465328321,(((t14:0.1323824217,(t12:0.1280950294,t35:0.1280950294):0.004287392325):0.0831782792,(t5:0.1327870123,t23:0.1327870123):0.08277368864):0.01809507932,(t30:0.04421850319,(t10:0.01860145532,t26:0.01860145532):0.02561704787):0.1894372771):0.2128770519):0.3361408476,((t36:0.07240339878,t37:0.07240339878):0.5457673306,(t32:0.5682585367,(t1:0.3448860908,(((t41:0.0001577007439,t13:0.0001577007439):0.03826907822,(t40:0.01985735906,(t2:0.00765177095,t7:0.00765177095):0.01220558811):0.01856941991):0.2686514754,t31:0.3070782544):0.03780783642):0.2233724459):0.04991219265):0.1645029504):0.002341103791):0.2791745581,(((t3:0.1047853666,t38:0.1047853666):0.1016669832,(t6:0.1368150617,t19:0.1368150617):0.06963728806):0.5265625111,t22:0.7330148608):0.3311744808):0.3988510725):0.2069031385;
34|0.643149553523399|0.180802301815711|0.805053183459677|((((((t32:1.551487946,((t29:0.848449989,t26:0.848449989):0.1176636424,t1:0.9661136315):0.585374315):0.2747754362,((t11:1.294545868,t25:1.294545868):0.3870772015,(((((t6:0.129750077,t8:0.129750077):0.545870768,t21:0.675620845):0.5760719102,t13:1.251692755):0.1352250756,((t19:0.2752668697,t30:0.2752668697):0.8089799027,(t17:0.1788249872,t5:0.1788249872):0.9054217852):0.3026710584):0.02730124726,(t18:0.5027524062,t34:0.5027524062):0.9114666718):0.2674039913):0.1446403134):0.7035002361,((t15:0.7109818605,t28:0.7109818605):0.3495205935,(t20:0.7723520066,(t31:0.5962260263,t16:0.5962260263):0.1761259803):0.2881504473):1.469261165):0.0775636791,(t2:0.4708774171,t4:0.4708774171):2.136449881):0.0317096915,t3:2.639036989):0.4583532164,((((t10:0.8064398505,t22:0.8064398505):0.3313325619,(t33:0.5457237012,t9:0.5457237012):0.5920487112):0.5291310553,(t24:1.518096376,(t14:0.7106550766,(t23:0.1181471197,t7:0.1181471197):0.592507957):0.8074412992):0.1488070919):0.8116924366,(t12:0.5281117946,t27:0.5281117946):1.95048411):0.6187943014):2.776234911;
50|1.34844872970134|0.131254164201673|0.690796578652225|(((((((t29:0.6736980538,t43:0.6736980538):0.1601825134,(t17:0.6398066198,((t20:0.07058291252,t5:0.07058291252):0.4263026161,(t7:0.1147470858,t6:0.1147470858):0.3821384429):0.1429210911):0.1940739474):0.5089245376,(t33:0.9119004321,t13:0.9119004321):0.4309046726):0.4323949619,(((t41:0.2914117598,(t14:0.01845782481,t1:0.01845782481):0.272953935):0.4150542459,t35:0.7064660057):0.4749736132,t42:1.181439619):0.5937604476):0.478086951,t31:2.253287018):0.07458529142,(t24:1.13899667,(t22:0.4335853246,t12:0.4335853246):0.705411345):1.188875639):0.5176177673,(((t37:0.404129528,t34:0.404129528):2.088519176,(((t21:1.309734123,((t49:0.09313181485,t39:0.09313181485):0.3238249027,t30:0.4169567175):0.8927774057):0.1133545273,(t38:0.9563917713,(t16:0.5896156064,t44:0.5896156064):0.3667761649):0.4666968792):0.5592980159,(((t46:0.2250721701,t36:0.2250721701):0.7415475382,((((t48:0.02143748401,(t25:0.004373402169,t18:0.004373402169):0.01706408184):0.2207161905,t3:0.2421536745):0.134527295,t9:0.3766809696):0.4140820768,t27:0.7907630463):0.175856662):0.8922027385,(t23:1.632629956,(t47:0.5147561808,(t26:0.1488357919,t15:0.1488357919):0.3659203889):1.117873775):0.2261924909):0.1235642196):0.5102620371):0.005717643535,((t40:0.8830370094,(((t50:0.3889005533,t11:0.3889005533):0.1519436059,t32:0.5408441593):0.2186018641,t28:0.7594460234):0.123590986):0.1165581603,((t4:0.1320166156,t10:0.1320166156):0.7884456474,((t8:0.5347601904,(t2:0.289464788,t45:0.289464788):0.2452954024):0.04214203498,t19:0.5769022254):0.3435600375):0.07913290665):1.498771177):0.3471237292):2.229347992;
13|0.351022108171601|0.124094113770407|0.712396837072447|(((((t6:0.8640191144,t1:0.8640191144):1.158586454,(t3:1.282039107,(t12:0.5800485591,t11:0.5800485591):0.701990548):0.7405664613):0.5543653362,t2:2.576970905):1.721034139,(t10:2.066303602,t13:2.066303602):2.231701441):2.654558126,(t8:3.415271444,(((t7:0.1110105751,t9:0.1110105751):0.9053619412,t5:1.016372516):0.3581497661,t4:1.374522282):2.040749162):3.537291726):2.31022208;
33|0.229696407108568|0.488277610964142|0.510114301228896|(((t26:3.182523519,t21:3.182523519):8.12945701,(((t20:0.7852038608,t16:0.7852038608):3.257549076,((t13:2.043873123,t2:2.043873123):0.330410809,t24:2.374283932):1.668469005):6.25640597,(t23:5.472811865,(t33:4.573189767,(t11:3.828005806,(t14:1.931421384,(t3:0.2363409464,t25:0.2363409464):1.695080437):1.896584422):0.7451839607):0.8996220981):4.826347042):1.012821622):0.2578284097,((((t6:1.531709797,t7:1.531709797):2.444162159,(((t12:2.260112175,t27:2.260112175):0.7939543823,t17:3.054066557):0.737031273,t5:3.79109783):0.184774125):3.028647537,t9:7.004519493):1.386171763,((t4:4.439871664,(t30:3.84381578,(t10:1.128610679,t19:1.128610679):2.715205101):0.5960558837):1.833645353,(((t29:3.713519399,(t32:2.759686677,(t28:0.3989408671,t8:0.3989408671):2.360745809):0.9538327229):1.237971858,(t31:1.353975595,t22:1.353975595):3.597515663):0.229219267,((t1:0.2079999025,t18:0.2079999025):4.62081841,t15:4.828818313):0.3518922113):1.092806493):2.117174238):3.179117682):1.789507307;
17|1.9014507296728|0.251706145519856|0.891503112390637|(((((t1:0.2467142764,t6:0.2467142764):0.18072207,(((t15:0.03115602686,t5:0.03115602686):0.05177813992,t9:0.08293416677):0.1742092079,t3:0.2571433747):0.1702929717):0.06852766041,(t13:0.05078450723,t17:0.05078450723):0.4451794996):0.3737713508,(((t4:0.1475669802,t10:0.1475669802):0.07389585894,(t16:0.1262996121,t14:0.1262996121):0.095163227):0.04039287256,(t8:0.05823314412,(t11:0.03675669342,t12:0.03675669342):0.0214764507):0.2036225675):0.607879646):0.67866155,(t7:0.08215264972,t2:0.08215264972):1.466244258):0.7012692059;
35|3.83269406207139|0.231514616648201|0.836538457893766|(((((((((t17:0.02814181071,t12:0.02814181071):0.0211183952,t23:0.04926020591):0.03897976582,t22:0.08823997173):0.05065404984,t2:0.1388940216):0.1305107912,(t10:0.1019206084,(t7:0.07962130203,(t16:0.01192019584,t19:0.01192019584):0.06770110619):0.02229930633):0.1674842044):0.05684698977,(((t31:0.2180827929,t8:0.2180827929):0.03532150853,(t6:0.008080466175,t15:0.008080466175):0.2453238353):0.06361837722,((t5:0.0937578225,t27:0.0937578225):0.001734606955,(t34:0.0376095174,(t35:0.01170796425,t32:0.01170796425):0.02590155315):0.05788291206):0.2215302492):0.00922912387):0.07186440354,(((t14:0.1517118497,t1:0.1517118497):0.03858150867,t24:0.1902933584):0.04194797266,((t21:0.1106817567,(t9:0.01995887438,t25:0.01995887438):0.09072288234):0.1002193075,t18:0.2109010643):0.02134026675):0.1658748751):0.1817340532,((((t20:0.04921135127,t29:0.04921135127):0.0495276437,t4:0.09873899497):0.0196454694,t13:0.1183844644):0.2412963862,((t26:0.1490471614,t3:0.1490471614):0.01487899283,t28:0.1639261542):0.1957546964):0.2201694087):0.3221958241,((t30:0.0604159229,t33:0.0604159229):0.1047386342,t11:0.1651545571):0.7368915262):0.6080402955;
21|1.14568300902378|0.264655418561306|0.939379852730781|((t16:2.607242281,(((t3:0.3782798382,(t8:0.02915556345,t14:0.02915556345):0.3491242748):0.9972006071,(t13:1.024265293,((t6:0.07558631112,t19:0.07558631112):0.5884843882,t21:0.6640706993):0.3601945939):0.3512151521):1.085853981,(t15:0.2145358355,(t12:0.1240068605,t1:0.1240068605):0.09052897505):2.246798591):0.1459078542):0.3743959637,((t2:1.473162621,((t10:0.2253852308,t7:0.2253852308):0.248222411,t9:0.4736076418):0.9995549789):0.1859000803,((t17:0.5821915935,(t18:0.308527491,t20:0.308527491):0.2736641025):0.371664358,((t5:0.1994982917,t4:0.1994982917):0.003393266838,t11:0.2028915585):0.7509643931):0.7052067494):1.322575544):0.8600409771;
50|0.675686809488107|0.225356837075669|0.882018874981441|(((((t1:0.3387062176,t15:0.3387062176):0.7103467523,t45:1.04905297):0.153069506,t31:1.202122476):2.660543299,(t18:0.13404536,t36:0.13404536):3.728620415):1.221016117,(((t37:1.477985596,(t19:0.5384781861,(t22:0.2645682864,t13:0.2645682864):0.2739098997):0.9395074097):1.37100004,((t50:2.02389531,(t28:1.867013705,(((t27:0.1272008932,t11:0.1272008932):0.7090257913,((t2:0.627176204,t41:0.627176204):0.04233492949,(t23:0.627172966,t33:0.627172966):0.04233816754):0.166715551):0.4645842214,((t26:0.6233703458,(t40:0.2432246136,t6:0.2432246136):0.3801457322):0.1256890491,t42:0.7490593949):0.551751511):0.566202799):0.1568816052):0.1954373084,(t3:1.576574651,((t16:0.392236524,(t34:0.02884151771,t38:0.02884151771):0.3633950063):0.3272707048,(t32:0.5745586626,(t43:0.4933240904,(t30:0.1460642505,t5:0.1460642505):0.3472598399):0.0812345722):0.1449485663):0.8570674226):0.642757967):0.6296530176):1.874304055,((t35:2.502968383,((((t44:0.1376356775,t12:0.1376356775):0.2139598103,t46:0.3515954877):0.3453070789,((t20:0.06328909708,t8:0.06328909708):0.4542648726,t17:0.5175539697):0.1793485969):1.498094919,(t4:0.3607563934,((t29:0.2589406028,t10:0.2589406028):0.06677526749,t39:0.3257158703):0.03504052304):1.834241092):0.3079708976):0.8979597644,(((t7:0.6703121765,((t48:0.2461129396,t9:0.2461129396):0.2082026793,t47:0.4543156189):0.2159965575):1.36614474,(t25:0.8555330323,(t21:0.8227488312,t24:0.8227488312):0.03278420113):1.180923885):0.195467653,(t49:0.1274772389,t14:0.1274772389):2.104447331):1.169003578):1.322361543):0.3603922017):3.582615405;
14|3.42071928276215|0.0159470986179076|0.789003345649689|(((t5:0.3807767828,((t2:0.1687208358,((t8:0.07961433777,t4:0.07961433777):0.008491465629,(t14:0.08696563927,t9:0.08696563927):0.00114016413):0.08061503238):0.1530535345,t10:0.3217743703):0.05900241247):0.001206788667,((t12:0.1280964568,t6:0.1280964568):0.09074255804,t13:0.2188390148):0.1631445566):0.2425525267,((t1:0.07375205234,t7:0.07375205234):0.3768630185,(t3:0.004797679412,t11:0.004797679412):0.4458173914):0.1739210273):0.0760423921;
45|3.24899848908884|0.148121264299843|0.6117801098153|(t34:1.151193507,(((((((t14:0.3366749209,t13:0.3366749209):0.05442125604,t28:0.391096177):0.2304831236,((t27:0.1701631372,t26:0.1701631372):0.07541358446,t19:0.2455767217):0.3760025788):0.05769022577,(((t12:0.3210445021,t44:0.3210445021):0.1935458787,t43:0.5145903808):0.1094356342,(t21:0.6174819134,(((t24:0.1330278317,(t29:0.07561578121,t33:0.07561578121):0.05741205051):0.2189760682,t4:0.3520038999):0.2072447028,(t32:0.2495009641,t37:0.2495009641):0.3097476386):0.05823331072):0.006544101593):0.05524351132):0.1995639148,(((t36:0.0634819938,t41:0.0634819938):0.4087373538,(t38:0.05803601995,t17:0.05803601995):0.4141833277):0.0267449194,(((((t5:0.215577096,t30:0.215577096):0.0228450011,(t39:0.1091366476,t8:0.1091366476):0.1292854495):0.08398921738,t16:0.3224113145):0.07381334587,(t7:0.3680902819,(((t35:0.08923408043,t42:0.08923408043):0.06886516156,t6:0.158099242):0.08132979175,(t11:0.1140344525,t2:0.1140344525):0.1253945813):0.1286612481):0.02813437851):0.05135848132,(t3:0.3241083296,((t9:0.01249279547,t25:0.01249279547):0.2139712258,t10:0.2264640213):0.09764430831):0.1234748121):0.05138112535):0.3798691741):0.09206877325,(t1:0.2690319217,(t31:0.2360802256,t15:0.2360802256):0.03295169609):0.7018702926):0.1195642113,(((t40:0.09944761856,t20:0.09944761856):0.2317089679,t45:0.3311565864):0.4233919906,(t18:0.4120129967,(t23:0.2662935542,t22:0.2662935542):0.1457194425):0.3425355804):0.3359178487):0.06072708139):0.6238561797;
35|0.967222624840215|0.484216058796737|0.507030101609416|(((((t4:0.1756504483,(t28:0.09243996413,(t7:0.07309962824,t30:0.07309962824):0.01934033589):0.08321048414):0.7124228712,t23:0.8880733194):0.4957548601,(t29:1.159226968,((t16:0.8700515779,t20:0.8700515779):0.1573419926,t1:1.02739357):0.1318333972):0.2246012118):0.5931834834,((t17:1.135617208,t2:1.135617208):0.5357965274,(((((t34:0.07879846633,t18:0.07879846633):0.3794136935,t19:0.4582121599):0.5396302761,(((t15:0.2050759529,t21:0.2050759529):0.4208800487,((t3:0.137603789,t14:0.137603789):0.4271077904,t26:0.5647115794):0.0612444222):0.1584312402,t8:0.7843872419):0.2134551941):0.3827763465,t33:1.380618783):0.2185057888,(((t11:0.007619355183,t5:0.007619355183):0.7366881784,t12:0.7443075336):0.1951545664,((t10:0.05252916733,t31:0.05252916733):0.06055241365,t25:0.113081581):0.826380519):0.6596624713):0.07228916438):0.3055979272):0.2930939874,((t27:1.137603306,t9:1.137603306):0.4815539404,(((t6:0.4338670651,t35:0.4338670651):0.2129088822,t22:0.6467759473):0.7524694621,((t32:0.1351951895,t13:0.1351951895):0.09472824294,t24:0.2299234325):1.169321977):0.2199118368):0.6509484041):0.6761768408;
48|0.706763153220527|0.421702443563845|0.650393267860636|(((t17:0.2255318026,t12:0.2255318026):2.611486349,t13:2.837018152):2.713023469,(((((t43:1.115842015,t47:1.115842015):1.370728118,((t24:0.8450364874,t31:0.8450364874):1.447399546,(t26:1.042954715,t48:1.042954715):1.249481319):0.1941340997):0.02587446202,(t1:0.674580342,t16:0.674580342):1.837864253):1.790061665,((((t28:0.3679396011,t34:0.3679396011):0.8807394698,(t39:0.1682856553,t45:0.1682856553):1.080393416):0.4046375223,(t37:0.1425460595,t35:0.1425460595):1.510770534):1.300860092,t25:2.954176685):1.348329575):0.3050054148,(((t15:1.739904224,((t11:0.1274025314,t22:0.1274025314):1.256500145,t46:1.383902676):0.3560015481):0.7054899266,((((t38:0.06644029936,t44:0.06644029936):0.5183754699,(t4:0.4297061263,t30:0.4297061263):0.155109643):0.487550183,t9:1.072365952):0.4480994944,t5:1.520465447):0.9249287041):1.897979006,(((((t36:0.2743134568,t10:0.2743134568):2.156060432,(((t33:0.5614909104,(t41:0.4894050739,(t29:0.1041731506,t23:0.1041731506):0.3852319233):0.07208583654):0.1452061228,t27:0.7066970332):0.1437951793,t42:0.8504922125):1.579881676):0.06730732006,((t40:0.597008078,(t2:0.3540964455,t20:0.3540964455):0.2429116325):0.7543028283,t8:1.351310906):1.146370302):0.7086855948,t3:3.206366803):0.1958350533,(t18:0.9058109265,((t7:0.4856182553,(t6:0.07225548599,t19:0.07225548599):0.4133627693):0.302041055,((t14:0.6362152638,t32:0.6362152638):0.1204038665,t21:0.7566191303):0.03104018001):0.1181516162):2.49639093):0.9411712997):0.2641385189):0.9425299451):0.2257647457;
33|1.67721674203174|0.105306633375585|0.709302716422826|((((t31:0.2139856161,t4:0.2139856161):0.1106931908,(t25:0.2611563751,t2:0.2611563751):0.06352243192):0.314701991,(t32:0.5403545276,(t7:0.3441848461,t30:0.3441848461):0.1961696815):0.09902627042):1.424914719,(((((t1:0.2309704586,t19:0.2309704586):0.6970784092,t9:0.9280488678):0.1915983288,((((t18:0.006610939083,t33:0.006610939083):0.4189334088,(t10:0.2626002632,t8:0.2626002632):0.1629440847):0.154877978,(t27:0.3633711478,t6:0.3633711478):0.2170511781):0.5256277026,t29:1.106050029):0.01359716806):0.3525342018,((t13:0.7180274497,(t11:0.08760851228,t26:0.08760851228):0.6304189374):0.2302192898,(t12:0.2778959122,t16:0.2778959122):0.6703508274):0.5239346589):0.4842835236,(((t21:0.2057422274,t3:0.2057422274):0.004661553528,t5:0.2104037809):1.188278479,((((t20:0.2820297037,t22:0.2820297037):0.3445068786,(t24:0.2745025107,t23:0.2745025107):0.3520340716):0.1096979823,(t14:0.4988058717,(t28:0.3233428366,t17:0.3233428366):0.1754630351):0.2374286929):0.2291585133,t15:0.9653930779):0.4332891822):0.557782662):0.107830595):0.5093823148;
47|3.18485651182476|0.270128346215934|0.598279694910161|(((((t25:0.176095223,t32:0.176095223):0.03499164685,t24:0.2110868698):0.1278326146,(((t38:0.2214689434,((t2:0.08270778453,t46:0.08270778453):0.0510675573,(t40:0.06967764861,t47:0.06967764861):0.06409769322):0.08769360156):0.003984839023,(t37:0.153307272,t16:0.153307272):0.07214651042):0.1120490381,(t42:0.3174407204,(t4:0.1731902307,t41:0.1731902307):0.1442504898):0.02006210011):0.001416663845):0.02317691734,(t44:0.355799128,((t14:0.2192245897,t23:0.2192245897):0.02485668536,((t3:0.05479192407,t34:0.05479192407):0.007067849132,t1:0.06185977321):0.1822215019):0.1117178529):0.006297273707):0.5186022758,((((((t33:0.01779518546,t27:0.01779518546):0.5545935235,((t20:0.2154319207,t18:0.2154319207):0.2415926437,(t11:0.270638358,(t13:0.1664400696,t30:0.1664400696):0.1041982884):0.1863862063):0.1153641446):0.1045664973,(t31:0.1276444944,t35:0.1276444944):0.5493107119):0.04552063463,(t5:0.3437267311,((((t19:0.05982233207,t9:0.05982233207):0.06106692094,(t6:0.08977263191,t22:0.08977263191):0.03111662111):0.03124318894,(t7:0.1035939584,((t15:0.02854133464,t39:0.02854133464):0.06462226314,t45:0.09316359779):0.01043036061):0.04853848355):0.120410081,(t43:0.2128806569,((t21:0.01556401135,t28:0.01556401135):0.1429389566,t12:0.1585029679):0.05437768894):0.05966186607):0.07118420818):0.3787491098):0.03726200159,((t29:0.2553719796,(t17:0.2192123762,t8:0.2192123762):0.03615960338):0.2736182541,t10:0.5289902336):0.2307476089):0.006053492598,(t36:0.2790653548,t26:0.2790653548):0.4867259803):0.1149073425):1.715268721;
39|3.4443237915542|0.100362707930617|0.835262249223888|(t33:1.070899698,(((((t4:0.003098533236,t35:0.003098533236):0.1165963597,(t38:0.09227680215,t5:0.09227680215):0.02741809082):0.3956925114,t12:0.5153874043):0.2906217837,(((t26:0.387784708,(t14:0.3488234911,(t17:0.2721076743,t11:0.2721076743):0.07671581679):0.03896121694):0.01920675569,(((t34:0.1797963985,t22:0.1797963985):0.1408586055,((t6:0.1570439309,(t36:0.1419303421,t2:0.1419303421):0.01511358881):0.02344865123,t7:0.1804925821):0.1401624218):0.06103007384,(((t21:0.006484811901,t3:0.006484811901):0.1422860015,t9:0.1487708134):0.04945064394,t15:0.1982214574):0.1834636204):0.02530638594):0.1524095825,(((t25:0.2587963218,(t28:0.07850524803,t37:0.07850524803):0.1802910738):0.02613597443,t20:0.2849322962):0.2344614697,((t16:0.02251742836,t8:0.02251742836):0.2331894371,(t1:0.08859326253,t13:0.08859326253):0.1671136029):0.2636869004):0.04000728033):0.2466081419):0.2024507033,((t24:0.5735537427,(t31:0.4005241511,(t10:0.2697119357,t27:0.2697119357):0.1308122155):0.1730295915):0.1536711581,(((t18:0.009193279436,(t23:0.0005807077326,t30:0.0005807077326):0.008612571703):0.1712784484,t39:0.1804717278):0.2901812199,((t32:0.03085721532,t19:0.03085721532):0.3586631231,t29:0.3895203384):0.08113260936):0.256571953):0.2812349906):0.0624398065):0.1448470331;
23|2.87150976254139|0.406381486635655|0.506587067036889|(((((t5:0.3608688324,((((t15:0.01077511051,t2:0.01077511051):0.06014520011,t10:0.07092031062):0.04556103496,t22:0.1164813456):0.1960093844,((t14:0.05613696343,t3:0.05613696343):0.2440894821,t21:0.3002264456):0.01226428444):0.04837810242):0.009669306726,(t23:0.1300130485,t11:0.1300130485):0.2405250906):0.1447119762,((t8:0.05757690763,t18:0.05757690763):0.1794928737,t16:0.2370697813):0.278180334):0.2040257531,(((t13:0.5061697322,((t17:0.2826910152,(t12:0.1930653697,t7:0.1930653697):0.08962564545):0.1102908876,(t9:0.04615465692,t6:0.04615465692):0.3468272458):0.1131878294):0.01787310952,(t4:0.1072778176,t20:0.1072778176):0.4167650241):0.02982570693,t1:0.5538685486):0.1654073199):0.04498799882,t19:0.7642638673):0.08269211251;
31|3.89219385033241|0.467745260824449|0.959997240570374|(((((((t6:0.1126710556,t26:0.1126710556):0.006073471465,(t21:0.0914725213,t8:0.0914725213):0.02727200579):0.1470808586,(t24:0.1230734956,(t12:0.05339215902,(t28:0.02152382395,t14:0.02152382395):0.03186833507):0.0696813366):0.1427518901):0.000142414541,(t29:0.2078004748,t23:0.2078004748):0.05816732539):0.08709150103,((t13:0.03368418243,t15:0.03368418243):0.2283270294,t4:0.2620112119):0.0910480894):0.09580172004,(((t3:0.03674930309,((t1:0.01413154155,t2:0.01413154155):0.02181853197,(t11:0.03593030653,t19:0.03593030653):1.976699414e-05):0.000799229567):0.02011861036,t9:0.05686791345):0.09784286793,t18:0.1547107814):0.2941502399):0.04701522228,((((t7:0.1687430432,t22:0.1687430432):0.08479881613,(t31:0.1059045812,t5:0.1059045812):0.1476372781):0.05013011356,t25:0.3036719729):0.1093199861,(((t30:0.09550972525,(t16:0.05970432368,t10:0.05970432368):0.03580540157):0.05428982319,t20:0.1497995484):0.05497606392,(t17:0.1908898195,t27:0.1908898195):0.01388579289):0.2082163466):0.08288428459):0.09605410826;
15|0.933502489763778|0.439061569471378|0.645506044616923|(t1:2.278316858,(t7:1.18988618,((((t11:0.02843690174,t14:0.02843690174):0.4908907216,t13:0.5193276233):0.3212045059,((t12:0.6571053203,(((t2:0.06035395856,t3:0.06035395856):0.09386924663,t5:0.1542232052):0.3943089071,t9:0.5485321123):0.108573208):0.1718562507,(t8:0.2304786907,t15:0.2304786907):0.5984828803):0.01157055823):0.009659373333,((t10:0.02029645024,t6:0.02029645024):0.3193373279,t4:0.3396337781):0.5105577244):0.339694677):1.088430678):0.6733514547;
17|1.8105032730964|0.384532807471696|0.819897803245112|(((t4:0.4419023596,(t17:0.4190257436,(t9:0.1798015945,t15:0.1798015945):0.2392241491):0.02287661596):0.1831781908,(((t1:0.1191715053,t8:0.1191715053):0.123485217,t2:0.2426567223):0.06778360516,t3:0.3104403275):0.3146402229):0.7568841569,((t11:0.115962996,t16:0.115962996):0.7869895338,((t5:0.3692957177,(t10:0.1477592999,t12:0.1477592999):0.2215364178):0.1016093109,(t7:0.1354979682,(t13:0.02859612816,(t6:0.003823558972,t14:0.003823558972):0.02477256919):0.1069018401):0.3354070604):0.4320475012):0.4790121775):0.007068035257;
35|3.57015978580108|0.269350126283243|0.550240485114045|((t6:0.6746172368,(((t4:0.4660979077,((((t22:0.01999243681,t13:0.01999243681):0.08049990004,(t12:0.05299558764,t16:0.05299558764):0.04749674921):0.1270361636,((t25:0.06329405609,t35:0.06329405609):0.1568321703,t27:0.2201262264):0.007402274094):0.1538767558,((t29:0.06444858707,t5:0.06444858707):0.1370764496,(t26:0.1867854368,t9:0.1867854368):0.01473959987):0.1798802195):0.08469265152):0.03855255059,(((t34:0.2361519577,t1:0.2361519577):0.08369206278,t18:0.3198440204):0.1301366373,t11:0.4499806578):0.05466980059):0.08404898693,(t2:0.004801545461,t3:0.004801545461):0.5838978998):0.08591779158):0.1798334866,(((t19:0.5429038394,t32:0.5429038394):0.04714771908,((t20:0.2438121824,t21:0.2438121824):0.3395891261,((t30:0.06065770439,t31:0.06065770439):0.04355230154,((t15:0.009020233848,t8:0.009020233848):0.03450953776,t14:0.04352977161):0.06068023432):0.4791913026):0.006650249886):0.2213655645,((t10:0.1446575695,(t28:0.07199429167,t33:0.07199429167):0.07266327779):0.2224574963,((t24:0.3061252009,t23:0.3061252009):0.04138160805,(t17:0.1072438108,t7:0.1072438108):0.2402629981):0.01960825687):0.4443020572):0.0430336004):0.4970765078;
18|2.54875905325171|0.367541621543933|0.57802729960531|((((t16:0.1283343348,(t10:0.1082558724,t5:0.1082558724):0.02007846245):0.5706230685,t17:0.6989574033):0.01293432146,(t7:0.03426461479,t9:0.03426461479):0.67762711):0.6195594293,(((t8:0.1552858811,t6:0.1552858811):0.4996957446,(((t18:0.4791420638,((t4:0.3751021452,t3:0.3751021452):0.06477180127,(t15:0.04641343899,t11:0.04641343899):0.3934605074):0.03926811733):0.03480134485,t1:0.5139434086):0.01916296058,t2:0.5331063692):0.1218752565):0.2590083397,((t14:0.08128814777,t12:0.08128814777):0.1244172017,t13:0.2057053495):0.7082846159):0.4174611887):0.06423550614;
15|3.2490336013562|0.446019835111219|0.743846269324422|(((t5:0.2772985068,(t1:0.2756994658,t14:0.2756994658):0.001599041061):0.3488334362,t3:0.626131943):0.4343736121,(((t8:0.06817351534,t10:0.06817351534):0.2397921984,t2:0.3079657138):0.5953314963,((t11:0.01757734919,t15:0.01757734919):0.4364571655,((t4:0.06793201064,t12:0.06793201064):0.1551969375,((t13:0.07317936579,t9:0.07317936579):0.08399258256,(t6:0.07206371137,t7:0.07206371137):0.08510823697):0.06595699976):0.2309055666):0.4492626954):0.1572083451):0.5649542957;
19|1.09714308080729|0.366552385925315|0.748860231251456|((((t5:0.3879338721,t19:0.3879338721):0.2950973624,t14:0.6830312344):0.2232056086,((t18:0.2435507511,((t13:0.1802594772,(t9:0.01267260501,t17:0.01267260501):0.1675868721):0.05368722262,t1:0.2339466998):0.009604051351):0.3037851272,t15:0.5473358783):0.3589009647):1.000937806,((((t16:0.5082351326,(t8:0.06742853996,(t3:0.05561168854,(t2:0.03915502819,t7:0.03915502819):0.01645666035):0.01181685142):0.4408065926):0.06124968831,t12:0.5694848209):0.1379523259,(t10:0.4616689577,t11:0.4616689577):0.2457681892):0.06113446151,(t4:0.6853554497,t6:0.6853554497):0.08321615863):1.138603041):1.44521622;
42|3.87252357745543|0.260271203215234|0.690423844498582|((((t14:0.3449088912,(t13:0.03480414102,t3:0.03480414102):0.3101047501):0.1865701564,(t4:0.3917111888,((((t2:0.05090275923,t12:0.05090275923):0.03232647394,t42:0.08322923317):0.08461443522,t19:0.1678436684):0.07758652674,t20:0.2454301951):0.1462809936):0.1397678588):0.06386258471,((t8:0.2991620163,(t16:0.1725424315,(((t38:0.07330876884,(t27:0.04812662229,t39:0.04812662229):0.02518214654):0.02721793161,(t31:0.02585631802,t11:0.02585631802):0.07467038242):0.02827635673,t36:0.1288030572):0.04373937435):0.1266195848):0.0114218656,((t25:0.008966765292,t1:0.008966765292):0.08720178803,t32:0.09616855333):0.2144153286):0.2847577504):0.2461075486,(t35:0.8288294763,((t33:0.3922359383,(t18:0.2109035778,(t30:0.2075468665,(t6:0.1101164258,(t22:0.101412909,t7:0.101412909):0.008703516804):0.09743044072):0.003356711261):0.1813323605):0.4341089358,(((t9:0.3621869795,t10:0.3621869795):0.1754437721,((t5:0.01880177698,t21:0.01880177698):0.2479406267,t37:0.2667424037):0.2708883478):0.09357973676,(((((((t28:0.0008138523155,t40:0.0008138523155):0.04236972786,t23:0.04318358018):0.002584199275,t34:0.04576777945):0.07561825535,t24:0.1213860348):0.1295419311,(t41:0.07702727303,t29:0.07702727303):0.1739006929):0.1527998538,(t17:0.2110307193,t15:0.2110307193):0.1926971004):0.1182244404,t26:0.5219522601):0.1092582282):0.1951343858):0.002484602229):0.01261970454):0.444107242;
43|3.92111367414938|0.109459181004204|0.525097484700382|((((t15:0.06287008628,((t30:0.02457153927,t27:0.02457153927):0.03441176709,t1:0.05898330636):0.003886779925):0.02896606456,t6:0.09183615084):0.3637522997,((t37:0.07224023584,(t18:0.0696417735,(((t4:0.003980682266,t38:0.003980682266):0.03224386553,t11:0.0362245478):0.01159682135,t10:0.04782136915):0.02182040435):0.002598462342):0.3004046311,((t22:0.1307863302,((t23:0.05648850243,t42:0.05648850243):0.06674861425,t33:0.1232371167):0.007549213549):0.2202741703,t17:0.3510605006):0.02158436642):0.08294358359):0.3561302136,(((t5:0.2806653308,t2:0.2806653308):0.3944073751,((t16:0.5264793501,t43:0.5264793501):0.01768489905,((((t20:0.05223753161,t39:0.05223753161):0.2660601129,t24:0.3182976445):0.1181466105,((t25:0.3001156732,((t13:0.29428531,(t31:0.2065354684,t7:0.2065354684):0.08774984156):0.003234864024,(((t32:0.03173220947,t12:0.03173220947):0.07339204066,t21:0.1051242501):0.04153110203,t8:0.1466553522):0.1508648218):0.00259549917):0.06734366867,(t14:0.3359448799,(t9:0.1235326498,t40:0.1235326498):0.2124122301):0.03151446196):0.06898491312):0.06279858865,(t41:0.452978565,t29:0.452978565):0.04626427866):0.04492140557):0.1309084567):0.03835779019,((t28:0.2837777404,(t36:0.2485592438,t26:0.2485592438):0.03521849661):0.2673076321,((t34:0.01150291604,t35:0.01150291604):0.1581393294,(t19:0.1589499912,t3:0.1589499912):0.01069225422):0.3814431271):0.1623451235):0.0982881681):0.002629063857;
22|1.13638320599683|0.0399459309247322|0.856203982490115|((((t11:0.3920833961,t7:0.3920833961):0.7844362724,(t5:0.6051398399,(t19:0.1589914453,t13:0.1589914453):0.4461483946):0.5713798287):0.1882192582,(t6:0.2506527847,t20:0.2506527847):1.114086142):0.5958850822,((t21:1.048036097,((t10:0.8354883067,t12:0.8354883067):0.008872720382,((t2:0.3014533732,t14:0.3014533732):0.2037450202,(t1:0.1559793513,t9:0.1559793513):0.3492190421):0.3391626337):0.2036750697):0.02732496112,((((t16:0.07911512109,t18:0.07911512109):0.4309855503,t15:0.5101006714):0.09497436426,(t4:0.3884605185,t3:0.3884605185):0.2166145171):0.3769075705,((t22:0.07011382734,t8:0.07011382734):0.1999777194,t17:0.2700915467):0.7118910594):0.09337845176):0.8852629511):0.9405140912;
13|0.854929438431282|0.373616164028645|0.929297255934216|(((t6:1.135577536,(t2:0.486883845,t13:0.486883845):0.6486936914):0.7062867576,t12:1.841864294):0.5206384524,((t9:1.697598237,((t11:1.007494628,(t10:0.1751859518,t3:0.1751859518):0.8323086762):0.2222964141,t5:1.229791042):0.4678071945):0.04763816857,((t1:0.5730837866,t4:0.5730837866):1.002267094,(t7:0.921198602,t8:0.921198602):0.6541522789):0.1698855242):0.6172663413):1.336115048;
24|1.70536969315726|0.462155281146988|0.809936886071227|((t6:0.4701437304,t23:0.4701437304):0.8250259011,(((((t10:0.03376731027,t13:0.03376731027):0.5406476655,t24:0.5744149758):0.09662173973,(((t14:0.05123012077,t7:0.05123012077):0.3826047165,t8:0.4338348373):0.2258082966,t17:0.6596431338):0.0113935817):0.1508189942,t21:0.8218557097):0.3120596196,((((((t20:0.1492003273,(t2:0.1018719997,t1:0.1018719997):0.04732832754):0.1273096023,t15:0.2765099296):0.1231753195,(t3:0.1672547568,(t5:0.1377811252,(t19:0.04691616394,t12:0.04691616394):0.09086496124):0.02947363164):0.2324304922):0.1703270917,t16:0.5700123407):0.2319739546,((t9:0.03854541751,t4:0.03854541751):0.5691100459,(t18:0.3526362134,t22:0.3526362134):0.25501925):0.194330832):0.1871705185,t11:0.9891568139):0.1447585155):0.1612543022):0.605210163;
17|2.64807025451446|0.266365647951607|0.808832867303863|((t7:0.2583064064,(((t5:0.01944111173,((t3:0.009936028083,t1:0.009936028083):0.00735286896,(t17:0.011881195,t11:0.011881195):0.005407702043):0.002152214681):0.1029206737,t2:0.1223617854):0.1302435138,((t8:0.05373373869,(t4:0.008417977643,t10:0.008417977643):0.04531576105):0.137390234,(t12:0.1210318947,(t15:0.001676121986,t16:0.001676121986):0.1193557728):0.07009207798):0.06148132646):0.005701107264):0.01623858619,((t6:0.03101739004,(t14:0.01936017547,t13:0.01936017547):0.01165721458):0.1103199635,t9:0.1413373536):0.1332076391):0.3296982992;
11|2.47451661553467|0.352231437510345|0.560350299580023|(((t11:0.2348413186,(t7:0.2138736784,(t5:0.182965776,(t3:0.1230139564,(t10:0.1083177375,t8:0.1083177375):0.01469621893):0.05995181956):0.03090790241):0.02096764016):0.003447514117,t9:0.2382888327):0.4982875957,((t4:0.1641697872,(t2:0.06790097344,t1:0.06790097344):0.09626881379):0.04973116742,t6:0.2139009546):0.5226754737):0.06775114909;
11|1.98117896215292|0.467686406299472|0.640862324391492|((t4:0.1370391284,t6:0.1370391284):0.958692605,(((t10:0.1926891913,(t5:0.08435410255,t8:0.08435410255):0.1083350888):0.3658008267,(t2:0.01048657181,t1:0.01048657181):0.5480034462):0.1976652481,((t3:0.1448677228,t9:0.1448677228):0.2382831648,(t11:0.1099090939,t7:0.1099090939):0.2732417938):0.3730043784):0.3395764673):0.04977523048;
44|0.676419963403605|0.348528343779035|0.508304101414979|(t39:5.167443703,((t30:2.330484092,(t29:1.744806778,t33:1.744806778):0.5856773135):2.240047827,(((t17:2.12555163,t34:2.12555163):1.459396409,(((((t27:1.384111514,((t38:0.02058541408,t18:0.02058541408):0.6759040283,t16:0.6964894424):0.6876220719):0.6401617163,(t19:1.639692773,(t5:0.004750677689,t4:0.004750677689):1.634942095):0.3845804576):0.3222301694,t8:2.3465034):0.2868073558,(((((t15:0.1520453199,t13:0.1520453199):0.02887506333,t35:0.1809203832):0.65803231,t23:0.8389526933):0.2792874588,t9:1.118240152):0.1229255242,((t7:0.1116721671,(t21:0.07620619755,t1:0.07620619755):0.03546596959):0.06151340587,t14:0.173185573):1.067980103):1.392145079):0.4927351387,((t25:0.8922439457,(t3:0.6014219943,t31:0.6014219943):0.2908219515):1.188980612,(((t2:0.08544351075,t28:0.08544351075):1.350024528,t24:1.435468039):0.5671369264,(t32:1.238322946,(t20:0.1174132274,t42:0.1174132274):1.120909718):0.76428202):0.07861959257):1.044821336):0.4589021437):0.4576738418,(((t10:0.8642735537,t11:0.8642735537):0.4432312977,t26:1.307504851):2.179171169,(((t44:0.894101677,(t37:0.0106569435,t43:0.0106569435):0.8834447335):0.5455645627,(t22:0.03635644091,t40:0.03635644091):1.403309799):0.6684951749,((t12:0.9900468424,t41:0.9900468424):0.8064316804,(t36:0.5064912617,t6:0.5064912617):1.289987261):0.3116828916):1.378514606):0.5559458594):0.5279100381):0.5969117847):2.426703878;
33|3.06190497139003|0.399825456901453|0.777242210111581|(((t4:0.1010389215,t9:0.1010389215):0.6982242324,t11:0.799263154):0.2516647785,(((t19:0.2009132648,((t20:0.1391087164,(t1:0.1321698972,(t21:0.09665000235,t10:0.09665000235):0.03551989487):0.006938819165):0.007586276296,t2:0.1466949927):0.05421827208):0.1544071917,((t26:0.1049790969,t23:0.1049790969):0.1651961927,((((t29:0.0006333637543,t14:0.0006333637543):0.02511387505,t18:0.02574723881):0.03033840602,t3:0.05608564483):0.08946018224,t27:0.1455458271):0.1246294625):0.08514516683):0.6237411929,(t32:0.5856587216,((t28:0.1786959633,t16:0.1786959633):0.2645486371,((t15:0.2843165754,((t12:0.1991684139,t13:0.1991684139):0.03073072208,((t8:0.07975297243,t30:0.07975297243):0.1400439967,((t25:0.01340520281,(t22:0.003383748229,t24:0.003383748229):0.01002145458):0.02779131286,(t17:0.03896461482,t7:0.03896461482):0.002231900851):0.1786004535):0.01010216689):0.05441743937):0.05961740669,(t31:0.1353367647,(t33:0.07872974832,(t6:0.03911733837,t5:0.03911733837):0.03961240995):0.05660701641):0.2085972173):0.09931061834):0.1424141212):0.3934029277):0.07186628312):0.3443725166;
15|0.492363707926124|0.429042064447422|0.676731966785155|(((((t4:0.1592567555,t2:0.1592567555):0.8339236792,((t13:0.6363259564,t9:0.6363259564):0.1030182824,t15:0.7393442388):0.2538361959):0.1965353176,t1:1.189715752):2.088345323,(((t10:0.0577355956,t11:0.0577355956):0.475942074,t6:0.5336776696):0.6170756719,t7:1.150753342):2.127307734):0.2702894161,((t3:0.0566915391,(t8:0.0559075658,(t12:0.002927047597,t14:0.002927047597):0.05298051821):0.0007839732941):0.3853827092,t5:0.4420742483):3.106276243):0.1404028816;
20|2.72383570122765|0.378724239354488|0.551605126704089|((((t5:0.2997170894,(t13:0.1943777226,t17:0.1943777226):0.1053393668):0.1289959956,((t9:0.2471196421,t18:0.2471196421):0.08068374571,((((t19:0.02597478312,t1:0.02597478312):0.03272806835,t10:0.05870285146):0.06127810738,t15:0.1199809588):0.01609918116,(t7:0.133568608,t16:0.133568608):0.002511531967):0.1917232478):0.1009096971):0.07770104424,(t2:0.2467506319,t3:0.2467506319):0.2596634973):0.2078521324,((t11:0.3637240973,t4:0.3637240973):0.02745820833,(t6:0.2851359159,((t14:0.003866112042,t20:0.003866112042):0.1331881823,(t12:0.1097418061,t8:0.1097418061):0.02731248826):0.1480816216):0.1060463898):0.323083956):0.2582644117;
48|3.3311711070803|0.418239429185633|0.963155770674348|((t7:0.1931347446,t47:0.1931347446):0.7128843267,(((((((t12:0.09820467122,(t41:0.05822764352,(t33:0.02143681444,t5:0.02143681444):0.03679082908):0.03997702771):0.06044649285,t27:0.1586511641):0.04154556301,t11:0.2001967271):0.09124492119,((t26:0.1151975963,t39:0.1151975963):0.04608975992,(t17:0.004042756189,t14:0.004042756189):0.1572446):0.1301542921):0.1733146571,((t36:0.273953486,(t10:0.1795495767,t22:0.1795495767):0.09440390923):0.001378256913,t40:0.2753317429):0.1894245625):0.2345394373,((t8:0.2936861501,((t19:0.03385188105,t16:0.03385188105):0.04061500147,(t3:0.03658828485,(t42:0.01868175278,t25:0.01868175278):0.01790653207):0.03787859767):0.2192192676):0.1321944695,(((t9:0.0896840939,t15:0.0896840939):0.03205044132,t45:0.1217345352):0.1990085081,(t31:0.03423340661,t38:0.03423340661):0.2865096367):0.1051375763):0.2734151231):0.03023174909,(((((t37:0.007397648361,t24:0.007397648361):0.2072667736,(t23:0.06653700759,t29:0.06653700759):0.1481274144):0.1923709351,(((t43:0.09313692131,(t1:0.02623110022,t48:0.02623110022):0.06690582109):0.1208561908,(t6:0.2046703396,(t2:0.1171188317,t18:0.1171188317):0.08755150783):0.009322772504):0.006038836775,t13:0.2200319488):0.1870034082):0.005647215214,((((t34:0.05390357319,t32:0.05390357319):0.07466831694,t46:0.1285718901):0.01450610996,t21:0.1430780001):0.2009574912,(t28:0.1762812012,(t20:0.1342724577,(t35:0.03505662267,t30:0.03505662267):0.099215835):0.04200874356):0.1677542901):0.06864708093):0.1244793781,(t4:0.06339345407,t44:0.06339345407):0.4737684962):0.1923655415):0.1764915796):0.3776559447;
45|2.65620932286605|0.0617973924428225|0.717834820970893|(((t1:0.1616220702,t24:0.1616220702):0.9902201359,((((t26:0.6943302993,(t7:0.5174614252,((t2:0.4056076776,t30:0.4056076776):0.02331381677,((t33:0.1415108772,t42:0.1415108772):0.2154595014,t6:0.3569703786):0.07195111579):0.08853993081):0.1768688742):0.04754523674,t27:0.7418755361):0.02297961254,t4:0.7648551486):0.04769836072,((((t41:0.00871337411,t40:0.00871337411):0.07955678828,t44:0.08827016239):0.5965579112,t5:0.6848280736):0.02321628782,t23:0.7080443614):0.1045091479):0.3392886967):0.1935319696,((((t39:0.3861057685,((t31:0.1206031582,t36:0.1206031582):0.002124491476,t21:0.1227276497):0.2633781189):0.04913478497,t45:0.4352405535):0.05120737123,((t34:0.02030519342,t8:0.02030519342):0.07586396167,(t25:0.05020443019,t29:0.05020443019):0.04596472489):0.3902787696):0.3403530596,((((t10:0.3147603854,((t37:0.2385938556,(t38:0.1674638958,(t32:0.1145887905,t9:0.1145887905):0.05287510525):0.07112995984):0.004165007085,(t20:0.2411770071,((t3:0.1549033822,(t19:0.04167166831,t16:0.04167166831):0.1132317139):0.05820883211,t35:0.2131122143):0.0280647928):0.001581855576):0.07200152265):0.01540796267,t43:0.330168348):0.1448022573,((t17:0.178935678,(t11:0.05373364859,t15:0.05373364859):0.1252020294):0.2834237155,(t22:0.3988163448,t28:0.3988163448):0.06354304876):0.01261121179):0.2560207092,((t14:0.2270810783,t13:0.2270810783):0.1229598219,(t12:0.07571662609,t18:0.07571662609):0.2743242742):0.3809504142):0.09580966975):0.5185731914):0.6201725563;
41|0.455360630662181|0.0100451257498935|0.673549975501373|(((t4:5.096752517,((((t17:3.963913861,(t5:2.381953321,(t24:1.912345372,(t21:0.8399193618,t2:0.8399193618):1.07242601):0.4696079485):1.58196054):0.7827425013,t6:4.746656362):0.01671243742,((t30:2.631032184,t29:2.631032184):0.08656244623,(((t19:2.121053597,t9:2.121053597):0.07935661291,(((t8:1.313179862,t7:1.313179862):0.1048290183,(t20:1.006283268,t37:1.006283268):0.4117256125):0.6443789689,t27:2.06238785):0.1380223607):0.2617069191,(t15:0.7416269384,t23:0.7416269384):1.720490191):0.255477501):2.045774169):0.1139629758,((((t3:1.879018698,(t32:1.451464143,(t16:0.7955678151,t34:0.7955678151):0.655896328):0.4275545552):0.00559233711,(t40:0.8813557904,t25:0.8813557904):1.003255245):1.36657089,(t1:0.9725474449,t38:0.9725474449):2.27863448):0.6646767965,t22:3.915858722):0.9614730535):0.2194207418):2.721396858,(t39:1.851405744,t31:1.851405744):5.966743631):0.4473960458,(((t35:0.3746949517,t26:0.3746949517):5.237399605,t28:5.612094557):0.7565944611,(((t12:1.980540939,(t10:0.8002842084,(t33:0.4448489706,t14:0.4448489706):0.3554352377):1.180256731):0.8150216503,(t41:2.038277046,((t11:0.3016091066,t18:0.3016091066):1.352412752,t36:1.654021859):0.3842551871):0.7572855431):1.113674653,t13:3.909237242):2.459451776):1.896856403):0.01864305152;
25|1.32049084693426|0.318901412356645|0.605727908667177|((((t14:0.6530424296,(t25:0.2939042446,t7:0.2939042446):0.359138185):0.6034243865,t3:1.256466816):0.4128106944,((t1:0.8647816669,t13:0.8647816669):0.06886174837,((t12:0.1679932669,t21:0.1679932669):0.5376459147,(((t2:0.3025118049,(t24:0.1690698225,t23:0.1690698225):0.1334419825):0.06057880567,t5:0.3630906106):0.1980421223,t8:0.5611327329):0.1445064488):0.2280042336):0.7356340953):0.2232303119,((t15:0.9652374008,(t20:0.7438168638,((((t11:0.1355165026,t19:0.1355165026):0.152618624,t9:0.2881351266):0.0715106514,t18:0.359645778):0.1036839385,(t4:0.1596857495,t22:0.1596857495):0.3036439671):0.2804871473):0.221420537):0.4926793906,((t6:0.4139383126,t16:0.4139383126):0.1905773401,(t17:0.1541814883,t10:0.1541814883):0.4503341644):0.8534011388):0.434591031):0.1665457823;
49|1.55084670335287|0.182878034058958|0.673647850053385|(((((t22:0.7937938812,(((t6:0.3119855077,t26:0.3119855077):0.2046073331,(t2:0.2515456575,t34:0.2515456575):0.2650471834):0.1102550087,(t31:0.4426984925,(t38:0.2011419901,(t7:0.1142804482,t39:0.1142804482):0.08686154189):0.2415565024):0.1841493572):0.1669460316):0.3441478118,(t29:0.519720553,(t24:0.2725703801,t14:0.2725703801):0.2471501729):0.61822114):0.4194671762,((((((t28:0.5220739281,((t10:0.07101906992,(t3:0.009396649558,t18:0.009396649558):0.06162242037):0.2773458998,t12:0.3483649697):0.1737089584):0.04243831102,((((t13:0.1448263569,t20:0.1448263569):0.08331113887,t16:0.2281374958):0.02222298845,t11:0.2503604843):0.07280957181,t47:0.3231700561):0.2413421831):0.243762184,(t43:0.05738530451,t15:0.05738530451):0.7508891186):0.1088950209,(t44:0.3334047415,t17:0.3334047415):0.5837647025):0.3204233529,t25:1.237592797):0.1494276301,t19:1.387020427):0.1703884422):0.04204140385,((t35:0.8998324039,((t45:0.4532511899,t36:0.4532511899):0.4392888966,((t30:0.06134016774,t5:0.06134016774):0.2573491968,((t33:0.1488105442,t41:0.1488105442):0.05608303981,(t46:0.09764731269,t21:0.09764731269):0.1072462714):0.1137957804):0.5738507221):0.007292317341):0.4504579152,(t1:0.02933073288,t37:0.02933073288):1.320959586):0.249159954):0.9986400175,((t42:0.6008962317,t48:0.6008962317):0.8553814627,((((t4:0.09276706779,t27:0.09276706779):0.09275492262,t49:0.1855219904):0.4151338574,(t8:0.5195013597,(t23:0.3759135152,t32:0.3759135152):0.1435878445):0.08115448815):0.1514561246,(t40:0.6562374473,t9:0.6562374473):0.09587452515):0.7041657219):1.141812596):0.0195081752;
48|0.287926294577774|0.28621572887525|0.687332087079994|((((t13:5.797692504,(t32:3.833134374,t10:3.833134374):1.96455813):2.210261332,((((t47:1.960205648,t45:1.960205648):1.629908908,(t37:2.225211992,(t9:1.684138896,t23:1.684138896):0.5410730956):1.364902564):1.719589396,((t5:1.871260799,t12:1.871260799):0.8523107479,t14:2.723571547):2.586132405):0.4233346679,(((t7:0.08999454065,t33:0.08999454065):3.374782093,(t30:1.525990913,t8:1.525990913):1.938785721):0.6227973221,(((t4:2.331050791,(t40:0.1217179167,t27:0.1217179167):2.209332874):0.3267541796,t25:2.657804971):1.417556206,((t11:1.953189129,t39:1.953189129):0.6477041057,t22:2.600893234):1.474467942):0.01221277944):1.645464663):2.274915216):0.2448012503,(((t42:1.083301449,t29:1.083301449):0.3633608736,(t34:0.8795288106,t36:0.8795288106):0.5671335117):2.267623405,((((t17:0.09493479853,t6:0.09493479853):0.8816092233,t48:0.9765440218):1.284201474,t19:2.260745496):0.682753336,t26:2.943498832):0.7707868961):4.538469358):0.3117676373,((t44:3.690491221,(t41:2.956476567,(((t2:0.487279035,t38:0.487279035):1.37653179,(((t3:0.9667175098,t16:0.9667175098):0.005961608244,t15:0.972679118):0.4383043417,(t35:0.6347176939,(t24:0.2976425522,t31:0.2976425522):0.3370751417):0.7762657658):0.4528273653):0.05024600121,t43:1.914056826):1.04241974):0.7340146542):2.721288655,(((t1:0.2888796104,t18:0.2888796104):4.810715503,t21:5.099595113):1.144039812,(t20:2.158865726,(t46:1.61270239,t28:1.61270239):0.5461633362):4.084769199):0.1681449511):2.152742847):3.919927151;
10|0.0444842570158653|0.354543887190521|0.753880646661855|((t9:0.1105230536,t2:0.1105230536):38.71166554,(((t7:6.053665142,t8:6.053665142):6.990901302,(t3:11.40533891,t1:11.40533891):1.639227539):19.69694835,((t6:1.925837984,t10:1.925837984):5.298989442,(t5:1.535577671,t4:1.535577671):5.689249754):25.51668737):6.080673799):29.32440618;
11|0.583691376773641|0.0527342023164965|0.726687820162624|((t8:0.2106728204,t9:0.2106728204):4.981357076,(((t4:1.166982487,(t7:0.667452147,(t2:0.0006323005583,t5:0.0006323005583):0.6668198464):0.4995303404):1.862672202,(t10:1.631115585,(t3:1.549581023,t6:1.549581023):0.08153456151):1.398539104):0.413635335,(t1:0.3146830192,t11:0.3146830192):3.128607005):1.748739872):2.114760849;
38|1.90077686695848|0.349212565252092|0.503392185550183|((((t10:0.0567046993,t9:0.0567046993):0.4192141471,t23:0.4759188464):0.52387278,(((t13:0.4165866757,(t11:0.2474700904,(t32:0.1309560785,t30:0.1309560785):0.1165140119):0.1691165853):0.2594154531,((t29:0.06449041858,t34:0.06449041858):0.02190082431,(t1:0.0732355418,(t16:0.01347663582,t36:0.01347663582):0.05975890598):0.01315570109):0.5896108859):0.1346519196,((t6:0.2764176311,t26:0.2764176311):0.1895330095,t14:0.4659506406):0.3447034078):0.189137578):0.2624140215,((((t28:0.371561088,((t7:0.1818902572,t38:0.1818902572):0.0258058346,(t8:0.1460108326,t25:0.1460108326):0.06168525924):0.1638649962):0.2875901535,t33:0.6591512415):0.3231424337,(((t35:0.3523496611,((t37:0.001702353263,t5:0.001702353263):0.3211965682,t20:0.3228989215):0.0294507396):0.352053115,((t19:0.2397967839,t4:0.2397967839):0.4632641609,(t27:0.2179223751,t12:0.2179223751):0.4851385697):0.001341831299):0.1060389012,(t15:0.7216576892,(t22:0.2987251021,t18:0.2987251021):0.4229325871):0.08878398811):0.171851998):0.2291176379,((t17:0.2946705461,t31:0.2946705461):0.2603047613,((t24:0.161474342,(t3:0.06018877378,t21:0.06018877378):0.1012855682):0.1876245949,t2:0.3490989369):0.2058763705):0.6564360057):0.05079433487):0.04755973047;
20|1.7460435974435|0.128454286190681|0.590472336160019|((((t14:0.7488996066,(t8:0.5161004883,((t19:0.1440352729,t4:0.1440352729):0.3281602663,t20:0.4721955392):0.04390494903):0.2327991184):0.1963671135,(t15:0.11499985,t7:0.11499985):0.8302668702):1.247414834,((t17:0.9924922296,((t18:0.1219571684,t3:0.1219571684):0.2579794404,t6:0.3799366088):0.6125556208):0.01136024244,(t5:0.6335801729,t9:0.6335801729):0.3702722992):1.188829082):0.02079828322,((t12:1.288049935,(t11:0.09012679251,(t16:0.06155500151,t10:0.06155500151):0.028571791):1.197923142):0.01578019888,((t1:0.01243938766,t13:0.01243938766):1.035324144,t2:1.047763532):0.2560666018):0.9096497033):0.00570059902;
25|2.41269864098867|0.0167806094535626|0.619095859467052|(((t9:0.02281480481,t11:0.02281480481):0.6037227205,(((t10:0.03188744606,t20:0.03188744606):0.3348836033,((t5:0.2127979555,t4:0.2127979555):0.06319524654,t19:0.275993202):0.09077784736):0.1962794615,(t25:0.4516644827,((t2:0.03598943969,t12:0.03598943969):0.1193051836,t3:0.1552946233):0.2963698594):0.1113860282):0.06348701435):0.4782151631,(t6:0.9431231766,((((t24:0.0223490748,t13:0.0223490748):0.2014000182,t17:0.223749093):0.0857812551,(t16:0.275385395,t22:0.275385395):0.03414495313):0.6181763379,(t15:0.9274168361,((t23:0.6403385358,t7:0.6403385358):0.1514189185,((((t1:0.1023801191,t14:0.1023801191):0.05820072479,t8:0.1605808439):0.3045196027,t21:0.4651004466):0.2939341559,t18:0.7590346024):0.03272285185):0.1356593818):0.0002898499588):0.01541649058):0.1616295118):0.2503480904;
34|3.13313911757199|0.346892368379049|0.845731734414585|((((t20:0.09487544919,t24:0.09487544919):0.351185968,(t22:0.09008381694,t8:0.09008381694):0.3559776003):0.1478994294,((t26:0.1956616632,t34:0.1956616632):0.3216683228,t17:0.5173299861):0.07663086059):0.745649616,(((((t18:0.03424031077,t7:0.03424031077):0.04694841645,(t19:0.002633058678,t3:0.002633058678):0.07855566854):0.3286476864,(t5:0.1999367999,((t23:0.06310048122,t13:0.06310048122):0.05263957594,(t15:0.02312345532,t27:0.02312345532):0.09261660184):0.08419674271):0.2098996137):0.1414259779,((((t33:0.01430955487,t9:0.01430955487):0.05193762547,(t1:0.02586390408,t10:0.02586390408):0.04038327626):0.177552855,t16:0.2438000354):0.2220809687,t32:0.4658810041):0.08538138742):0.6289452008,(((t29:0.250651043,((t28:0.04176673386,t14:0.04176673386):0.006245728737,t12:0.0480124626):0.2026385804):0.02959496771,(t21:0.1175899474,t2:0.1175899474):0.1626560633):0.6370047456,(((t4:0.1369554735,t6:0.1369554735):0.2681196564,t31:0.4050751299):0.4418989508,((t30:0.1042985399,t25:0.1042985399):0.6630159549,t11:0.7673144948):0.07965958592):0.07027667565):0.2629568359):0.1594028705):0.2141573733;
40|3.8495650225319|0.458060041822027|0.967049831990153|((((((t3:0.06256390785,(t28:0.04595264402,(t23:0.03448451116,(t39:0.02771595785,(t30:0.01771177733,(t2:0.0006767553616,t32:0.0006767553616):0.01703502197):0.01000418052):0.006768553311):0.01146813286):0.01661126383):0.0743836536,(t40:0.05074800308,((t18:0.02954723078,t6:0.02954723078):0.001882509681,t33:0.03142974046):0.01931826262):0.08619955837):0.06290599084,(t31:0.05708592836,t13:0.05708592836):0.1427676239):0.1479570976,((((t9:0.0186152306,t19:0.0186152306):0.03563042977,(t8:0.0129035715,t29:0.0129035715):0.04134208887):0.1725759837,(t35:0.1250008155,(t5:0.09107716488,(t24:0.01939461447,t16:0.01939461447):0.0716825504):0.03392365059):0.1018208286):0.07457851644,(t37:0.004881169524,t17:0.004881169524):0.296518991):0.04641048938):0.02100043899,((t11:0.08670302258,((t10:0.06491930192,t27:0.06491930192):0.01738489702,(t21:0.01982623644,t22:0.01982623644):0.0624779625):0.00439882364):0.1576194152,(((t7:0.01225598208,t20:0.01225598208):0.04255420226,((t26:0.004743755503,t34:0.004743755503):0.04342062908,t14:0.04816438458):0.006645799758):0.1420085617,((((t12:0.05547882744,t4:0.05547882744):0.01525164714,(t38:0.002059929612,t15:0.002059929612):0.06867054497):0.05079584451,t1:0.1215263191):0.02335837802,t25:0.1448846971):0.05193404893):0.04750369171):0.1244886511):0.2708423084,t36:0.6396533973):0.4074618507;
19|0.843808472200762|0.10224389021052|0.975271748495288|((t12:2.219437208,(t14:0.9424961407,t17:0.9424961407):1.276941067):0.5149987472,(((t7:0.1548180322,(t11:0.1090063872,t10:0.1090063872):0.04581164496):1.562296295,t1:1.717114327):0.2998934605,(t2:1.853162171,(((((t6:0.05609223503,t18:0.05609223503):0.125509711,t9:0.181601946):0.3657970515,t4:0.5473989975):0.4438063339,t5:0.9912053314):0.8022443378,(((t3:0.2521074174,t19:0.2521074174):0.435947687,t8:0.6880551044):0.5630868071,((t13:0.3192625316,t15:0.3192625316):0.3881389811,t16:0.7074015127):0.5437403988):0.5423077578):0.05971250225):0.1638456162):0.7174281673):1.087319692;
37|0.0739337404118851|0.201024070591666|0.85504861746449|((((((t9:1.562901446,t25:1.562901446):10.2469052,(t16:7.032183758,t24:7.032183758):4.777622891):3.765811511,t10:15.57561816):21.21822294,(t21:8.550922421,t13:8.550922421):28.24291868):14.3405383,(((((t18:12.0727481,t37:12.0727481):6.05987025,((t20:4.269189737,t28:4.269189737):13.26579502,(((t6:5.952511409,t5:5.952511409):5.370900152,(t26:4.16316389,t35:4.16316389):7.160247671):3.159476462,t33:14.48288802):3.052096738):0.5976335911):7.506797386,(t32:19.04029426,t3:19.04029426):6.599121475):2.80797334,(((t34:1.865133433,t27:1.865133433):3.773285862,t8:5.638419296):17.09286557,((t29:0.7507999788,t7:0.7507999788):3.395557407,t22:4.146357385):18.58492748):5.716104214):2.025964548,((((t15:0.8539561087,(t14:0.534819573,t11:0.534819573):0.3191365357):7.112917491,t4:7.9668736):4.206969094,(t36:6.227495415,t2:6.227495415):5.946347278):3.335412913,t17:15.50925561):14.96409802):20.66102578):5.590002234,((t30:14.17748203,t19:14.17748203):12.47509132,((t23:7.70488873,t31:7.70488873):3.434774324,(t12:4.373597796,t1:4.373597796):6.766065258):15.5129103):30.07180829):2.664591744;
46|1.30051977686118|0.106157035250217|0.703264019219205|((((t29:0.2138180317,t10:0.2138180317):0.5316786692,t32:0.745496701):1.927085069,(t26:1.916017053,(((t1:0.1675018387,t12:0.1675018387):0.7423520938,t17:0.9098539325):0.1690160576,t41:1.07886999):0.8371470628):0.7565647176):1.368878477,(((t33:1.221950121,((t13:0.570690941,((t31:0.1077716123,t22:0.1077716123):0.3767177464,t2:0.4844893587):0.08620158235):0.6331922205,(((t45:0.6960541908,(t46:0.08990361815,t37:0.08990361815):0.6061505726):0.3561652192,((t34:0.6239079674,(t21:0.4706654752,t11:0.4706654752):0.1532424923):0.05807046991,t44:0.6819784373):0.3702409727):0.1390289005,((t9:0.1893675784,t5:0.1893675784):0.4106579052,(t20:0.444237458,(t14:0.3454527838,t30:0.3454527838):0.09878467415):0.1557880257):0.5912228269):0.012634851):0.01806695901):0.1517632532,(t25:0.07293135512,t8:0.07293135512):1.300782019):0.3379700485,(((((t19:0.2274165811,t43:0.2274165811):0.344111193,(t18:0.2290006654,t28:0.2290006654):0.3425271088):0.2730739798,(t35:0.2248505339,(t4:0.1640188664,t42:0.1640188664):0.06083166754):0.61975122):0.009892783235,t6:0.8544945372):0.4856486694,(((t3:0.46231131,t16:0.46231131):0.2269804717,((t40:0.2295163399,(t7:0.02134753069,t24:0.02134753069):0.2081688092):0.4145514181,(t27:0.1716100888,t15:0.1716100888):0.4724576693):0.04522402365):0.4632328655,(((t23:0.0362769001,t38:0.0362769001):0.4141133152,t36:0.4503902153):0.5306357628,t39:0.9810259781):0.171498669):0.1876185595):0.3715402156):2.329776826):0.05794067105;
50|0.995141281753313|0.420301365000196|0.850723983719945|((((((((t48:0.3135764836,(t19:0.08623728676,t37:0.08623728676):0.2273391969):1.42678588,((((t15:0.4190666733,t28:0.4190666733):0.6842162515,t12:1.103282925):0.1347197969,(t47:1.073626166,(t39:1.001426592,(t43:0.9067395859,(t45:0.5015694688,(t46:0.3605831332,t16:0.3605831332):0.1409863356):0.4051701171):0.09468700594):0.07219957419):0.1643765557):0.004179246337,(t44:0.8260294779,t8:0.8260294779):0.4161524902):0.4981803954):0.2509316553,(t3:0.2304581959,t13:0.2304581959):1.760835823):0.2462955282,(t14:1.979863496,((((t20:0.7765451899,t2:0.7765451899):0.1905780265,t36:0.9671232164):0.4887389097,(t32:0.7482170082,((t1:0.2564371688,(t42:0.1225675356,t33:0.1225675356):0.1338696332):0.4788391751,(t34:0.606872264,t18:0.606872264):0.1284040799):0.01294066429):0.7076451179):0.4341329843,t7:1.88999511):0.08986838521):0.2577260515):0.1569569341,t38:2.394546481):0.09314487015,((t9:0.970925398,(((t11:0.09569713358,t25:0.09569713358):0.3518561343,(t40:0.01378029241,t22:0.01378029241):0.4337729755):0.4066286278,t50:0.8541818957):0.1167435023):0.03820249013,t5:1.009127888):1.478563463):0.07973333893,((((t29:0.248126726,(t49:0.1930916135,t4:0.1930916135):0.05503511245):0.4455743543,t21:0.6937010803):0.5232148822,t41:1.216915963):0.8248020431,(((t30:0.02984915335,t35:0.02984915335):0.4825641557,(t17:0.4765524363,(t23:0.4168720155,t6:0.4168720155):0.05968042077):0.03586087281):1.49540115,t27:2.007814459):0.03390354661):0.5257066845):0.0792448096,((t24:0.05352596454,t26:0.05352596454):0.8751555686,(t31:0.5427865108,t10:0.5427865108):0.3858950223):1.717987967):0.55140103;
23|0.829772113861982|0.13403655404225|0.524848543223925|((t3:1.241267475,(((t10:0.0127360287,t17:0.0127360287):0.4656506702,t4:0.4783866989):0.3303668003,(t12:0.4862351166,t15:0.4862351166):0.3225183825):0.4325139759):3.213269775,((((t6:0.919734085,(t18:0.0033414538,t8:0.0033414538):0.9163926312):0.1796055655,t19:1.099339651):1.509047857,(t16:2.088801809,(t23:2.05873634,(t2:0.7512396716,(t21:0.009596862872,t11:0.009596862872):0.7416428087):1.307496668):0.0300654696):0.5195856976):1.757448698,((t20:0.4120333024,t13:0.4120333024):0.9639757354,(t7:1.365754474,(((t5:0.7567267625,t9:0.7567267625):0.2160232578,t14:0.9727500203):0.2597972191,(t1:0.1599278172,t22:0.1599278172):1.072619422):0.133207235):0.01025456351):2.989827167):0.08870104438):0.5656750704;
28|2.0112572436803|0.444237363084685|0.655171239282936|((((t14:0.4326823811,t12:0.4326823811):0.07575364022,t22:0.5084360213):0.09757663667,t1:0.606012658):0.5774068902,(((t28:0.1986667627,(t19:0.08033393503,t23:0.08033393503):0.1183328276):0.6999359324,((t11:0.1213403481,(t6:0.0676501268,t13:0.0676501268):0.05369022127):0.2250996648,((t24:0.1758586706,(t16:0.03059465088,t10:0.03059465088):0.1452640197):0.0320514029,t27:0.2079100735):0.1385299394):0.5521626823):0.2121606928,(((t26:0.1290811292,((t3:0.05867048359,t9:0.05867048359):0.05571043392,t2:0.1143809175):0.01470021167):0.03183130668,t5:0.1609124359):0.5171393987,(t4:0.5558504446,(((t7:0.04103241942,t20:0.04103241942):0.4441146694,(t8:0.2097980075,(t18:0.08394650572,(t15:0.08007474715,t17:0.08007474715):0.003871758573):0.1258515018):0.2753490813):0.0242186439,(t25:0.4183792348,t21:0.4183792348):0.09098649796):0.04648471189):0.1222013899):0.4327115534):0.07265616031):0.2236178833;
30|0.101287017916329|0.302571442939807|0.829122099210508|(((((t13:0.3896621158,t29:0.3896621158):9.299074585,((t11:4.242969328,t19:4.242969328):2.813372038,t26:7.056341367):2.632395334):7.259511263,(t14:8.567069801,(t16:8.341285449,(t28:5.847665185,(t27:4.360845985,((t9:1.194512645,t4:1.194512645):2.989557441,t2:4.184070086):0.1767758989):1.4868192):2.493620264):0.2257843517):8.381178163):2.321146338,(t12:3.88415367,((t22:3.003511522,(t7:2.453115522,(t5:1.443811941,t25:1.443811941):1.009303581):0.5503959997):0.1902986468,t10:3.193810168):0.6903435011):15.38524063):25.61220487,(t21:15.1972545,((((t30:0.9892289571,t18:0.9892289571):0.3682713008,(t3:1.321229848,(t23:0.5253866017,t8:0.5253866017):0.7958432463):0.03627040995):5.369910646,(t20:1.028077029,t15:1.028077029):5.699333875):1.953960216,((t1:0.3428263906,t6:0.3428263906):2.475301612,(t24:1.03267096,t17:1.03267096):1.785457043):5.863243117):6.515883375):29.68434468):23.5068308;
29|0.419368448730093|0.267592037504073|0.750180188799277|((t25:3.102005257,(t11:2.262957776,((t5:0.1402110981,t24:0.1402110981):1.867720142,((t2:1.564462529,t7:1.564462529):0.3348212854,(((t6:0.08189894475,t28:0.08189894475):0.2242221018,t1:0.3061210466):1.407496578,(t14:1.236250724,t9:1.236250724):0.4773668998):0.1856661899):0.1086474258):0.2550265361):0.8390474814):3.073480568,(((t12:1.901528043,(t16:1.564843785,t29:1.564843785):0.3366842576):2.960356303,(t10:3.924108474,(((t26:0.8914996817,(t4:0.1622613211,t19:0.1622613211):0.7292383607):0.1482841483,t23:1.03978383):0.6753744555,t17:1.715158285):2.208950188):0.9377758728):0.8554333939,(t3:3.739084186,((t21:1.141161883,(t22:0.8020944253,t15:0.8020944253):0.3390674581):2.387603086,((t13:1.587354094,(t27:0.08938580045,t20:0.08938580045):1.497968294):1.461538529,(t18:0.3707809267,t8:0.3707809267):2.678111696):0.4798723458):0.2103192167):1.978233555):0.4581680848):0.3358471859;
40|1.58266936670756|0.121919189484324|0.953888056566939|(((((t27:0.04635650077,t6:0.04635650077):0.8269188736,(((t34:0.0803719496,t37:0.0803719496):0.02378785641,(t7:0.03363331129,t22:0.03363331129):0.07052649472):0.5819232836,(t3:0.5068012369,(t24:0.4813099327,((t28:0.1487049199,t19:0.1487049199):0.04950258033,t18:0.1982075002):0.2831024325):0.02549130416):0.1792818527):0.1871922848):0.3309114184,((((t26:0.2846149039,(t8:0.2411773511,t32:0.2411773511):0.04343755274):0.4425097263,(t36:0.0752031012,((t17:0.03597260967,t25:0.03597260967):0.01193233314,t21:0.04790494281):0.02729815839):0.6519215289):0.03560781955,t12:0.7627324497):0.0131034638,(((t33:0.2086169735,t2:0.2086169735):0.1473764453,t40:0.3559934188):0.1046567146,t29:0.4606501334):0.3151857801):0.4283508793):1.125035326,((t15:0.5072521258,((t23:0.2047033472,t35:0.2047033472):0.2871582013,t16:0.4918615485):0.01539057734):1.3644108,(((t1:0.1314970485,t31:0.1314970485):0.7492439362,(t13:0.6398091574,t11:0.6398091574):0.2409318273):0.8631436959,((t4:0.1477655726,t10:0.1477655726):0.2952931964,(t14:0.3618300524,(t39:0.08828661225,t5:0.08828661225):0.2735434401):0.08122871656):1.300825912):0.1277782457):0.4575591928):0.1408117206,(((t30:0.1698749834,t20:0.1698749834):0.1327626603,t38:0.3026376437):2.066120644,t9:2.368758287):0.1012755524):0.8524415371;
49|0.633331257428508|0.100662384971511|0.789355937857181|(((((t15:1.41427559,(t44:0.2741940795,t23:0.2741940795):1.140081511):0.1771057813,((t6:0.1387879087,t24:0.1387879087):0.5087644683,t26:0.647552377):0.9438289944):2.694966357,((((t20:1.366711972,((t30:0.7751430647,(t16:0.2910825067,t8:0.2910825067):0.484060558):0.07766559566,t18:0.8528086604):0.5139033112):0.694207744,(t42:0.6276151517,t43:0.6276151517):1.433304564):0.1904550681,(t47:0.9234507279,(t34:0.6625780475,t39:0.6625780475):0.2608726803):1.327924056):0.5318262019,((((t4:0.8845558322,(t31:0.09207915112,t49:0.09207915112):0.7924766811):0.03943072644,(t2:0.7372376337,t45:0.7372376337):0.1867489249):0.3581886478,(t5:1.197155413,t14:1.197155413):0.08501979314):1.059340477,(t46:2.184281092,(t12:0.278645727,t11:0.278645727):1.905635365):0.1572345919):0.4416853019):1.503146743):0.0906112304,((((t48:0.1026907308,(t25:0.09751374846,t40:0.09751374846):0.005176982347):0.9010813212,((t37:0.5854095508,t10:0.5854095508):0.2608893051,t36:0.8462988559):0.1574731961):0.8437477792,(t29:0.7301326175,t35:0.7301326175):1.117387214):0.838655777,t28:2.686175608):1.690783351):4.280460801,(((t33:0.3559101607,t32:0.3559101607):0.6123971533,t9:0.968307314):1.267505686,((t17:1.673885363,((t27:0.5086482311,t1:0.5086482311):1.157184959,((((t7:0.3620746817,t41:0.3620746817):0.5375226559,(t22:0.1370449376,t3:0.1370449376):0.7625524001):0.4419508101,t38:1.341548148):0.04051234043,(t19:0.9208770385,t21:0.9208770385):0.4611834497):0.2837727016):0.008052173436):0.2650453682,t13:1.938930731):0.2968822683):6.42160676):0.9518550089;
27|2.34677728575421|0.324519396859687|0.907747579040006|((((t27:0.4028453166,t18:0.4028453166):0.1395780566,((((t22:0.3315865616,(t12:0.07638814569,t9:0.07638814569):0.2551984159):0.01389903622,(t6:0.0310869571,t25:0.0310869571):0.3143986407):0.05749123043,t5:0.4029768282):0.004015551914,((t3:0.1922622759,t16:0.1922622759):0.1982876892,((t4:0.05226906584,t24:0.05226906584):0.2855682196,((t10:0.1204244428,(t23:0.1113819652,(t19:0.06577004083,t13:0.06577004083):0.04561192438):0.009042477608):0.04648804587,t20:0.1669124887):0.1709247967):0.05271267968):0.01644241505):0.1354309931):0.4590628898,((t7:0.006622094105,t15:0.006622094105):0.5359986784,((t11:0.06819929622,t21:0.06819929622):0.08094789783,t2:0.1491471941):0.3934735785):0.4588654905):0.05520213367,(((t17:0.0661872571,t26:0.0661872571):0.2372074192,t8:0.3033946763):0.2246099352,(t14:0.3093477266,t1:0.3093477266):0.2186568848):0.5286837853):1.326762495;
26|0.413395185591653|0.357694082958624|0.9409918471938|(((((t21:0.5049021311,t25:0.5049021311):2.404333776,(t17:0.2652142671,t4:0.2652142671):2.64402164):2.88017733,((t13:2.627357328,t12:2.627357328):0.003663369572,(t9:0.08050766348,t3:0.08050766348):2.550513034):3.15839254):1.854172286,((t26:3.224930062,(t22:2.234809713,(t18:1.444941409,(((t7:1.018431211,t15:1.018431211):0.2751005263,(t10:0.7458356482,(t1:0.4021033937,t19:0.4021033937):0.3437322544):0.5476960895):0.1505616684,t16:1.444093406):0.000848002421):0.7898683049):0.9901203486):0.002015822288,t8:3.226945884):4.416639639):0.1742157728,(((t23:0.2976530014,t11:0.2976530014):1.072288902,t14:1.369941904):1.374408774,(((t24:0.6707966288,t5:0.6707966288):0.1766026218,t6:0.8473992506):0.4269590356,(t2:0.6050215893,t20:0.6050215893):0.6693366968):1.469992391):5.073450619):1.92647814;
49|1.64550281095319|0.341182245262899|0.789252623915672|(((t44:0.7712499848,(t30:0.09798520442,t33:0.09798520442):0.6732647804):0.7647449586,(t13:1.228654048,(((t46:0.6320417851,t9:0.6320417851):0.09724175008,(t34:0.2681238025,t21:0.2681238025):0.4611597326):0.2156988455,((t18:0.5775342913,(((t27:0.02495330442,t31:0.02495330442):0.1982730679,t22:0.2232263723):0.08313797542,(t12:0.3010695592,t17:0.3010695592):0.005294788542):0.2711699436):0.3413818165,(t23:0.3155162505,t35:0.3155162505):0.6033998573):0.02606627284):0.2836716676):0.3073408952):0.427381406,((((((t7:0.1992711891,t2:0.1992711891):0.03817233313,t25:0.2374435222):0.5159077263,((t19:0.272313951,(t20:0.1427640843,t38:0.1427640843):0.1295498667):0.0460813713,(t32:0.1395192893,t16:0.1395192893):0.1788760329):0.4349559263):0.157714103,((t8:0.7818948293,(t4:0.4501819975,(t39:0.1884757593,t28:0.1884757593):0.2617062381):0.3317128318):0.09476722323,((t36:0.3440087907,t10:0.3440087907):0.1400015266,(t26:0.4692939067,t42:0.4692939067):0.01471641068):0.3926517351):0.03440329899):0.01378095108,(((t47:0.03689181453,(t6:9.684926412e-05,t48:9.684926412e-05):0.03679496527):0.1999872195,(t41:0.05462078953,t1:0.05462078953):0.1822582445):0.3103139258,(t24:0.1983898053,t29:0.1983898053):0.3488031545):0.3776533427):0.9033284847,(((t43:0.2578658085,(t37:0.2047765272,(t40:0.1284136936,t15:0.1284136936):0.07636283357):0.05308928128):1.005939989,(t3:0.6788798264,(t11:0.6323536768,(t5:0.5201860829,(t45:0.2585604779,t14:0.2585604779):0.261625605):0.112167594):0.04652614955):0.5849259715):0.06277841618,t49:1.326584214):0.5015905732):0.1352015621):0.6664423705;
38|0.339982917590532|0.128948647133075|0.937890481785871|((((((t15:2.317089418,(t12:0.5585727629,t6:0.5585727629):1.758516655):2.198596186,t31:4.515685603):0.2604025106,((t8:3.602810349,((t9:0.9517356295,(t7:0.1797056649,t30:0.1797056649):0.7720299646):0.1692817238,t22:1.121017353):2.481792996):0.9272294304,(t32:1.13259175,(t25:0.222864138,t18:0.222864138):0.9097276116):3.39744803):0.2460483345):2.268241147,((((t2:2.332338794,(((t34:0.5054737088,t14:0.5054737088):0.06924220334,t17:0.5747159121):1.470209732,t20:2.044925644):0.2874131498):1.34533043,(t35:3.02585441,t3:3.02585441):0.6518148137):0.3708882538,(t13:1.870944535,(t38:0.5876470737,t36:0.5876470737):1.283297461):2.177612942):2.840573041,t27:6.889130518):0.1551987425):0.8291593827,(((t24:0.6282738569,t4:0.6282738569):1.59693862,(t33:0.7728204451,t21:0.7728204451):1.452392032):0.4073670185,(t26:1.159640001,t28:1.159640001):1.472939495):5.240909148):0.4959480538,(t11:5.904374404,(((t1:2.01819027,t23:2.01819027):2.14871189,t16:4.16690216):0.7419260933,((t29:2.003839309,(t19:0.7859940955,(t5:0.1048300642,t10:0.1048300642):0.6811640313):1.217845214):2.449580374,t37:4.453419684):0.4554085701):0.9955461502):2.465062293):0.8791062154;
37|0.257832331627142|0.114439055381808|0.913848525262438|(((t8:0.7957740193,t24:0.7957740193):3.569415226,t15:4.365189245):8.745938094,(((((t35:4.911525625,(t3:1.322624761,(t12:0.8501090366,t19:0.8501090366):0.4725157248):3.588900864):2.583683835,(t22:3.660583581,((t9:2.980271593,((t18:2.105044659,(t6:1.165114568,t2:1.165114568):0.939930091):0.469779349,t4:2.574824008):0.4054475847):0.07095867943,((t36:0.5925913872,t20:0.5925913872):2.184109139,t10:2.776700526):0.2745297459):0.6093533091):3.834625879):0.05070673917,(t29:0.6531472219,t37:0.6531472219):6.892768977):2.746950852,(((((t33:1.188814559,t11:1.188814559):1.0978167,(t31:1.850072008,(t7:0.9813415153,t16:0.9813415153):0.8687304928):0.436559251):1.652582178,t17:3.939213437):2.084559574,(t21:1.643283492,t14:1.643283492):4.380489519):0.3040679973,((t23:0.908195488,t27:0.908195488):4.901127951,((t28:0.4042201824,t1:0.4042201824):3.314631544,t32:3.718851726):2.090471713):0.5185175695):3.965026043):2.394257106,((t26:1.690479947,t5:1.690479947):8.175579358,((t34:3.144913459,(t13:2.315618786,t25:2.315618786):0.8292946732):4.792794915,t30:7.937708374):1.928350931):2.821064852):0.4240031825):1.48400773;
20|3.08440007615602|0.447623469580431|0.543013655813411|((((((t10:0.1921197054,t12:0.1921197054):0.01564285669,(t13:0.1239539811,t6:0.1239539811):0.0838085809):0.2376329252,t8:0.4453954873):0.0596528685,(((t1:0.2464318768,(t9:0.02033088869,t11:0.02033088869):0.2261009881):0.02102120736,(t2:0.1938550188,t5:0.1938550188):0.0735980653):0.2083720833,((t4:0.006876308618,t15:0.006876308618):0.0005430036094,t17:0.007419312227):0.4684058552):0.02922318838):0.1564994548,(t16:0.375681282,((t19:0.08749036168,t20:0.08749036168):0.05589462953,(t3:0.1259352597,(t14:0.09753918981,t18:0.09753918981):0.02839606991):0.01744973149):0.2322962908):0.2858665286):0.1505276026,t7:0.8120754131):0.0201863747;
37|3.08178214243846|0.21162634304259|0.657219088054262|(t34:1.343328048,((((((t13:0.02693261946,t6:0.02693261946):0.05277865424,t28:0.0797112737):0.9802306139,(t10:0.926305428,((t24:0.1122508864,((t26:0.07310917075,t9:0.07310917075):0.01843725777,t32:0.09154642852):0.02070445791):0.7172750968,(((t20:0.2089586279,t36:0.2089586279):0.1662413138,(t4:0.282406362,((t18:0.04787065527,t21:0.04787065527):0.2007628584,(t37:0.09457161304,(t16:0.08004559743,t15:0.08004559743):0.01452601561):0.1540619006):0.03377284833):0.09279357969):0.3363385013,((t23:0.146091093,t14:0.146091093):0.3631425201,t2:0.5092336131):0.2023048298):0.1179875402):0.0967794448):0.1336364596):0.007986092095,((t17:0.3611461864,t12:0.3611461864):0.4920959348,(t5:0.7449669847,(t7:0.2791327061,t19:0.2791327061):0.4658342786):0.1082751365):0.2146858585):0.09602167315,(t27:0.7926837408,((t33:0.1334338629,t3:0.1334338629):0.05380321357,t31:0.1872370764):0.6054466643):0.3712659121):0.05873775411,((((t22:0.1328094418,(t1:0.02718467408,t8:0.02718467408):0.1056247677):0.459555682,(t11:0.4873749166,t30:0.4873749166):0.1049902072):0.007190495806,(t25:0.003103297575,t35:0.003103297575):0.596452322):0.5483979064,t29:1.147953526):0.07473388095):0.1206406409):0.1193001517;
22|1.53339225181146|0.365456195669249|0.698969689197838|((((t9:0.3662432039,t4:0.3662432039):0.2773906129,((t13:0.2805766733,((t5:0.08842301391,(t6:0.03944496831,t22:0.03944496831):0.04897804561):0.1434660915,((t1:0.07722975762,t7:0.07722975762):0.143121088,t2:0.2203508456):0.01153825981):0.04868756793):0.2806019906,(t18:0.2077861295,t20:0.2077861295):0.3533925345):0.08245515279):0.7998612577,(t17:1.419621747,(t3:0.1170040405,t12:0.1170040405):1.302617706):0.02387332762):0.4962317349,(t21:0.7765084532,(((((t16:0.06572113893,t19:0.06572113893):0.1639240318,t10:0.2296451708):0.04583563972,(t8:0.1385207739,t15:0.1385207739):0.1369600366):0.04920874347,t14:0.3246895539):0.2649711627,t11:0.5896607167):0.1868477365):1.163218356):0.5859085809;
17|1.95347969002323|0.0167842693650164|0.572415832430124|((t7:0.4603138398,(((t15:0.2678536143,t2:0.2678536143):0.07387706393,(t13:0.119874029,t6:0.119874029):0.2218566492):0.009229894292,(t11:0.3319484096,(t14:0.03377415646,t8:0.03377415646):0.2981742531):0.01901216294):0.1093532673):0.5561822978,(((((t17:0.1449932411,t16:0.1449932411):0.05373557727,(t10:0.07628834166,t9:0.07628834166):0.1224404767):0.0643159673,t12:0.2630447857):0.2235958932,t1:0.4866406789):0.3733238604,((t5:0.7013940324,t3:0.7013940324):0.1419637355,t4:0.8433577679):0.01660677142):0.1565315983):0.6336318014;
24|0.996540564505849|0.23122800177196|0.834478578181006|(((((t20:0.7387767423,t18:0.7387767423):0.09532732347,(t16:0.3317496615,t11:0.3317496615):0.5023544043):0.6592499137,(t10:0.6423664574,(t1:0.456022073,t2:0.456022073):0.1863443843):0.850987522):0.1013933263,((t12:0.5566118426,t24:0.5566118426):0.6542407932,((t7:0.1408840656,t15:0.1408840656):0.8477030818,t14:0.9885871474):0.2222654884):0.3838946699):0.946198054,(((t22:0.08254171757,t8:0.08254171757):0.5357054209,(t6:0.2396051505,t4:0.2396051505):0.3786419879):1.256045282,(((t21:0.5277558808,t19:0.5277558808):0.6240716138,t5:1.151827495):0.1754080976,(((t9:0.2682597237,t3:0.2682597237):0.09392348929,t17:0.362183213):0.03622098567,(t23:0.2833958064,t13:0.2833958064):0.1150083923):0.9288313935):0.5470568279):0.6666529396):0.4787243344;
40|1.51410469391616|0.266406533543486|0.895810865098611|(((((t17:0.8725200717,((t40:0.04305204751,t26:0.04305204751):0.02894242052,t11:0.07199446803):0.8005256037):0.05818566114,(t13:0.3782835497,t30:0.3782835497):0.5524221831):0.03236916541,((t22:0.04821974766,t16:0.04821974766):0.7719812235,(t33:0.7324977929,(((t21:0.003033670995,t12:0.003033670995):0.1596017634,t8:0.1626354344):0.4230375103,(t28:0.5496338949,t5:0.5496338949):0.0360390498):0.1468248483):0.0877031782):0.1428739271):0.06084975523,(t10:0.1137661148,t15:0.1137661148):0.9101585387):1.546091897,((((t19:0.3395570872,((t31:0.1658572801,t3:0.1658572801):0.1128409565,t18:0.2786982366):0.06085885058):0.2724656686,t25:0.6120227558):0.7234986827,((t36:0.4285377581,(t9:0.1864140407,t29:0.1864140407):0.2421237174):0.7949487153,(t23:0.776194464,(((t6:0.03894717778,t32:0.03894717778):0.221088086,t38:0.2600352638):0.3036082147,(t2:0.4171386831,(t34:0.2537858535,t20:0.2537858535):0.1633528296):0.1465047954):0.2125509855):0.4472920095):0.1120349651):0.7261437428,((t7:0.5468285626,((t37:0.004821803784,t39:0.004821803784):0.2041632148,t24:0.2089850186):0.337843544):0.2263285892,((((t1:0.02012352008,t35:0.02012352008):0.3287037208,t27:0.3488272408):0.04981770644,t4:0.3986449473):0.11349133,t14:0.5121362773):0.2610208745):1.28850803):0.5083513689):0.3758127555;
17|0.133046782785095|0.316705379006453|0.948264929116704|((((((t4:0.9963010148,t14:0.9963010148):2.559682974,t7:3.555983988):3.838254854,((t11:2.054808865,t8:2.054808865):2.028692315,(t12:2.30132841,t17:2.30132841):1.78217277):3.310737662):0.8638204878,(t13:2.232918662,(t2:1.272711555,t6:1.272711555):0.9602071062):6.025140669):1.017033138,((t3:0.2468829852,t16:0.2468829852):3.00225028,t15:3.249133265):6.025959203):4.594133329,(((t1:0.8005000596,t5:0.8005000596):9.980501136,t9:10.7810012):1.394134106,t10:12.1751353):1.694090495):3.762940238;
16|0.742252930407412|0.187476994937751|0.807054862030782|((t3:3.233243415,(((t16:0.4382972921,t13:0.4382972921):0.3862015542,(t8:0.2443216573,t14:0.2443216573):0.580177189):1.761466587,(t7:0.8483832951,(t9:0.073899642,t12:0.073899642):0.7744836531):1.737582138):0.6472779812):1.174917642,(((((t2:0.1501195288,t1:0.1501195288):0.2782656483,t10:0.4283851771):0.6855379709,t5:1.113923148):0.3036618263,(t6:0.1638338333,t15:0.1638338333):1.253751141):0.1278098033,(t11:0.2860666426,t4:0.2860666426):1.259328135):2.862766279):1.930745522;
33|2.62285876957932|0.237636221509892|0.717532077105716|((t25:0.4944740641,(((((t13:0.1136263852,t22:0.1136263852):0.07149303163,t12:0.1851194168):0.1567873361,t15:0.3419067529):0.06194284396,(t20:0.3881968685,t11:0.3881968685):0.0156527284):0.05889011856,((t1:0.2380179778,(((t23:0.08866710306,t24:0.08866710306):0.05252179839,t31:0.1411889015):0.09264777392,((t17:0.06359338843,t27:0.06359338843):0.04834873626,(t5:0.07374008573,(t21:0.0006436399873,t9:0.0006436399873):0.07309644575):0.03820203896):0.1218945507):0.004181302463):0.1395839631,((t4:0.1763731854,t6:0.1763731854):0.1642501823,(((t10:0.01733064957,t16:0.01733064957):0.01335173632,t32:0.03068238589):0.02216341992,((t2:0.02408862378,t19:0.02408862378):0.02636392009,t26:0.05045254387):0.002393261941):0.2877775619):0.03697857322):0.08513777451):0.03173434872):0.3287586608,((((t29:0.443552464,t18:0.443552464):0.0875906619,t7:0.5311431259):0.09475479561,(t30:0.4234970291,t33:0.4234970291):0.2024008924):0.006329503143,((t3:0.1347066895,t14:0.1347066895):0.1169985872,(t28:0.0859015731,t8:0.0859015731):0.1658037036):0.3805221479):0.1910053003):0.0810321107;
17|3.32711207750719|0.0968130608927458|0.990925105637871|((((t16:0.1489920588,(t14:0.06512063887,t2:0.06512063887):0.08387141991):0.07776746767,t12:0.2267595264):0.1061945231,(t5:0.2733709078,t7:0.2733709078):0.05958314177):0.08863826948,((((t3:0.006600569674,t11:0.006600569674):0.1543314261,(t15:0.1429279199,t9:0.1429279199):0.01800407597):0.05136521759,((t4:0.05124188483,t1:0.05124188483):0.1153458074,(t6:0.1623200752,(t10:0.01893077519,t17:0.01893077519):0.1433893):0.004267617065):0.04570952118):0.02537486407,(t13:0.07578159404,t8:0.07578159404):0.1618904834):0.1839202415):0.1142689928;
39|2.07688235564856|0.331537336169276|0.90854160732124|((((((t8:0.2214044268,t26:0.2214044268):0.3840826345,((t35:0.0461123218,t1:0.0461123218):0.2211075004,(t20:0.01307846439,t32:0.01307846439):0.2541413578):0.3382672391):0.07006666011,((((t23:0.1855587449,t24:0.1855587449):0.03778121639,((t36:0.04504021922,t34:0.04504021922):0.01758109821,t22:0.06262131743):0.1607186438):0.2264605137,t19:0.449800475):0.112927746,t4:0.562728221):0.1128255004):0.220307135,((t18:0.1035611459,t7:0.1035611459):0.7005581591,((t16:0.3550706784,(t17:0.03723145793,(t30:0.03316197562,t12:0.03316197562):0.00406948231):0.3178392205):0.09557319341,t2:0.4506438718):0.3534754331):0.09174155151):0.2216439387,t11:1.117504795):0.09735797339,((((t39:0.2846729316,((((t29:0.00177278315,t13:0.00177278315):0.08483355627,(t37:0.0631533139,t28:0.0631533139):0.02345302552):0.05060962569,t25:0.1372159651):0.1093697065,(t31:0.09573981253,(t14:0.0729749342,t10:0.0729749342):0.02276487832):0.1508458591):0.03808725996):0.2650400682,(((t38:0.003888276465,t3:0.003888276465):0.008303243136,t27:0.0121915196):0.02739578456,t33:0.03958730416):0.5101256957):0.2519783214,t5:0.8016913212):0.04615334649,(t6:0.7878537306,(t9:0.1071628624,(t15:0.06189702508,t21:0.06189702508):0.04526583735):0.6806908681):0.05999093717):0.3670181008):0.488352843;
42|0.735704200840555|0.269107211183291|0.569848976214416|(((((t29:1.453711572,((t36:0.9348206149,t26:0.9348206149):0.007313963778,(((t2:0.3156135216,t37:0.3156135216):0.3704844744,(t39:0.666528987,((t12:0.5312099368,t28:0.5312099368):0.03699654344,t35:0.5682064802):0.09832250675):0.01956900906):0.1976320812,t19:0.8837300772):0.05840450147):0.5115769933):0.3645458022,(t31:0.5537998762,t24:0.5537998762):1.264457498):1.848622282,(t32:3.263797078,(((t15:2.106451182,(t42:1.465227477,((t21:1.039791093,(t5:0.7316475799,t6:0.7316475799):0.3081435134):0.1926359023,t10:1.232426996):0.232800481):0.6412237058):0.281624093,t13:2.388075275):0.05340976731,(t23:1.30709859,(((t3:0.2656192159,(t11:0.2094167343,t1:0.2094167343):0.05620248154):0.5190437666,t4:0.7846629824):0.343936188,t41:1.12859917):0.1784994194):1.134386453):0.8223120349):0.4030825786):1.531679407,((t40:1.455819712,((t20:0.9019056056,t18:0.9019056056):0.2559441116,(t9:0.266623778,(t14:0.04519950905,t16:0.04519950905):0.2214242689):0.8912259393):0.2979699952):1.412243147,((((t30:0.1023333485,t25:0.1023333485):0.4201197582,t22:0.5224531068):0.7356060868,(t7:0.2506152002,t27:0.2506152002):1.007443993):1.044919491,t34:2.302978685):0.5650841752):2.330496203):0.006885949033,(t38:3.11433632,(t17:2.181800916,(t8:0.974513161,t33:0.974513161):1.207287755):0.9325354044):2.091108692):1.574501616;
45|0.486112302974798|0.496001381995156|0.627856406616047|((((t27:1.063539904,(t4:0.5799129788,t7:0.5799129788):0.4836269256):2.749044372,(((t42:0.5263126041,(t30:0.3341672193,t24:0.3341672193):0.1921453848):0.7249110666,t35:1.251223671):1.307353402,((t20:0.3998808039,t39:0.3998808039):0.2918831098,t18:0.6917639137):1.866813159):1.254007203):0.5452612232,((t40:2.000437298,(t44:1.594343983,(t32:0.3611419767,(t25:0.1629400591,t33:0.1629400591):0.1982019176):1.233202006):0.4060933157):2.160949566,(t41:0.8836367946,t15:0.8836367946):3.27775007):0.1964586347):1.590690055,((t29:1.617946357,((t43:0.5805653812,t23:0.5805653812):0.7415797997,(t21:1.085893591,(t9:0.7681325174,(t31:0.5892177632,(t19:0.1503427691,t10:0.1503427691):0.4388749941):0.1789147542):0.3177610738):0.2362515898):0.2958011757):3.825015139,(((((t14:1.308117101,(t5:0.8458347585,(t6:0.3115801838,t22:0.3115801838):0.5342545748):0.4622823422):1.019088634,((t2:0.9752137451,t17:0.9752137451):0.3129782565,(t34:0.9148417052,t28:0.9148417052):0.3733502965):1.039013733):1.394673874,(((t3:0.5229948903,t16:0.5229948903):0.5629567191,t26:1.085951609):0.6747022445,t8:1.760653854):1.961225755):0.1138005838,((t45:0.5270371866,t12:0.5270371866):1.102738549,((t1:0.2104926382,t36:0.2104926382):0.1589809207,t38:0.3694735589):1.260302177):2.205904457):1.220660642,(t13:2.93167292,(t37:0.3542710788,t11:0.3542710788):2.577401842):2.124667914):0.386620661):0.5055740594):0.7111762176;
27|2.73776153433137|0.0817991646029986|0.541158720268868|((t13:0.6765482178,(t2:0.3928862413,t24:0.3928862413):0.2836619765):0.9941342663,(((((t3:0.4403865684,(t6:0.3927068872,t8:0.3927068872):0.04767968115):0.03338133798,(t5:0.180076192,(t21:0.117130214,t11:0.117130214):0.06294597803):0.2936917144):0.1351222464,(t15:0.3143560521,((t7:0.01453186827,t10:0.01453186827):0.1446001125,t26:0.1591319808):0.1552240714):0.2945341006):0.493866107,t12:1.10275626):0.1566823626,((((t1:0.1898746898,(t14:0.1686807983,t20:0.1686807983):0.02119389145):0.2285663321,t19:0.4184410218):0.5934513578,((t25:0.08271350472,t18:0.08271350472):0.6615917903,t23:0.744305295):0.2675870846):0.1621865322,((t17:0.277169323,t4:0.277169323):0.421627254,((t22:0.07159453532,t9:0.07159453532):0.1664773021,(t16:0.05253488674,t27:0.05253488674):0.1855369507):0.4607247396):0.4752823349):0.08535971056):0.4112438617):0.2797103069;
11|0.127864254484884|0.115756540449802|0.746679777512327|(((t5:2.200663591,t6:2.200663591):19.98079934,(t1:3.753775902,t11:3.753775902):18.42768703):5.082881189,((t2:8.744370882,t7:8.744370882):4.833810762,((t9:8.104758897,t10:8.104758897):4.437991905,(t8:7.591756362,(t3:1.842210683,t4:1.842210683):5.749545679):4.95099444):1.035430842):13.68616247):15.64419459;
24|3.73955575924134|0.279937676831614|0.796143337967806|(((t12:0.2124460398,t1:0.2124460398):0.1995960277,(t10:0.3032689716,(t18:0.2025954869,t23:0.2025954869):0.1006734847):0.1087730958):0.01197806867,(((t14:0.1764504361,(t20:0.04339583763,t11:0.04339583763):0.1330545985):0.01432643309,(((t24:0.00233502987,t7:0.00233502987):0.001082910863,t9:0.003417940732):0.02787753183,t15:0.03129547256):0.1594813967):0.1558035201,((t21:0.1325149904,t5:0.1325149904):0.03939776558,((t13:0.03928682031,t19:0.03928682031):0.1064868116,(((t2:0.09521073035,t16:0.09521073035):0.02666541929,(((t22:0.01819218713,t17:0.01819218713):0.003240287102,t8:0.02143247423):0.04995614194,t3:0.07138861616):0.05048753347):0.01179697608,(t6:0.1309071314,t4:0.1309071314):0.0027659943):0.01210050623):0.02613912403):0.1746676334):0.07743974677):0.07877397651;
33|3.68706501534907|0.257012245443184|0.894992146175355|(((t17:0.5126650171,((t21:0.1307132034,(t20:0.09259819819,t13:0.09259819819):0.03811500524):0.3669335118,((t27:0.3658990315,((t8:0.1503994373,(t12:0.07937058159,t7:0.07937058159):0.07102885576):0.1262253983,t10:0.2766248356):0.08927419584):0.05814999185,(t22:0.09713583667,(t14:0.08101160298,t28:0.08101160298):0.01612423369):0.3269131867):0.07359769188):0.01501830184):0.3699896718,((t33:0.03495889242,t32:0.03495889242):0.2292446797,t1:0.2642035722):0.6184511167):0.133775512,(((t3:0.02641369788,(t31:0.02472440516,t25:0.02472440516):0.001689292717):0.3686645349,((((t2:0.06834394633,(t4:0.01784370983,t9:0.01784370983):0.05050023649):0.1043388986,(t23:0.1104468873,t16:0.1104468873):0.06223595767):0.09865911647,((t30:0.07507029519,t26:0.07507029519):0.08004681563,t18:0.1551171108):0.1162248506):0.08305714817,(t5:0.2363026734,((t6:0.01670498018,t19:0.01670498018):0.01025327772,t24:0.0269582579):0.2093444155):0.1180964361):0.04067912322):0.1962624736,((t29:0.04500038516,t11:0.04500038516):0.127778777,t15:0.1727791622):0.4185615442):0.4250894946):0.02256838571;
16|3.44311133790994|0.335398540699389|0.83466234523803|(((t3:0.210913112,t8:0.210913112):0.0007615009614,(((t6:0.0100433061,t15:0.0100433061):0.06025921758,t4:0.07030252368):0.09198722173,t7:0.1622897454):0.04938486757):0.1799635423,(((t12:0.3155535186,(t2:0.2755554474,((t10:0.01452217663,t13:0.01452217663):0.1194918945,t5:0.1340140711):0.1415413763):0.03999807112):0.01208766868,t1:0.3276411872):0.04562710105,(t14:0.08426271095,((t16:0.07189077616,t11:0.07189077616):0.00359303946,t9:0.07548381562):0.008778895328):0.2890055773):0.01836986699):0.44959567;
34|2.54783269454027|0.378019496707711|0.842565111350268|(((t27:0.4455462236,t21:0.4455462236):0.1016543295,t34:0.5472005531):0.4314606339,((((((t18:0.1472225844,t23:0.1472225844):0.2735734244,t25:0.4207960088):0.08395361911,t7:0.504749628):0.09065495698,((((t33:0.03067087653,t15:0.03067087653):0.07851631238,t11:0.1091871889):0.1607870309,(t12:0.04986307678,t3:0.04986307678):0.2201111431):0.3183475984,(((t24:0.1000136037,t13:0.1000136037):0.2058660988,((t30:0.03580954911,t31:0.03580954911):0.2592970652,t14:0.2951066143):0.01077308817):0.2654829675,(t19:0.1873970627,t8:0.1873970627):0.3839656073):0.01695914834):0.007082766624):0.01911880398,((((((t4:0.1040638021,t16:0.1040638021):0.002976035206,(t17:0.07424726707,t32:0.07424726707):0.03279257021):0.03580843052,t2:0.1428482678):0.04896531732,(t6:0.1737505108,(((t29:0.0007722356069,t20:0.0007722356069):0.002729520273,t5:0.00350175588):0.0430056203,t9:0.04650737618):0.1272431346):0.0180630743):0.3011254242,(t28:0.2841968426,t1:0.2841968426):0.2087421668):0.1213030838,(t26:0.06029755115,t10:0.06029755115):0.553944542):0.0002812957673):0.01930843869,t22:0.6338318276):0.3448293594):0.1007499076;
42|0.802627586943563|0.0299734879354946|0.517204487347044|(((t15:0.1189415177,t4:0.1189415177):2.870955647,((t35:2.111939981,(t27:0.8473271742,t29:0.8473271742):1.264612807):0.788221163,(t34:0.02003655018,t36:0.02003655018):2.880124594):0.08973602077):0.2489884124,((((((t12:1.087446447,t28:1.087446447):1.194400046,(t40:2.273065826,(t2:0.9333703454,(t21:0.7208066636,t30:0.7208066636):0.2125636818):1.33969548):0.008780667443):0.2437893514,((t3:1.622992636,(t20:0.3311814095,(t14:0.3010100772,t11:0.3010100772):0.03017133222):1.291811227):0.537835597,(t17:0.5215170164,(t42:0.3619472279,t13:0.3619472279):0.1595697885):1.639311217):0.3648076111):0.01137063321,((((t1:0.4335761527,t38:0.4335761527):0.2949790841,t9:0.7285552368):0.886536724,t37:1.615091961):0.09715501864,t6:1.712246979):0.8247594982):0.2302308537,((t10:0.5752439119,t31:0.5752439119):1.649303728,(t8:1.934499999,(((t23:0.3911929441,t32:0.3911929441):0.9644196633,t19:1.355612607):0.2056340133,(t39:0.799764646,t25:0.799764646):0.7614819747):0.3732533782):0.2900476415):0.542689691):0.12611936,(t26:2.531359431,(((t18:0.4944315603,t16:0.4944315603):1.042624836,(t5:0.4113863864,t33:0.4113863864):1.12567001):0.5130475793,(t24:1.516104855,((t22:0.3948172539,t7:0.3948172539):0.04817684456,t41:0.4429940985):1.073110756):0.5339991207):0.4812554557):0.3619972601):0.3455288861):0.3755064644;
49|2.69797509362455|0.304779216984753|0.749368460499682|((((t38:0.6632059959,(((t4:0.2821909992,t47:0.2821909992):0.03770335555,t14:0.3198943547):0.1374306634,(t19:0.2694524821,(((t34:0.04839658351,t39:0.04839658351):0.02147908304,(t5:0.03047560802,(t35:0.005810542802,(t10:0.002679329001,t31:0.002679329001):0.003131213801):0.02466506522):0.03940005853):0.1800281979,(t11:0.1102716579,t17:0.1102716579):0.1396322065):0.01954861773):0.187872536):0.2058809777):0.02137773083,t46:0.6845837267):0.1589046751,((t13:0.5828699916,t7:0.5828699916):0.04810464264,(t12:0.1093938221,t28:0.1093938221):0.5215808122):0.2125137675):0.7657289375,(((t49:0.008342076329,t21:0.008342076329):0.6996903102,((((t37:0.3070764079,(t23:0.05300816174,t15:0.05300816174):0.2540682461):0.06267641329,t1:0.3697528212):0.03747853228,(t26:0.305803974,t9:0.305803974):0.1014273795):0.2991801265,(((t33:0.2430175526,t44:0.2430175526):0.2880195626,(((t42:0.1319081919,t27:0.1319081919):0.03424785319,t18:0.166156045):0.07499424337,t48:0.2411502884):0.2898868268):0.1442480858,(t29:0.2344182561,(((t3:0.0185683567,t25:0.0185683567):0.06970537973,(t30:0.06087189594,t8:0.06087189594):0.02740184049):0.0843678924,((t6:0.04057081917,t32:0.04057081917):0.129619663,t36:0.1701904822):0.002451146651):0.0617766273):0.4408669448):0.03112627902):0.001620906516):0.301228076,(t41:0.4755392104,((((t22:0.02645219568,t2:0.02645219568):0.008253688696,(t40:0.01730271828,t16:0.01730271828):0.0174031661):0.07648256071,(t24:0.02164369945,t43:0.02164369945):0.08954474564):0.3263489256,(t45:0.3281822993,t20:0.3281822993):0.1093550714):0.03800183973):0.5337212521):0.5999568767):0.4130675278;
47|3.29262931059813|0.169006368867122|0.520006693899632|(((((((t40:0.1054219338,t24:0.1054219338):0.03195727636,t19:0.1373792101):0.02293711472,t20:0.1603163248):0.08798443975,t3:0.2483007646):0.4796676082,(((t26:0.02597118232,t35:0.02597118232):0.1445459591,t44:0.1705171414):0.07892295214,t9:0.2494400935):0.4785282793):0.08150615745,((((t37:0.1549863157,(t31:0.1532407378,t4:0.1532407378):0.001745577844):0.2844823328,(t45:0.2927939247,t16:0.2927939247):0.1466747237):0.2996602288,(((t25:0.2322341358,t30:0.2322341358):0.311584627,t27:0.5438187629):0.1419304282,(t34:0.6249549006,(t41:0.3406269689,(t33:0.1997152281,t18:0.1997152281):0.1409117408):0.2843279317):0.06079429048):0.05337968617):0.01870749266,((t12:0.04205707986,t6:0.04205707986):0.03913965486,t43:0.08119673472):0.6766396351):0.05163816037):0.4293265587,(((((((t28:0.1764453952,(t2:0.1177882964,t29:0.1177882964):0.05865709882):0.002613485514,t38:0.1790588807):0.0490052699,t21:0.2280641506):0.2151021649,((t10:0.175058718,t22:0.175058718):0.09048273387,(t7:0.2087053008,t23:0.2087053008):0.05683615113):0.1776248636):0.1767814594,((((t5:0.1444415396,t14:0.1444415396):0.1017290574,t8:0.246170597):0.0220652757,t36:0.2682358727):0.2837593344,t39:0.5519952071):0.06795256777):0.1513355402,t11:0.7712833151):0.37570511,((((t47:0.07809356604,t17:0.07809356604):0.2397980068,(t32:0.241940677,t46:0.241940677):0.07595089591):0.1372144147,((t15:0.1172734948,t1:0.1172734948):0.02236205283,t42:0.1396355476):0.31547044):0.04757483112,t13:0.5026808187):0.6443076063):0.09181266388):0.3727453588;
27|2.77709547772305|0.208482134104706|0.741630416945554|(((((((t1:0.1596349072,t26:0.1596349072):0.0402639992,t16:0.1998989064):0.01868083757,t4:0.218579744):0.2758357377,(((t24:0.1674670896,t22:0.1674670896):0.02539565337,(t21:0.1861618944,(t9:0.1749007587,((t20:0.06272450622,t5:0.06272450622):0.02354420603,t10:0.08626871225):0.08863204648):0.01126113569):0.00670084849):0.06037805378,(t27:0.1158282778,t15:0.1158282778):0.1374125189):0.241174685):0.09344408914,(t2:0.3139789634,(t14:0.1197886503,t3:0.1197886503):0.194190313):0.2738806075):0.2295061177,(((t8:0.1759984691,t7:0.1759984691):0.2377195287,(t18:0.1970487542,t11:0.1970487542):0.2166692436):0.2971427123,((t23:0.09462527,(t13:0.07243146131,t19:0.07243146131):0.02219380869):0.08499381645,(t25:0.1262153786,t17:0.1262153786):0.05340370781):0.5312416237):0.1065049785):0.1753853141,(t6:0.02113022227,t12:0.02113022227):0.9716207803):0.04850355178;
43|3.3597906799498|0.397712350892834|0.828202898963355|(((((t31:0.01095243165,t11:0.01095243165):0.06032742151,t42:0.07127985317):0.03790809394,(t36:0.1004943108,t1:0.1004943108):0.008693636298):0.4138971831,((((t22:0.009780119319,t27:0.009780119319):0.01311472197,(t30:0.0116842222,t12:0.0116842222):0.01121061908):0.2928986406,((t26:0.04028915401,(t32:0.03355388432,t35:0.03355388432):0.006735269689):0.2615873896,t8:0.3018765436):0.01391693835):0.1462473519,t23:0.4620408338):0.06104429637):0.1987134401,((((t17:0.1072231215,t21:0.1072231215):0.1339068198,t24:0.2411299412):0.3336353407,(((t10:0.2828825435,(((t37:0.1590054934,t4:0.1590054934):0.02413594613,t13:0.1831414395):0.03432870903,((t34:0.1244391426,t43:0.1244391426):0.07732675634,t39:0.2017658989):0.01570424964):0.06541239497):0.06672475774,((t7:0.077171748,t20:0.077171748):0.04131103967,t16:0.1184827877):0.2311245136):0.1468953053,((t28:0.1949020672,(t3:0.1545252066,t41:0.1545252066):0.04037686064):0.0198331665,(t25:0.05821174128,(t5:0.05113815029,t2:0.05113815029):0.007073590986):0.1565234924):0.2817673728):0.07826267543):0.006799403156,(((t33:0.1409037338,t18:0.1409037338):0.1337742802,((t40:0.1122149317,t6:0.1122149317):0.07656989291,(((t15:0.06473823406,t29:0.06473823406):0.01624237774,t19:0.08098061179):0.09605910949,(t38:0.08837625385,t9:0.08837625385):0.08866346744):0.01174510334):0.08589318937):0.1817284681,t14:0.4564064821):0.125158203):0.1402338852):0.5662343901;
11|1.67658102568006|0.432622310307343|0.552650557481684|((t9:0.4694426054,t10:0.4694426054):2.264974192,(t8:0.9527713541,((((t5:0.2220278371,t2:0.2220278371):0.2894014516,t7:0.5114292887):0.1930339609,t4:0.7044632496):0.06672725638,(t6:0.6490794397,((t1:0.06744122683,t11:0.06744122683):0.3353598565,t3:0.4028010833):0.2462783564):0.1221110663):0.1815808481):1.781645444):1.120044852;
33|2.3287063759123|0.33803066059947|0.956465675961226|((t20:0.7945233937,(((t10:0.1813490149,t31:0.1813490149):0.2767431941,(((t11:0.02269558625,t30:0.02269558625):0.04084353392,t6:0.06353912017):0.2474329387,(((t9:0.08766680176,t26:0.08766680176):0.06538349255,t8:0.1530502943):0.08785782292,t22:0.2409081172):0.07006394161):0.1471201501):0.1759409216,((t17:0.4538430243,(t1:0.2506785484,(t16:0.1423205302,((t18:0.07589709619,t29:0.07589709619):0.04637733892,t19:0.1222744351):0.02004609505):0.1083580183):0.2031644758):0.07740705687,t27:0.5312500811):0.1027830494):0.1604902632):0.103916878,(((t7:0.1828531473,t4:0.1828531473):0.3939591872,(t3:0.4236786885,(t33:0.3761315829,t14:0.3761315829):0.04754710562):0.153133646):0.04533439995,((t21:0.3080787745,((t23:0.04063697254,t5:0.04063697254):0.03587219164,t12:0.07650916418):0.2315696104):0.1111593956,(((t13:0.1171889525,(t32:0.1102236015,t15:0.1102236015):0.006965350972):0.198653169,t28:0.3158421214):0.0105854267,((t24:0.1927943901,t25:0.1927943901):0.09073666198,t2:0.2835310521):0.04289649604):0.09281062208):0.2029085642):0.2762935373):0.02445111034;
43|0.591978328006808|0.133209215085953|0.779179782606661|(((((t34:0.08093388972,t5:0.08093388972):1.836758983,(t42:0.8245783363,(t10:0.2354360871,t30:0.2354360871):0.5891422492):1.093114537):2.311979366,(t16:1.281498835,(t22:1.250133738,((((t26:0.4106275276,t41:0.4106275276):0.2194699608,t7:0.6300974884):0.2154340176,t11:0.845531506):0.2467796258,t36:1.092311132):0.157822606):0.03136509778):2.948173404):0.1066721442,((((((t1:0.6998733229,(t28:0.1519480513,t25:0.1519480513):0.5479252716):1.36980618,((t40:1.308796892,t14:1.308796892):0.383472875,(t9:1.132874475,t2:1.132874475):0.5593952921):0.3774097365):0.3103434384,t13:2.380022942):0.735891934,(t31:1.085280822,(t4:0.7085783072,t8:0.7085783072):0.3767025144):2.030634054):0.1463335678,(t29:1.387522393,(t20:0.1898409756,(t17:0.1322683661,t35:0.1322683661):0.05757260946):1.197681417):1.87472605):0.7025980431,(((t12:1.186507086,((t23:0.05031639916,t19:0.05031639916):1.013466554,(t24:0.8863065914,t32:0.8863065914):0.1774763614):0.1227241332):0.7328871012,(t6:1.771645031,(t33:0.546154535,t37:0.546154535):1.225490496):0.1477491565):0.2351553585,((t15:0.2799538501,t21:0.2799538501):0.2583183833,t18:0.5382722334):1.616277312):1.810296941):0.3714978967):0.2602046195,((t27:1.740036795,(t43:1.075562847,t38:1.075562847):0.6644739475):1.069891192,(t3:2.511824318,t39:2.511824318):0.2981036691):1.786621016):1.760151577;
21|3.97983948569978|0.138791271077935|0.862313766730949|(((((t14:0.1965164233,t9:0.1965164233):0.02361923311,t16:0.2201356564):0.07987348711,t18:0.3000091435):0.2425335297,(((t1:0.2101757488,t2:0.2101757488):0.006553604273,t5:0.216729353):0.057108044,(((t10:0.1552720266,t13:0.1552720266):0.02366868361,(t20:0.0839979038,(t8:0.07905623238,t21:0.07905623238):0.004941671423):0.09494280643):0.04460246364,(((t15:0.1117627628,t12:0.1117627628):0.01052671479,t7:0.1222894776):0.05036986502,(t11:0.03138808464,t17:0.03138808464):0.141271258):0.05088383121):0.05029422318):0.2687052762):0.2106855673,((t3:0.01212026822,t19:0.01212026822):0.263777345,(t4:0.1882455955,t6:0.1882455955):0.08765201771):0.4773306273):0.156786251;
45|1.73788684011204|0.0680184742226265|0.569064334849827|(((((t35:0.3086323692,t37:0.3086323692):0.196247464,t19:0.5048798333):0.7879364905,((t42:0.04897883178,t22:0.04897883178):0.513813455,(t16:0.328682247,t6:0.328682247):0.2341100397):0.730024037):0.5771589029,(t17:1.853478368,(t36:1.4470085,(t10:1.051437077,(t23:0.6552268457,t31:0.6552268457):0.3962102314):0.3955714231):0.4064698677):0.01649685883):1.010852287,(((t13:0.841965633,(t29:0.6186859245,(t41:0.3588783103,t43:0.3588783103):0.2598076141):0.2232797086):1.0471492,(((((t18:0.05443226189,t34:0.05443226189):0.1215630211,(t11:0.1274663305,t32:0.1274663305):0.04852895247):0.7823936901,(t24:0.7647125758,t3:0.7647125758):0.1936763973):0.006937241143,((t4:0.2597363555,t33:0.2597363555):0.2681374208,(t45:0.2988154632,t8:0.2988154632):0.2290583131):0.437452438):0.2496181619,((t28:0.4006981919,(t21:0.175785199,t25:0.175785199):0.2249129929):0.8131099256,((((t27:0.3541851077,t7:0.3541851077):0.2700315715,(t20:0.1018102092,t5:0.1018102092):0.5224064699):0.2713380748,(t39:0.25211225,t2:0.25211225):0.6434425039):0.1192185237,((t15:0.7292557697,t1:0.7292557697):0.006495073913,t30:0.7357508436):0.2790224341):0.1990348399):0.001136258596):0.6741704569):0.2319719819,(((t14:0.7787025064,t38:0.7787025064):0.4417713176,(t40:0.9256951184,t26:0.9256951184):0.2947787056):0.1106448452,(t12:0.1580332649,(t9:0.07811339489,t44:0.07811339489):0.07991986999):1.173085404):0.7899681457):0.759740699):0.6993409005;
42|2.37804221718106|0.397031840328127|0.587727290694602|(((((((t22:0.2117839013,(t23:0.04439208405,(t24:0.01791916987,t35:0.01791916987):0.02647291417):0.1673918173):0.150447118,(t36:0.3278078978,(t11:0.114042856,t1:0.114042856):0.2137650418):0.03442312153):0.05647394404,(t2:0.2066290125,t30:0.2066290125):0.2120759509):0.02125836739,t13:0.4399633308):0.3055405675,((t32:0.01049873904,t33:0.01049873904):0.384168488,t41:0.394667227):0.3508366713):0.1920596535,(t7:0.7994927469,((t12:0.414592467,((t18:0.05597430663,t19:0.05597430663):0.1061433473,t8:0.1621176539):0.2524748131):0.3522415146,(((((t4:0.06230691745,t25:0.06230691745):0.09243052317,t29:0.1547374406):0.1664031443,t5:0.3211405849):0.1127471443,(t15:0.08611630914,t26:0.08611630914):0.34777142):0.312816451,((t16:0.004308400488,t17:0.004308400488):0.7173790295,(t20:0.08458437596,t42:0.08458437596):0.637103054):0.02501675021):0.02012980148):0.03265876522):0.1380708049):1.007234734,((((t38:0.5831727266,t34:0.5831727266):0.07255009736,(t3:0.5839762955,(t6:0.4146089258,t27:0.4146089258):0.1693673697):0.07174652848):0.07273285552,(((t9:0.1312054217,(t31:0.05620380961,t14:0.05620380961):0.07500161209):0.1013895258,(t10:0.1958120777,t21:0.1958120777):0.03678286986):0.2927993374,t37:0.5253942849):0.2030613945):0.1567561879,(t39:0.315255908,(t28:0.2117820859,t40:0.2117820859):0.1034738221):0.5699559593):1.059586418):0.3029594537;
14|3.8570583274588|0.248214552230202|0.752188427490182|((((t8:0.2096670251,(t2:0.108839168,t3:0.108839168):0.1008278571):0.214745378,t9:0.4244124032):0.1109688592,((t10:0.1082106446,t5:0.1082106446):0.3893931702,((t14:0.03026530415,t4:0.03026530415):0.3844252758,(t11:0.1742614514,(t13:0.02708916462,t12:0.02708916462):0.1471722868):0.2404291285):0.08291323494):0.03777744751):0.03451327077,((t6:0.05008916633,t1:0.05008916633):0.326197181,t7:0.3762863474):0.1936081858):0.01122044198;
41|2.37341953334166|0.322758494238369|0.885521222255193|((((((t4:0.263447809,t26:0.263447809):0.01502803266,(t12:0.2781143788,(t8:0.256827197,(t36:0.1936657124,t13:0.1936657124):0.06316148461):0.02128718182):0.0003614629183):0.530311749,((((t27:0.1071040733,t19:0.1071040733):0.1818387161,t37:0.2889427893):0.2895250903,((((t16:0.08922979902,t10:0.08922979902):0.001925325217,(t34:0.002759730008,t22:0.002759730008):0.08839539422):0.07192369861,((t41:0.1230744025,t5:0.1230744025):0.009508769612,t21:0.1325831721):0.03049565073):0.1308840096,t14:0.2939628325):0.2845050471):0.2035087552,(t18:0.2491476478,t2:0.2491476478):0.532828987):0.02681095598):0.21381001,(t7:0.9327747053,((((t9:0.01969946049,t29:0.01969946049):0.2239545875,t32:0.243654048):0.06611652743,((t30:0.1018319085,t6:0.1018319085):0.1327063047,(t23:0.01470763002,t39:0.01470763002):0.2198305832):0.07523236225):0.3410334649,((t24:0.3486317328,(t3:0.3148868143,t28:0.3148868143):0.0337449185):0.1191941071,(((t15:0.0690602961,t38:0.0690602961):0.09291003651,(t35:0.133389753,t1:0.133389753):0.02858057961):0.255322845,(t20:0.1714534008,t31:0.1714534008):0.2458397768):0.05053266236):0.1829782004):0.281970665):0.0898228954):0.05410115398,(t25:0.1321586016,t11:0.1321586016):0.9445401531):0.06351207412,((t40:0.09321356573,t33:0.09321356573):0.002474910391,t17:0.09568847612):1.044522353):0.3289329186;
21|2.93375989685999|0.179709535995498|0.570058378973044|((t20:0.3611784426,(t12:0.3559923302,(((t4:0.2621102063,t3:0.2621102063):0.05483240709,(t8:0.1122663025,t1:0.1122663025):0.2046763109):0.02528635933,(((t11:0.01537004148,t6:0.01537004148):0.3128854749,t19:0.3282555164):0.008781512803,t5:0.3370370292):0.005191943509):0.01376335746):0.005186112409):0.7413808696,(((t2:0.1465656094,t7:0.1465656094):0.4088257953,((t13:0.275547188,t10:0.275547188):0.04325148582,t21:0.3187986739):0.2365927309):0.2444434693,((t18:0.4303026373,(t15:0.3368197215,t14:0.3368197215):0.09348291577):0.2933873484,(t9:0.1538368101,(t17:0.02076529371,t16:0.02076529371):0.1330715164):0.5698531756):0.07614488833):0.3027244381):0.1179690531;
28|1.4961408265098|0.147603331725113|0.909859115607105|((((t9:0.1014208928,t21:0.1014208928):0.3217224182,(t23:0.150342333,(t26:0.1459172516,t5:0.1459172516):0.004425081361):0.272800978):0.9038363872,(((t25:0.1249445576,(t2:0.07166444965,(t8:0.01957916172,t6:0.01957916172):0.05208528794):0.05328010792):0.009672682655,t11:0.1346172402):0.8745300779,(((t20:0.06698942825,t12:0.06698942825):0.09529657661,t15:0.1622860049):0.01209381714,t7:0.174379822):0.8347674961):0.3178323801):0.6226032018,(((t24:0.06461956086,t19:0.06461956086):0.2244934285,t4:0.2891129893):1.115827611,((t13:0.4483854503,(t28:0.2679125063,t16:0.2679125063):0.180472944):0.8947097759,(t17:0.9872564458,((((t14:0.01525330519,t27:0.01525330519):0.3461447753,t18:0.3613980805):0.04731501919,(t3:0.4079929472,(t10:0.01425306484,t22:0.01425306484):0.3937398823):0.0007201525052):0.1045890418,t1:0.5133021415):0.4739543043):0.3558387804):0.06184537429):0.5446422995):0.133970259;
46|0.959231454234105|0.486061840560287|0.62047270021867|(((((((t23:0.08413630856,t26:0.08413630856):0.1684449534,t44:0.252581262):0.3441950602,t4:0.5967763222):0.9252457879,t43:1.52202211):0.197939113,t45:1.719961223):1.346738745,((((t38:0.09319631828,t12:0.09319631828):1.021497598,((((t41:0.1028087332,t33:0.1028087332):0.232436468,t24:0.3352452012):0.4001720689,(t5:0.5099109858,t27:0.5099109858):0.2255062843):0.04580806805,t30:0.7812253382):0.333468578):0.4678400216,(((t9:0.05140768489,t11:0.05140768489):0.0342985126,t22:0.08570619749):0.5742100364,((t46:0.06201172481,t34:0.06201172481):0.2644583438,t15:0.3264700686):0.3334461653):0.9226177039):1.361457486,((t16:0.4233151477,(t21:0.04997251284,t29:0.04997251284):0.3733426349):1.805487433,t42:2.22880258):0.7151888432):0.1227085448):2.004971389,((((t36:0.7252248921,t13:0.7252248921):0.8656027379,((t35:0.7506098401,t25:0.7506098401):0.5319780368,t39:1.282587877):0.3082397531):0.6365806159,((t32:0.5906190705,((t7:0.1710573041,(t37:0.0165012036,t14:0.0165012036):0.1545561005):0.2346611457,(t3:0.3131106415,t20:0.3131106415):0.09260780832):0.1849006207):0.06187766305,(t17:0.1671852369,t8:0.1671852369):0.4853114967):1.574911512):0.9747996017,((((t18:0.4060520857,t31:0.4060520857):0.8708383464,t1:1.276890432):1.087162311,(t2:0.5829960944,(t10:0.2754830871,(t40:0.06359645465,t6:0.06359645465):0.2118866325):0.3075130072):1.781056649):0.102406129,(t19:1.763642151,t28:1.763642151):0.7028167215):0.7357489754):1.86946351):0.1313803061;
38|3.66138940394856|0.362141677406617|0.748089908040129|((t36:0.3050068833,((((((t6:0.0813092837,t2:0.0813092837):0.04039458165,t26:0.1217038654):0.001411161125,t21:0.1231150265):0.03890061404,t7:0.1620156405):0.04002583071,t35:0.2020414712):0.07845882984,((t20:0.08759435603,t23:0.08759435603):0.07402646878,((t14:0.02508863227,(t33:0.02099714859,t34:0.02099714859):0.004091483685):0.01052476165,t11:0.03561339392):0.1260074309):0.1188794763):0.02450658228):0.496176412,(((t25:0.01288292194,t22:0.01288292194):0.1966111962,((t16:0.09064750159,t19:0.09064750159):0.1112296847,(t12:0.1844890271,t1:0.1844890271):0.01738815918):0.007616931843):0.3902746503,(((t4:0.236351833,t28:0.236351833):0.1950781742,(t5:0.2895771081,((t15:0.1275158848,(t10:0.0517377794,(t3:0.008305782791,t17:0.008305782791):0.04343199661):0.07577810542):0.1230868394,(((t31:0.1009303329,t29:0.1009303329):0.0222957888,(t13:0.06485444525,t18:0.06485444525):0.05837167646):0.05578329911,((t24:0.1447503497,((t27:0.09700825343,t8:0.09700825343):0.01543565732,t30:0.1124439107):0.03230643896):0.03187148277,(t38:0.006217508539,(t32:0.005009363705,t9:0.005009363705):0.001208144835):0.1704043239):0.002387588352):0.07159330344):0.0389743838):0.1418528991):0.06529072398,t37:0.4967207312):0.1030480373):0.2014145269):0.3479288205;
34|0.33525322847534|0.314746444371995|0.943026804132387|(((t34:3.915049769,(((t25:0.2875274593,t1:0.2875274593):2.437027233,t9:2.724554692):0.8655485325,(t2:2.554951028,t26:2.554951028):1.035152196):0.3249465446):3.147987266,(t23:5.171944426,((((t20:1.029149317,t5:1.029149317):0.2534087193,(t28:1.269616925,t8:1.269616925):0.01294111076):0.6946996954,(t32:0.7209099666,(t18:0.5924100768,t33:0.5924100768):0.1284998898):1.256347765):2.751110726,t16:4.728368458):0.4435759674):1.891092609):1.305026601,((((t30:2.780513828,t4:2.780513828):2.30561047,(t6:0.8693584744,t11:0.8693584744):4.216765824):0.2861947072,((t29:0.3137179554,t7:0.3137179554):0.7786502949,(t27:0.8485220455,(t13:0.1691067333,t19:0.1691067333):0.6794153123):0.2438462047):4.279950756):2.601900078,(t10:6.043935397,((t17:0.06792639536,t21:0.06792639536):5.658054942,(((t3:0.4504073273,(t31:0.08765737057,t14:0.08765737057):0.3627499567):0.07911355015,(t22:0.04767549625,t15:0.04767549625):0.4818453811):1.532526675,(t12:0.5522828474,t24:0.5522828474):1.509764705):3.663933785):0.3179540591):1.930283687):0.3938445522):7.613282061;
11|1.30301698777359|0.316827735961415|0.532451670849696|(((((t6:0.3429478393,t1:0.3429478393):0.5902603391,t7:0.9332081785):0.4554122897,(((t4:1.233475255,t5:1.233475255):0.1341165248,(t9:0.9204429195,(t2:0.1139902691,t10:0.1139902691):0.8064526504):0.4471488602):0.004278529074,t8:1.371870309):0.01675015939):0.894060391,t11:2.282680859):0.003823942265,t3:2.286504801):1.435908126;
18|0.463837657838594|0.181384675642475|0.854915010393597|(((t4:0.617582712,t15:0.617582712):3.188495101,(t10:1.583346544,(t1:1.146372757,(t3:0.6408301145,t7:0.6408301145):0.5055426421):0.4369737878):2.222731268):0.4650609498,((t18:2.225163018,(t17:0.8596199656,(t16:0.6614630493,t9:0.6614630493):0.1981569163):1.365543052):1.46331167,(((t13:2.35215309,(t5:0.09456043889,t14:0.09456043889):2.257592651):0.05864486871,((t6:0.2411451372,t8:0.2411451372):1.082343768,(t12:0.4672948388,t2:0.4672948388):0.8561940665):1.087309053):1.096775273,t11:3.507573232):0.1809014552):0.582664075):0.2212407428;
19|0.163060904252343|0.134322665452491|0.835067935637198|((((t13:1.946337996,t16:1.946337996):6.575405515,(t4:1.732344048,t14:1.732344048):6.789399463):1.044145393,(t10:6.183124699,t2:6.183124699):3.382764205):2.844680219,((t5:5.837722608,(((t8:0.02441631344,t19:0.02441631344):1.444249238,t1:1.468665552):0.6187251198,t17:2.087390672):3.750331936):2.111674611,(t6:5.441808201,(t15:4.486636292,((t18:0.1515191957,t11:0.1515191957):1.824698307,(t7:1.652153609,((t3:0.1589080657,t9:0.1589080657):0.5105643166,t12:0.6694723823):0.982681227):0.3240638938):2.510418789):0.9551719084):2.507589018):4.461171904):1.196174685;
43|2.29217005416751|0.222361807976849|0.829639157280326|((((((t19:0.2061848129,((t42:0.01001741301,t14:0.01001741301):0.02070756386,t28:0.03072497687):0.175459836):0.2113016609,(t41:0.330580896,t34:0.330580896):0.08690557782):0.3212766149,(((t23:0.1081119799,t22:0.1081119799):0.202209405,t15:0.3103213848):0.1190331248,t24:0.4293545096):0.3094085791):0.1004251597,((t38:0.4020674482,t43:0.4020674482):0.1573190584,((t20:0.003244615006,t3:0.003244615006):0.4270489565,((((t10:0.1912334892,t18:0.1912334892):0.04061328019,t21:0.2318467694):0.1437842312,(t39:0.02616252871,t32:0.02616252871):0.3494684719):0.02504205703,(t36:0.282242694,t33:0.282242694):0.1184303636):0.02962051384):0.1290929351):0.2798017418):0.3736011931,((((t16:0.4643626279,(((t30:0.05855427115,t6:0.05855427115):0.2524693903,t31:0.3110236614):0.02455958001,(t40:0.0722837111,t12:0.0722837111):0.2632995304):0.1287793864):0.009356123963,t35:0.4737187518):0.04853362516,t4:0.522252377):0.6301263334,((((t9:0.1804533015,((t29:0.0421321562,t13:0.0421321562):0.06914064049,(t7:0.1001650304,(t11:0.0996259048,t26:0.0996259048):0.0005391255812):0.01110776632):0.06918050479):0.01644406241,t1:0.1968973639):0.6282989295,t5:0.8251962934):0.06340415302,(t17:0.5418473001,(t2:0.3027858163,(t37:0.0691581284,t8:0.0691581284):0.2336276879):0.2390614837):0.3467531464):0.2637782639):0.06041073115):0.1365245482,(t25:0.06795521081,t27:0.06795521081):1.281358779):0.2157302522;
32|3.58305721110199|0.204668531697243|0.847336025559343|(((t16:0.5695261885,((t25:0.4691330249,(((((t32:0.05047651493,t6:0.05047651493):0.03174540425,(t24:0.04612701523,t31:0.04612701523):0.03609490395):0.001082288721,(t15:0.02352240395,t18:0.02352240395):0.05978180395):0.2599790773,(t28:0.3091862784,t11:0.3091862784):0.03409700688):0.003229633036,t29:0.3465129183):0.1226201067):0.02034545349,t20:0.4894784784):0.08004771007):0.3015455463,((((t10:0.1353622908,t27:0.1353622908):0.585898544,((t2:0.07485957761,t1:0.07485957761):0.02870731765,(t3:0.02409412003,t13:0.02409412003):0.07947277523):0.6176939395):0.02972680771,((((t23:0.1628297915,t5:0.1628297915):0.007960660634,t9:0.1707904521):0.1246508302,t26:0.2954412823):0.2825275425,(t19:0.3811186307,(t14:0.09198384008,t17:0.09198384008):0.2891347906):0.1968501941):0.1730188177):0.03390909756,((((t7:0.07467362265,t21:0.07467362265):0.07867113166,t8:0.1533447543):0.05482134588,t22:0.2081661002):0.01702625591,(t12:0.01786655335,t4:0.01786655335):0.2073258027):0.559704384):0.08617499477):0.1748499282,t30:1.045921663):0.5341052784;
23|0.484995163213462|0.465634092811961|0.910169731592759|(((((t3:0.03572162304,t9:0.03572162304):1.437896409,((t15:1.13327743,(((t17:0.1964272176,t5:0.1964272176):0.8876003172,(t20:0.8061309852,((t7:0.08138792543,t11:0.08138792543):0.05696075937,t19:0.1383486848):0.6677823004):0.2778965496):0.01186465543,t18:1.09589219):0.0373852401):0.02621236422,((t8:0.271313772,t16:0.271313772):0.4093727772,t10:0.6806865492):0.4788032454):0.3141282379):0.4672772526,((t13:0.1188577357,t23:0.1188577357):0.5766874528,(t21:0.06656834794,t22:0.06656834794):0.6289768406):1.245350097):0.763527538,((t12:1.223931843,t6:1.223931843):0.9164575679,(t1:0.4768147399,t14:0.4768147399):1.663574671):0.564033412):1.624102497,(t2:3.058090189,t4:3.058090189):1.270435131):2.645724932;
50|1.56886420159834|0.44598158435896|0.864111210335977|(((t26:0.3397961812,(t33:0.008075390349,t27:0.008075390349):0.3317207909):0.2645062873,t18:0.6043024685):1.722526487,(((((t38:1.154244199,((t7:0.3427327318,((t30:0.2443861856,t37:0.2443861856):0.08413857725,(t15:0.08930154062,t32:0.08930154062):0.2392232223):0.01420796892):0.3833063216,(t9:0.1976925574,t42:0.1976925574):0.528346496):0.4282051456):0.1099386442,((t36:0.2649266158,t31:0.2649266158):0.08957552987,(t13:0.1516249697,t40:0.1516249697):0.202877176):0.9096806975):0.1505658489,(((t29:0.7141530741,((t14:0.06117208531,t5:0.06117208531):0.1328705108,(t48:0.01269034939,t4:0.01269034939):0.1813522468):0.5201104779):0.05716776452,t49:0.7713208386):0.190420287,((t12:0.4015527684,(t22:0.2687863296,(t34:0.135888878,t47:0.135888878):0.1328974515):0.1327664389):0.01659881225,(t21:0.1789207126,(t41:0.01990729523,t23:0.01990729523):0.1590134174):0.2392308681):0.5435895449):0.4530075664):0.02585437794,(((t43:0.0183535058,t46:0.0183535058):0.6507201246,t6:0.6690736304):0.2842101802,(((t39:0.1446066013,t10:0.1446066013):0.3113715788,t19:0.4559781801):0.08324397525,(t45:0.3717343348,t28:0.3717343348):0.1674878205):0.4140616553):0.4873192594):0.3588435045,((t35:0.3858815422,((t17:0.1931467829,t24:0.1931467829):0.04887379922,t11:0.2420205821):0.1438609601):1.251465072,((t25:1.459191176,(t3:0.6720009302,t20:0.6720009302):0.7871902457):0.1635577156,(t44:0.5388417814,((t1:0.3341363796,(t2:0.3088229059,t50:0.3088229059):0.02531347374):0.02043228803,(t8:0.03672519614,t16:0.03672519614):0.3178434715):0.1842731138):1.08390711):0.01459772247):0.1620999605):0.5273823808):0.5116957885;
23|0.174522995320149|0.289978913150262|0.84611922421027|(((((t19:0.5585586909,t9:0.5585586909):2.712446206,t21:3.271004897):0.4244491297,t2:3.695454027):15.90224554,((t18:9.415938744,(((t4:0.8282350814,t17:0.8282350814):7.412539212,((t15:1.287435066,(t1:0.0528578811,t6:0.0528578811):1.234577185):1.905108723,t11:3.192543789):5.048230505):0.7785912347,(t13:8.285113114,t20:8.285113114):0.7342524143):0.3965732157):2.810756089,t22:12.22669483):7.371004737):0.3847092218,((t5:10.74398177,((t23:4.890718154,((t7:0.5419530011,t3:0.5419530011):2.498489932,t14:3.040442933):1.850275221):2.41907136,t12:7.309789514):3.434192259):5.927330465,((t8:7.445562867,t10:7.445562867):0.05123098229,t16:7.496793849):9.174518389):3.311096554):5.178126576;
37|3.81738997678738|0.375835169369821|0.847610622644424|((t35:0.589088081,((((t29:0.05145661778,t24:0.05145661778):0.04933439734,t22:0.1007910151):0.1198781995,t15:0.2206692147):0.1167311999,t18:0.3374004145):0.2516876665):0.1443492889,(((((t30:0.05786288379,t33:0.05786288379):0.1105254184,t27:0.1683883022):0.07138416214,(t6:0.02431349828,t8:0.02431349828):0.215458966):0.06935458537,(((t12:0.01924799394,t3:0.01924799394):0.2316556557,((t16:0.043199055,t9:0.043199055):0.04419261645,t4:0.08739167144):0.1635119782):0.02857263769,((t14:0.1616269801,t23:0.1616269801):0.07325083756,((t13:0.05689520975,t32:0.05689520975):0.1498345215,t19:0.2067297313):0.02814808643):0.04459846962):0.0296507624):0.399808039,((t11:0.2680870283,(t20:0.1560200055,t10:0.1560200055):0.1120670228):0.2846580388,((((t5:0.07157256866,t1:0.07157256866):0.2168141292,t7:0.2883866978):0.06633087843,t21:0.3547175763):0.1673728788,((t36:0.2766711947,(t26:0.1425291488,t17:0.1425291488):0.1341420459):0.2328216557,(((t2:0.2395681824,t28:0.2395681824):0.065506923,t34:0.3050751054):0.07574202029,(t37:0.3342328206,(t25:0.1772614468,t31:0.1772614468):0.1569713738):0.04658430507):0.1286757247):0.01259760466):0.03065461206):0.1561900215):0.02450228127):0.03736658086;
28|2.42217620242387|0.403834133958444|0.787276350543834|((((t28:0.157166636,t14:0.157166636):0.614506831,((((t18:0.0966937119,t17:0.0966937119):0.09665972123,(t27:0.04663039002,t24:0.04663039002):0.1467230431):0.3031369672,(((t23:0.1519573897,t16:0.1519573897):0.05537316449,t5:0.2073305542):0.2466420607,(((t10:0.2047741055,((t20:0.06076773687,t1:0.06076773687):0.06278257836,t8:0.1235503152):0.08122379031):0.05887935246,t26:0.263653458):0.1746027092,(t4:0.1597214868,t13:0.1597214868):0.2785346804):0.01571644777):0.04251778538):0.1179673431,(t6:0.6006833825,(t15:0.07317587049,t11:0.07317587049):0.527507512):0.01377436101):0.1572157235):0.1657006014,((t19:0.2414040671,t21:0.2414040671):0.1049429879,t3:0.346347055):0.5910270134):0.4494838886,((t2:0.3396902076,(t25:0.09776125899,((t9:0.05427338341,t12:0.05427338341):0.03604849799,t7:0.0903218814):0.007439377584):0.2419289486):0.09063900824,t22:0.4303292158):0.9565287412):1.334127188;
44|1.62172903104452|0.180936596607789|0.697723580989987|((((t21:0.9222184779,((t42:0.616384925,t13:0.616384925):0.08322749556,((((t23:0.09507608632,t14:0.09507608632):0.2444969456,t39:0.3395730319):0.09287959112,t25:0.432452623):0.1601887958,(t1:0.07240798,t28:0.07240798):0.5202334389):0.1069710016):0.2226060574):0.4254932966,(t37:1.293219169,(((t9:0.125557532,t36:0.125557532):0.5115901636,(t8:0.1666354967,t18:0.1666354967):0.4705121989):0.1716810515,(t26:0.04918038732,t2:0.04918038732):0.7596483597):0.4843904217):0.05449260583):1.255922659,((t31:0.001716319566,t30:0.001716319566):1.659299694,((t43:0.04008924461,t11:0.04008924461):0.09147677881,t27:0.1315660234):1.52944999):0.9426184201):0.05251461278,(((t22:0.4258522285,(t10:0.1159604082,t20:0.1159604082):0.3098918203):0.4220093949,(t15:0.1207041394,(t41:0.1063902766,t38:0.1063902766):0.01431386283):0.727157484):0.3403106574,(((t33:0.03195002123,t34:0.03195002123):0.9822887234,((((t29:0.01255650238,t19:0.01255650238):0.2516937652,t6:0.2642502676):0.02902073482,t32:0.2932710024):0.05529380456,(t3:0.1356035663,t17:0.1356035663):0.2129612406):0.6656739377):0.09228015793,((((t40:0.1008269753,t35:0.1008269753):0.005825649274,t4:0.1066526246):0.3792675246,(t12:0.4525070021,(t16:0.2445993636,((t7:0.02098872227,t44:0.02098872227):0.1277941116,t24:0.1487828339):0.09581652972):0.2079076385):0.03341314699):0.2456942394,t5:0.7316143885):0.374904514):0.08165337823):1.467976766):0.0486799099;
28|3.16243784656515|0.118969275183044|0.780570638016798|((((t11:0.2344290397,((t14:0.2183095797,t25:0.2183095797):0.003640289696,t9:0.2219498694):0.01247917031):0.1492484073,(t20:0.3393817989,t3:0.3393817989):0.04429564812):0.4385881894,(t28:0.07100799315,(t18:0.06756850757,(t19:0.02025768678,t17:0.02025768678):0.04731082079):0.003439485581):0.7512576432):0.4413189395,((t2:0.30374898,(t21:0.1711621074,t12:0.1711621074):0.1325868727):0.6389679439,(((t27:0.05508370888,t26:0.05508370888):0.5224212379,(t1:0.5421047987,((t6:0.1966360697,t23:0.1966360697):0.08740686627,(t10:0.07463960817,t24:0.07463960817):0.2094033278):0.2580618627):0.03540014806):0.1573370201,((t13:0.4933792966,((((t15:0.06834332213,t16:0.06834332213):0.03495479344,t8:0.1032981156):0.1204388213,t5:0.2237369368):0.05585639056,(t7:0.2372024372,t22:0.2372024372):0.04239089017):0.2137859692):0.002294304602,t4:0.4956736013):0.2391683656):0.2078749571):0.320867652):0.09783139222;
23|3.31764782298589|0.0715117096807808|0.647329006576911|((t6:0.982937753,((t15:0.5856072331,(t13:0.5245879858,(t4:0.04390179199,t2:0.04390179199):0.4806861938):0.06101924734):0.1729057432,(t23:0.0005747325122,t5:0.0005747325122):0.7579382438):0.2244247766):0.005696463002,(((t21:0.3726114452,t3:0.3726114452):0.1014760676,(t14:0.2880095543,(t10:0.14489182,(t7:0.1325909822,(t8:0.09780665968,t18:0.09780665968):0.03478432256):0.0123008378):0.1431177343):0.1860779585):0.332072038,(((t20:0.1860949393,(t1:0.07817957105,t17:0.07817957105):0.1079153683):0.1852972855,t16:0.3713922248):0.2083744571,((t11:0.05400479692,t19:0.05400479692):0.4932614894,(t9:0.5185312066,(t22:0.08954729591,t12:0.08954729591):0.4289839107):0.0287350797):0.0325003955):0.2263928689):0.1824746652):0.1466622535;
50|3.70214252915001|0.150959189988207|0.568458395893686|((((((t6:0.3021583175,(t7:0.1124270535,(t34:0.07923418803,t18:0.07923418803):0.03319286548):0.189731264):0.1396975005,(t4:0.4227856351,(t39:0.2643260308,(t23:0.08459910416,((t3:0.04936901365,t22:0.04936901365):0.01817361943,t20:0.06754263308):0.01705647108):0.1797269266):0.1584596044):0.01907018282):0.1585821781,t17:0.6004379961):0.2779676289,(((t25:0.2088268561,(t16:0.07728835685,t12:0.07728835685):0.1315384993):0.1259744764,((t33:0.1066786782,t31:0.1066786782):0.02880829555,t19:0.1354869738):0.1993143588):0.07900504497,t44:0.4138063775):0.4645992474):0.08489774084,((t15:0.6294291343,(t41:0.3897780853,(t26:0.03917860917,t38:0.03917860917):0.3505994762):0.239651049):0.0413886019,(t48:0.2986036157,(t46:0.2610546643,(t10:0.04578066284,t28:0.04578066284):0.2152740015):0.03754895134):0.3722141206):0.2924856295):0.02058732271,(((t43:0.3339475866,t13:0.3339475866):0.1488608924,((t21:0.3687592104,(((t47:0.02637595081,t40:0.02637595081):0.02157592412,t14:0.04795187493):0.2938844881,t24:0.3418363631):0.02692284737):0.01849544752,((t2:0.1482387945,t50:0.1482387945):0.01012752919,t8:0.1583663237):0.2288883342):0.09555382102):0.02430764708,((t35:0.1050470584,t11:0.1050470584):0.3871299688,((((t36:0.04503765561,t1:0.04503765561):0.1579764578,(t37:0.1580168204,(t29:0.06498168104,t49:0.06498168104):0.09303513935):0.04499729302):0.231538307,(t27:0.06478222435,t32:0.06478222435):0.3697701961):0.03255250768,(t30:0.3668812824,(t9:0.2345775539,((t42:0.06358928827,t45:0.06358928827):0.03157986934,t5:0.09516915761):0.1394083963):0.1323037285):0.1002236457):0.02507209905):0.01493909886):0.4767745624):0.1234062259;
37|0.537920091156848|0.464037652784027|0.763530811294913|((t11:3.122966148,(((((t1:0.4923911778,((t31:0.1286772323,t18:0.1286772323):0.3627997999,(t8:0.4440422818,t25:0.4440422818):0.04743475041):0.0009141456145):0.4271958636,t26:0.9195870414):0.3966977514,(t20:0.4326733293,t32:0.4326733293):0.8836114636):0.05170001678,(t23:0.1796546365,t21:0.1796546365):1.188330173):0.1416418893,(t7:0.9436340545,(t3:0.694917599,t29:0.694917599):0.2487164555):0.5659926444):1.613339449):0.4872368816,((((((t35:0.201512858,t28:0.201512858):0.9065804597,((t9:0.9819427397,t5:0.9819427397):0.03374872329,t37:1.015691463):0.09240185469):0.2970925254,(t2:1.103648068,((t15:0.900866345,(t22:0.6805626706,t36:0.6805626706):0.2203036744):0.1331695566,(t30:0.2781559457,t34:0.2781559457):0.755879956):0.06961216673):0.3015377747):0.6093954156,(t13:0.2547600828,t24:0.2547600828):1.759821176):0.7413519501,((t33:0.4226876721,t19:0.4226876721):0.9647491295,((t17:0.07095026502,t12:0.07095026502):0.1616112426,t16:0.2325615076):1.154875294):1.368496407):0.1092759212,((t6:0.2447895689,t4:0.2447895689):1.712062893,((t27:0.3031048679,t10:0.3031048679):0.2741317515,t14:0.5772366194):1.379615842):0.9083566682):0.7449938998):4.668244704;
48|3.01998129761778|0.0116139701823704|0.510297648957931|(((((t2:0.61225403,(t19:0.5747286278,(t32:0.3378044411,((t3:0.2338166521,(t21:0.1897289545,t25:0.1897289545):0.04408769762):0.0758500644,t42:0.3096667165):0.02813772459):0.2369241867):0.03752540222):0.01890204134,((t20:0.4813669223,(t17:0.1276383671,(t4:0.004319909063,t35:0.004319909063):0.1233184581):0.3537285552):0.05578280752,(t9:0.2698268355,t31:0.2698268355):0.2673228943):0.09400634152):0.1473360649,((((t26:0.08852876943,t47:0.08852876943):0.4293386481,t1:0.5178674175):0.1362544136,t40:0.6541218311):0.1036875515,(((t7:0.09867963344,t37:0.09867963344):0.2812956319,((t30:0.1614720484,t43:0.1614720484):0.03890738882,t12:0.2003794372):0.1795958281):0.3674133035,(t39:0.4158899889,t44:0.4158899889):0.3314985799):0.0104208139):0.02068275355):0.07644463857,(t16:0.4739215717,t45:0.4739215717):0.3810152031):0.2869956039,((((t11:0.526750177,t6:0.526750177):0.3259529282,(((t5:0.1064878073,t33:0.1064878073):0.2346436558,t28:0.3411314631):0.006283437442,t22:0.3474149006):0.5052882047):0.07629880137,((((t46:0.1164325952,t14:0.1164325952):0.1218378544,t36:0.2382704495):0.1601152825,t34:0.3983857321):0.1829744313,((t41:0.3217904841,((t8:0.0921517889,t15:0.0921517889):0.03984242983,t29:0.1319942187):0.1897962654):0.2100889955,t10:0.5318794796):0.04948068375):0.3476417433):0.08953190039,((t38:0.4794149388,((t27:0.2752363638,t23:0.2752363638):0.1895078858,(t18:0.1295064025,t48:0.1295064025):0.3352378472):0.0146706891):0.07343380136,(t24:0.2396908523,t13:0.2396908523):0.3131578878):0.4656850669):0.1233985716):0.02995764803;
32|0.223759070036467|0.201325136870146|0.852313767536543|((((((t8:1.994783363,t26:1.994783363):2.818476881,(t28:0.4719006356,t15:0.4719006356):4.341359609):0.9742055437,(t30:3.702386175,(t27:1.006355759,t1:1.006355759):2.696030416):2.085079613):0.6656599203,(t4:2.982777193,(t14:2.681550901,t25:2.681550901):0.3012262919):3.470348516):0.8683586062,(((t5:1.594083595,t3:1.594083595):1.105599638,t6:2.699683233):1.609237014,(t10:3.409024998,((t16:0.2874293808,t17:0.2874293808):1.237413253,t12:1.524842634):1.884182364):0.8998952486):3.012564068):10.96842616,((((t19:3.405835151,(t2:0.557066265,t18:0.557066265):2.848768886):0.08268337692,((t32:1.037711152,(t24:0.8796359567,t20:0.8796359567):0.158075195):0.3013395574,t23:1.339050709):2.149467818):2.935917947,(t29:1.667857579,t11:1.667857579):4.756578895):2.403937628,((t21:1.098719727,t31:1.098719727):4.345788791,(t22:4.259941918,(t9:2.09854413,(t7:1.233738499,t13:1.233738499):0.8648056311):2.161397788):1.1845666):3.383865584):9.461536376):7.419055842;
26|2.9028850417654|0.0938776780827902|0.696907322853804|(((((t7:0.4994910111,(t21:0.2475947558,(t5:0.1806110479,t10:0.1806110479):0.06698370785):0.2518962553):0.003836056014,(((t13:0.1830102699,((t9:0.01782621222,t8:0.01782621222):0.1436669899,t12:0.1614932022):0.02151706771):0.189013711,t15:0.3720239809):0.06379157203,t24:0.4358155529):0.06751151418):0.009033640232,((t4:0.01670563375,t25:0.01670563375):0.1658600248,(t26:0.0939106133,t11:0.0939106133):0.08865504527):0.3297950488):0.7944878196,((t2:0.04357232925,t16:0.04357232925):0.2278176329,t14:0.2713899621):1.035458565):0.4955245528,((t19:0.3534178246,(t23:0.3445496338,t17:0.3445496338):0.008868190756):0.3866125485,((t18:0.2918291283,t1:0.2918291283):0.1827080034,(t3:0.2572171067,((t20:0.06832779051,t22:0.06832779051):0.1464039108,t6:0.2147317013):0.04248540538):0.217320025):0.2654932414):1.062342707):0.1528545806;
25|1.8113576598349|0.452114579440095|0.725258221849799|(((t19:0.9099281615,((((t25:0.07303308412,t7:0.07303308412):0.02170011811,t17:0.09473320223):0.1133882661,t23:0.2081214683):0.2174773872,((t24:0.1051556212,t6:0.1051556212):0.2107846234,(t18:0.1362526629,t15:0.1362526629):0.1796875818):0.1096586109):0.484329306):0.09470030556,(((t10:0.1078258165,t1:0.1078258165):0.4515524646,(t22:0.4380475283,t5:0.4380475283):0.1213307528):0.3165945817,((t12:0.3159497198,(t4:0.1989251867,t20:0.1989251867):0.1170245331):0.4024765049,((t11:0.1743702287,(t2:0.08158590466,t16:0.08158590466):0.09278432404):0.3967365564,(t14:0.4501926996,(t8:0.3160960574,(t9:0.3007900925,t3:0.3007900925):0.01530596483):0.1340966423):0.1209140855):0.1473194395):0.1575466382):0.1286556042):0.4077043749,(t13:0.08239127334,t21:0.08239127334):1.329941569):0.8574530211;
27|3.02376742955064|0.452734817378223|0.965311461826786|((((t16:0.002044825917,t3:0.002044825917):0.8095172757,(t25:0.7273394287,((t17:0.3242522342,(t8:0.2752292705,t7:0.2752292705):0.04902296373):0.07708920973,(((t19:0.0991746256,t4:0.0991746256):0.1419544337,t9:0.2411290593):0.1066877442,t1:0.3478168035):0.05352464049):0.3259979847):0.08422267295):0.1215984139,((t27:0.4424340495,(t12:0.0803793164,(t11:0.0770361804,t2:0.0770361804):0.003343136001):0.3620547331):0.4119565426,(t26:0.4414053949,((t13:0.03695462413,t23:0.03695462413):0.1358684247,((t15:0.05522695595,(t5:0.03453291924,t6:0.03453291924):0.02069403671):0.02549802777,((t18:0.002043470718,t10:0.002043470718):0.07778630614,(t20:0.02087809713,t21:0.02087809713):0.05895167973):0.0008952068644):0.0920980651):0.268582346):0.4129851972):0.07876992347):0.0551514489,(t22:0.1792840659,(t14:0.158664577,t24:0.158664577):0.02061948899):0.8090278985):0.5470353433;
21|1.13832044331823|0.349035444818437|0.948388880467974|((t15:0.1510547344,t6:0.1510547344):1.847000711,((((((t11:0.1281636802,t17:0.1281636802):0.3920112856,(t4:0.2210210946,((t1:0.001986242456,t8:0.001986242456):0.08966481596,(t5:0.07592377138,t18:0.07592377138):0.01572728704):0.1293700362):0.2991538712):0.3344830056,((t21:0.2288783983,(t10:0.1612110523,t7:0.1612110523):0.067667346):0.1748041821,t19:0.4036825804):0.4509753909):0.04493431434,(t3:0.6637401405,(t14:0.4258992181,t20:0.4258992181):0.2378409224):0.2358521452):0.01718760519,(t9:0.8610925371,t12:0.8610925371):0.05568735377):0.7003956673,((t13:0.4956310041,t16:0.4956310041):0.2399245245,t2:0.7355555287):0.8816200295):0.3808798872):0.08609813166;
27|3.86706993425498|0.404519817114342|0.957445387146436|(((t25:0.08665150533,t8:0.08665150533):0.2644766511,(t2:0.02377972757,t19:0.02377972757):0.3273484288):0.1469789877,(((((t23:0.04025649997,t6:0.04025649997):0.09477283366,(t20:0.09616399918,t17:0.09616399918):0.03886533445):0.04335317211,(t26:0.1083619665,(t14:0.0495708988,(t21:0.04436168858,t1:0.04436168858):0.005209210222):0.05879106765):0.07002053929):0.1666017293,(t5:0.1112796922,((t22:0.01150263704,t13:0.01150263704):0.01567499859,((t12:0.01155570655,t18:0.01155570655):0.001206022743,t3:0.01276172929):0.01441590633):0.08410205655):0.2337045429):0.03901003203,(((t27:0.01322579833,t9:0.01322579833):0.1424632285,t16:0.1556890268):0.1408454415,((t24:0.1197822947,t15:0.1197822947):0.1029108886,(t4:0.1454149959,((t11:0.05986570118,t7:0.05986570118):0.002789161643,t10:0.06265486282):0.08276013313):0.07727818735):0.07384128496):0.08745979885):0.114112877):0.07944533647;
25|1.64197400021367|0.0137711035110988|0.935426674084738|(((t23:1.13301795,(t2:0.2773757853,(t19:0.2643269176,(t22:0.240578758,t13:0.240578758):0.02374815958):0.01304886764):0.8556421644):0.6069117591,(t1:0.578967796,(t25:0.1573804828,t18:0.1573804828):0.4215873132):1.160961913):0.1136800419,(((t6:0.8025901849,(((t4:0.1184113735,t24:0.1184113735):0.1095977548,t15:0.2280091283):0.01547022791,t5:0.2434793562):0.5591108287):0.5133510556,((t12:0.6486974422,(t3:0.3420815982,t9:0.3420815982):0.3066158441):0.03539851524,(t16:0.4357018283,((t7:0.09106946922,t11:0.09106946922):0.0468666943,t8:0.1379361635):0.2977656648):0.2483941292):0.631845283):0.4930872851,(t20:0.9221444448,(t21:0.4334950261,(t17:0.3748923741,(t14:0.008004374113,t10:0.008004374113):0.366888):0.05860265202):0.4886494187):0.8868840808):0.04458122503):0.1842770861;
48|2.08688164676772|0.420894745599944|0.962685880367644|(((t3:0.5731465286,((((t30:0.01700367378,t16:0.01700367378):0.1071516309,t18:0.1241553047):0.003641395427,t29:0.1277967002):0.2448674614,(t7:0.1361893932,t32:0.1361893932):0.2364747684):0.200482367):0.8050165631,((t8:0.8172193363,(t10:0.5525170865,t20:0.5525170865):0.2647022497):0.2542836458,(((t25:0.03553865161,t4:0.03553865161):0.07249681696,t31:0.1080354686):0.7969730918,(((t38:0.02756444844,t22:0.02756444844):0.1484178266,(t6:0.06537267606,t11:0.06537267606):0.1106095989):0.3134531127,(t41:0.2677815293,(t45:0.01231166554,(t33:0.007914193891,t15:0.007914193891):0.004397471645):0.2554698638):0.2216538584):0.4155731726):0.1664944218):0.3066601096):0.5280831162,((((((t44:0.2014171025,((t5:0.09843328863,t36:0.09843328863):0.0414037359,t40:0.1398370245):0.061580078):0.05946023223,(t9:0.05270742183,t14:0.05270742183):0.2081699129):0.1483208183,(t43:0.1803144883,t48:0.1803144883):0.2288836647):0.03425729159,t28:0.4434554446):0.5445729053,((((t39:0.01387163003,t19:0.01387163003):0.209769125,t24:0.2236407551):0.1226046231,(t42:0.1956086203,t34:0.1956086203):0.1506367578):0.2656762449,(((t47:0.01280878923,t35:0.01280878923):0.04732938032,(t13:0.05220406796,t2:0.05220406796):0.007934101595):0.4606657765,t46:0.5208039461):0.09111767698):0.3761067268):0.4799429886,((t37:0.175094418,(t1:0.01909581951,t21:0.01909581951):0.1559985985):0.2951020581,((t12:0.02950237977,t27:0.02950237977):0.3169719991,(t23:0.1939145418,(t17:0.1341293134,t26:0.1341293134):0.0597852284):0.1525598371):0.1237220972):0.9977748624):0.4382748694):0.3976967117;
31|3.41313514913665|0.0946563933813013|0.633925168658607|((((t12:0.0904003436,t6:0.0904003436):0.1320625247,t25:0.2224628683):0.7203554879,(((t18:0.3236171862,((t4:0.1902940385,t11:0.1902940385):0.05911996052,(t22:0.1702163279,(t14:0.02544769767,t26:0.02544769767):0.1447686303):0.07919767111):0.07420318715):0.2457390421,(((t3:0.004532030575,t17:0.004532030575):0.01211696545,t20:0.01664899602):0.01376692642,t9:0.03041592244):0.5389403059):0.301142403,t30:0.8704986313):0.07231972492):0.2078181922,(((((t13:0.05036925863,t23:0.05036925863):0.007805451867,t24:0.0581747105):0.1956920294,((t15:0.04314397271,t16:0.04314397271):0.05705399002,(t21:0.06504819288,t19:0.06504819288):0.03514976985):0.1536687771):0.2591490184,(t8:0.2467565317,(t2:0.1114540885,t7:0.1114540885):0.1353024432):0.2662592266):0.4926693797,((t27:0.258480071,(t10:0.1537429163,((t29:0.02487444312,t31:0.02487444312):0.06278187448,t1:0.08765631759):0.06608659872):0.1047371547):0.2946298962,(t28:0.03897244212,t5:0.03897244212):0.5141375251):0.4525751708):0.1449514104):0.735242245;
14|0.592615198169369|0.400869751712307|0.971076459391043|(((t9:0.1669685348,t5:0.1669685348):2.899188925,((t1:0.8624116645,t12:0.8624116645):0.008505832439,t10:0.8709174969):2.195239962):1.785081048,((((t4:0.1217188258,t7:0.1217188258):0.6615759995,((t3:0.3937574845,(t8:0.2945862854,(t11:0.1138448605,t14:0.1138448605):0.1807414248):0.09917119914):0.0416882533,t13:0.4354457378):0.3478490875):0.321947842,t6:1.105242667):0.8098272599,t2:1.915069927):2.93616858):4.02326904;
31|0.574145944875199|0.109205495519564|0.735039089340717|(((((t22:0.6490310176,t3:0.6490310176):2.172797001,(((t5:0.3732734405,t2:0.3732734405):0.04885256371,t4:0.4221260042):0.9018221775,t1:1.323948182):1.497879837):0.7793002529,(t19:2.746489843,(((((t6:0.5540487858,t29:0.5540487858):0.4867464189,t20:1.040795205):0.3527351146,(t31:0.5563161255,t9:0.5563161255):0.8372141938):0.3173801501,(((t26:0.09975235205,t25:0.09975235205):0.6271652604,t10:0.7269176124):0.6960638282,t30:1.422981441):0.2879290289):0.2082776574,(t8:1.112532344,t11:1.112532344):0.8066557825):0.8273017159):0.8546384291):0.193822835,((t17:1.596842074,t28:1.596842074):1.75850853,((t7:0.1050723165,t24:0.1050723165):1.552707183,t21:1.6577795):1.697571104):0.4396005036):1.506348736,(((t18:0.04740756845,t16:0.04740756845):2.486126877,((t14:0.8383309886,t23:0.8383309886):0.8546817779,(t12:1.322392812,t27:1.322392812):0.3706199544):0.8405216787):0.7048927979,(t15:0.999158068,t13:0.999158068):2.239269175):2.0628726):1.790901159;
35|0.926626254415605|0.084452930460684|0.591459013638087|(((((t28:1.34479428,(t30:0.1107299469,t3:0.1107299469):1.234064333):0.5967789593,(((t2:0.6272950412,t10:0.6272950412):0.383503905,t25:1.010798946):0.451068588,(t34:0.5473820759,t32:0.5473820759):0.9144854583):0.4797057048):0.7972220224,t4:2.738795261):0.1153177315,((t22:0.5162914246,t27:0.5162914246):0.9894389528,(t8:1.302298134,t17:1.302298134):0.2034322431):1.348382615):0.995643696,(((((((t16:0.6852919088,(t19:0.4232307638,t24:0.4232307638):0.262061145):0.1127289905,(t9:0.6288601188,t23:0.6288601188):0.1691607804):0.3820721538,((t5:0.9883731828,(t1:0.6517348223,t11:0.6517348223):0.3366383605):0.008931198794,(t15:0.8144146444,t13:0.8144146444):0.1828897372):0.1827886715):0.09508168439,(t33:0.1089949281,t35:0.1089949281):1.166179809):0.3105575145,(t20:0.5388747914,t26:0.5388747914):1.046857461):0.3457786522,(((t14:0.6959809374,(t18:0.6343076424,t21:0.6343076424):0.06167329507):0.3934183064,(t6:0.5786332153,t31:0.5786332153):0.5107660286):0.6145554497,(t12:1.437884722,t29:1.437884722):0.2660699716):0.2275562106):0.4490222225,t7:2.380533127):1.469223562):0.7925738626;
11|2.28941771170124|0.0418349330709316|0.506736825453117|(((t8:0.005665633089,t10:0.005665633089):0.6603851747,((t4:0.01858176588,t5:0.01858176588):0.0780135296,t11:0.09659529549):0.5694555123):1.165980263,(((t1:0.5793268442,t9:0.5793268442):0.2008691403,t3:0.7801959845):0.01895181505,(t2:0.3149286145,(t7:0.2935666133,t6:0.2935666133):0.02136200124):0.4842191851):1.032883271):0.5325489413;
16|1.80654443276813|0.422466299256776|0.874854147084989|((((t10:0.002200238968,t16:0.002200238968):0.1545778618,t6:0.1567781008):0.1670954833,(t13:0.06272705127,t11:0.06272705127):0.2611465328):0.9100728156,((t4:0.9267536474,(t1:0.2459668633,(t5:0.03253302346,t9:0.03253302346):0.2134338399):0.6807867841):0.01225627905,(((t14:0.0503042905,t3:0.0503042905):0.1620606014,((t12:0.0406523915,t8:0.0406523915):0.001548088595,t2:0.04220048009):0.1701644118):0.305890698,(t15:0.01925205335,t7:0.01925205335):0.4990035366):0.4207543366):0.2949364732):0.04248818264;
24|1.80495668866439|0.258581529567018|0.859833098482341|(((((((t20:0.01891769695,t5:0.01891769695):0.4722152366,(t15:0.4493427428,(t13:0.03466476105,t19:0.03466476105):0.4146779817):0.04179019078):0.1080193359,t12:0.5991522695):0.02449537388,t2:0.6236476434):0.02225776805,((t4:0.2788760575,(t16:0.05625886914,t3:0.05625886914):0.2226171884):0.1906449322,(t1:0.1672109147,t17:0.1672109147):0.302310075):0.1763844217):0.06453484291,((t7:0.5431559133,(t18:0.4004036886,(t6:0.2726010599,t10:0.2726010599):0.1278026286):0.1427522247):0.01659302039,((t11:0.3432568017,t14:0.3432568017):0.1606124378,(t21:0.3190517058,((t8:0.003651557498,t24:0.003651557498):0.2083318263,t23:0.2119833838):0.1070683219):0.1848175337):0.05587969417):0.1506913207):0.2177896051,(t9:0.1173687484,t22:0.1173687484):0.8108611111):0.7557874558;
13|1.02954343704274|0.25260266399011|0.653693369356915|(((t2:1.510111299,(t6:0.4664511629,(t7:0.2396755072,t11:0.2396755072):0.2267756557):1.043660136):1.071907338,((t8:0.8563680025,t10:0.8563680025):0.4795783237,((t13:0.6766883911,((t9:0.130392189,(t5:0.05636760527,t4:0.05636760527):0.07402458376):0.192619467,t3:0.3230116561):0.353676735):0.3018207856,t12:0.9785091767):0.3574371495):1.246072311):0.6480386879,t1:3.230057325):1.952946232;
19|0.448784533853177|0.0507589604263194|0.763088669977151|(((t1:1.98233176,t15:1.98233176):0.425371717,(((t19:1.609100112,t7:1.609100112):0.3323393579,t11:1.94143947):0.3113977355,((t14:1.71073128,(t4:0.8073939237,t8:0.8073939237):0.9033373565):0.1498655209,(t5:1.334852091,(t3:1.068370768,(t6:1.066757086,t10:1.066757086):0.001613681163):0.2664813233):0.5257447103):0.3922404047):0.1548662715):2.05915706,((((t13:0.7978742996,t12:0.7978742996):0.8149639327,t9:1.612838232):2.695062231,(t2:1.14519419,t17:1.14519419):3.162706273):0.1305036292,(t16:1.176473209,t18:1.176473209):3.261930883):0.02845644412):1.495508316;
41|3.14370154457865|0.330376748584677|0.960107860853896|(((t41:0.6146251403,(t27:0.1115194678,t24:0.1115194678):0.5031056726):0.04809059667,((((((t9:0.07170861642,t10:0.07170861642):0.06288606136,t39:0.1345946778):0.1458507295,t25:0.2804454073):0.153457845,(((t13:0.1556591558,t15:0.1556591558):0.0406503362,t3:0.196309492):0.1321741281,(t30:0.2403396038,(t19:0.02965841852,t12:0.02965841852):0.2106811853):0.08814401631):0.1054196322):0.00726649431,((t34:0.2713384871,(((t28:0.0720717073,t6:0.0720717073):0.01826408604,t22:0.09033579334):0.1378506673,(t5:0.06711338539,t18:0.06711338539):0.1610730752):0.04315202645):0.01769859852,(t36:0.004798933924,t2:0.004798933924):0.2842381517):0.152132661):0.135169277,t37:0.5763390237):0.08637671335):0.02798154144,((t1:0.03021712626,t8:0.03021712626):0.3116050516,((((((t35:0.00557077422,t14:0.00557077422):0.06987025224,t26:0.07544102646):0.03804767442,t31:0.1134887009):0.1063485824,(t7:0.1619392356,t40:0.1619392356):0.05789804764):0.05099207801,(t33:0.1213924213,t38:0.1213924213):0.1494369399):0.0003678310238,(((t32:0.1672313764,(t11:0.1661696086,(t16:0.08755516558,(t29:0.05542873111,t4:0.05542873111):0.03212643447):0.07861444305):0.001061767765):0.002622224305,((t17:0.01685793598,t21:0.01685793598):0.05390783081,t23:0.07076576678):0.09908783392):0.02193173196,t20:0.1917853327):0.07941185962):0.07062498561):0.3488751006):0.4544174355;
20|0.244490281308536|0.489181840461679|0.689698967034929|((((t12:3.476856053,t13:3.476856053):1.770213082,((t11:0.2918917021,t8:0.2918917021):0.3325215091,t17:0.6244132112):4.622655924):1.628151945,((((t15:0.9136088814,t6:0.9136088814):1.318397323,t1:2.232006205):1.483435621,(((t10:1.395700041,t16:1.395700041):1.003261214,t20:2.398961255):1.025778119,(t18:1.594548806,(t4:0.2672409563,t19:0.2672409563):1.32730785):1.830190567):0.2907024525):1.612192786,(t7:1.745990498,t14:1.745990498):3.581644114):1.547586469):0.3329372757,((t3:0.02245954935,t5:0.02245954935):1.199081604,(t9:0.4187858465,t2:0.4187858465):0.8027553064):5.986617204):1.92720029;
24|3.54833230369491|0.49087636006996|0.593029460636899|(((t17:0.09319664987,(t6:0.03480733428,t16:0.03480733428):0.0583893156):0.3137110531,(t5:0.3036917242,(t8:0.2308285736,t24:0.2308285736):0.07286315053):0.1032159788):0.4291632818,(((((t15:0.09481533707,t23:0.09481533707):0.09342462551,(t12:0.1863326649,(t2:0.1542142992,t20:0.1542142992):0.03211836574):0.001907297639):0.1516966231,(t3:0.01098902342,t21:0.01098902342):0.3289475622):0.06238032013,(t13:0.3814049118,((t10:0.1676507721,((t4:0.03773380249,t19:0.03773380249):0.1122894937,(t9:0.00881829545,t14:0.00881829545):0.1412050008):0.01762747583):0.1504502751,(t22:0.1818207123,t1:0.1818207123):0.1362803349):0.06330386466):0.02091199396):0.05208079738,(t7:0.2157767232,(t18:0.1140929974,t11:0.1140929974):0.1016837257):0.23862098):0.3816732816):0.2133360761;
45|0.129714401380625|0.0298579751746729|0.78403947071638|((((t35:5.965597944,((t40:0.2231249727,t41:0.2231249727):0.9705171068,(t45:0.5124658108,t32:0.5124658108):0.6811762688):4.771955864):13.71374793,(((t5:10.19860181,t42:10.19860181):1.258903827,(t4:10.45339584,((t30:2.130207826,t6:2.130207826):1.464235591,(t12:0.8486218235,t13:0.8486218235):2.745821593):6.858952418):1.0041098):3.381804738,((((t33:8.050567308,(t14:5.892911318,t11:5.892911318):2.15765599):0.3860785022,(t3:2.932935602,t28:2.932935602):5.503710208):1.278251508,(t2:8.793572175,t20:8.793572175):0.9213251438):3.583852257,(t39:11.00791648,(((t16:1.976107841,(t17:0.9207733952,t26:0.9207733952):1.055334446):0.47257912,t8:2.448686961):0.8647513455,t18:3.313438307):7.694478171):2.290833098):1.540560797):4.840035503):5.750376709,(((t15:14.13127371,t29:14.13127371):2.498609291,((t10:9.580328244,(t23:8.551113075,((t36:4.614367638,t7:4.614367638):0.6495866375,t44:5.263954276):3.287158799):1.029215169):1.613057617,(((t21:1.556275489,t27:1.556275489):0.7475853909,t31:2.30386088):0.9736144545,(t24:2.232660483,t25:2.232660483):1.044814851):7.915910527):5.436497143):0.4731631113,(((t38:0.1124839916,t1:0.1124839916):7.043877529,((t22:0.3889920475,t37:0.3889920475):0.381032531,t43:0.7700245785):6.386336942):2.933066232,t34:10.08942775):7.013618362):8.32667647):5.195002807,(t9:3.713217205,t19:3.713217205):26.91150819):0.3023188992;
16|1.51752621510765|0.385539948705118|0.834766279906034|(((t4:0.4199252023,(t16:0.3283650355,(t15:0.2575723196,(t13:0.03499788972,t5:0.03499788972):0.2225744299):0.07079271591):0.09156016677):0.4463757368,(t12:0.7967681372,(t11:0.2847010311,t9:0.2847010311):0.5120671062):0.06953280191):0.4477949287,(t8:0.8775357933,(((t6:0.03961236275,t1:0.03961236275):0.3775867371,t7:0.4171990999):0.06033618691,((t10:0.1163873162,t14:0.1163873162):0.3245188188,(t3:0.05255206756,t2:0.05255206756):0.3883540674):0.03662915178):0.4000005065):0.4365600745):0.9373998832;
12|3.43185777261155|0.438642171684187|0.878199534141459|(((t8:0.2293193649,(t10:0.1246571633,t9:0.1246571633):0.1046622016):0.1452409876,((t7:0.08616559425,t12:0.08616559425):0.1582333857,((t6:0.1857183876,((t2:0.04044820067,t4:0.04044820067):0.02214243098,(t3:0.03032197119,t1:0.03032197119):0.03226866046):0.123127756):0.01319606418,t11:0.1989144518):0.04548452809):0.1301613726):0.07927114872,t5:0.4538315012):0.8836027616;
17|3.95323000188218|0.194808664412703|0.922024438157678|(((((t9:0.280215848,(t13:0.1425708782,t11:0.1425708782):0.1376449697):0.06997509822,((t15:0.02900541923,t14:0.02900541923):0.2049805856,t1:0.2339860049):0.1162049413):0.08741370625,(t12:0.07504261994,((t7:0.01056043745,t3:0.01056043745):0.02042295119,t5:0.03098338863):0.0440592313):0.3625620325):0.2989561282,t4:0.7365607806):0.04128067112,(t2:0.4400776717,((t6:0.02673388711,t10:0.02673388711):0.1387064549,(t8:0.1257973375,(t17:0.007551674431,t16:0.007551674431):0.118245663):0.0396430046):0.2746373297):0.33776378):0.1841331024;
27|0.191506259110756|0.49737104852451|0.890096567105502|((t12:2.281989524,t16:2.281989524):8.916943998,((((((t22:0.3869551305,t19:0.3869551305):2.730036469,(t13:1.194915874,t6:1.194915874):1.922075725):2.292452894,((t7:0.5127147729,t20:0.5127147729):1.457417121,t9:1.970131894):3.4393126):2.901719374,(t17:5.392986596,(t11:0.01809576453,t15:0.01809576453):5.374890832):2.918177272):0.1374863848,(t2:2.272823913,((t23:0.5263457741,t5:0.5263457741):1.155102327,t10:1.681448101):0.5913758119):6.17582634):2.30587861,(((t21:1.448119713,t4:1.448119713):3.996018161,(((((t26:0.2508285276,t3:0.2508285276):0.7412297351,t14:0.9920582627):0.3207257666,t8:1.312784029):0.03248749418,t1:1.345271523):1.585054079,(t24:0.9515739844,t18:0.9515739844):1.978751618):2.513812271):1.153060095,(t27:5.505181434,t25:5.505181434):1.092016534):4.157330894):0.4444046597):0.03124544237;
36|1.14754910582211|0.33853785461979|0.722413627430797|(((((t11:0.6143218973,(t24:0.4620933487,((t26:0.04208130448,t17:0.04208130448):0.289464304,(t12:0.3029451441,(t2:0.05944893559,t4:0.05944893559):0.2434962085):0.02860046432):0.1305477403):0.1522285485):0.3424282837,t13:0.956750181):0.2843360486,(t36:0.8283133871,t15:0.8283133871):0.4127728425):0.5201762519,((t7:0.2230463385,t16:0.2230463385):0.5919592195,(t34:0.1305983142,t1:0.1305983142):0.6844072437):0.9462569235):0.9869170856,((t33:0.5745089234,t22:0.5745089234):1.78342414,(((((t10:0.2580514296,(t30:0.1567061477,t6:0.1567061477):0.1013452819):0.3528698299,t25:0.6109212594):0.6846282886,((t23:0.1334177876,(t20:0.04762410547,t14:0.04762410547):0.08579368211):0.6462882958,t31:0.7797060834):0.5158434647):0.1967050307,((t29:0.5332125499,(t3:0.1976862989,t21:0.1976862989):0.3355262511):0.8988291226,(t18:1.002995385,(t32:0.07708086616,t5:0.07708086616):0.9259145184):0.429046288):0.06021290628):0.1637341589,(t35:1.53430825,(t28:0.4948370572,((t19:0.1846317514,t8:0.1846317514):0.02635842767,(t9:0.1060462654,t27:0.1060462654):0.1049439136):0.2838468782):1.039471193):0.1216804873):0.7019443258):0.3902465036):0.3103956191;
11|3.78903287545545|0.0831007665907964|0.58711396122817|((((t8:0.1223704524,t11:0.1223704524):0.01618912667,t9:0.1385595791):0.1782434575,((t5:0.1962491307,t4:0.1962491307):0.009577302351,((t2:0.03943896456,t3:0.03943896456):0.1397326026,t6:0.1791715671):0.02665486589):0.1109766035):0.01922260831,(t1:0.2681544893,(t7:0.09363126644,t10:0.09363126644):0.1745232229):0.06787115557):0.0958956196;
13|3.23290972786723|0.435981963903178|0.952066659810953|(((((t8:0.1268740819,t2:0.1268740819):0.06974174782,t4:0.1966158297):0.0255161278,t9:0.2221319575):0.2558624236,(((t3:0.009579581145,t10:0.009579581145):0.00422266921,t7:0.01380225035):0.396714803,t1:0.4105170534):0.06747732774):0.1541261777,((t5:0.01219982175,t12:0.01219982175):0.3895855062,(t13:0.2689193469,(t11:0.02665386539,t6:0.02665386539):0.2422654815):0.132865981):0.2303352309):0.1129779108;
38|1.07741596184205|0.180434474325739|0.947032393072732|((t31:0.8102355921,t7:0.8102355921):1.049684942,(((((t37:0.182002509,(t16:0.1200115661,t19:0.1200115661):0.0619909429):0.2623503492,(((t38:0.1358548108,t30:0.1358548108):0.006693410332,t35:0.1425482212):0.1599568773,t18:0.3025050985):0.1418477597):0.5068028016,((t33:0.3591437408,t2:0.3591437408):0.4743946353,((t28:0.01759760637,t4:0.01759760637):0.08904863952,t22:0.1066462459):0.7268921302):0.1176172837):0.3475209931,((t3:0.9600261836,t14:0.9600261836):0.1714972546,((((t8:0.1096641548,t10:0.1096641548):0.6462699806,(((t17:0.3467593797,(t34:0.2025875503,t23:0.2025875503):0.1441718294):0.2010844114,((t26:0.09005020621,t12:0.09005020621):0.2211654126,t27:0.3112156188):0.2366281724):0.00200342224,t29:0.5498472134):0.206086922):0.05563443379,((t21:0.2605238823,t13:0.2605238823):0.4093429845,((t36:0.2660402737,t25:0.2660402737):0.007859801044,t32:0.2739000747):0.3959667921):0.1417017024):0.23870407,(t24:0.1650121324,t6:0.1650121324):0.8852605068):0.08125079901):0.1671532146):0.4300447175,((t1:0.6361265191,t15:0.6361265191):0.4085285301,((t11:0.2291460244,(t20:0.162250406,t5:0.162250406):0.06689561841):0.5603575027,t9:0.7895035271):0.2551515222):0.6840663211):0.1311991633):2.933200737;
15|1.47918696445879|0.175204252991825|0.577747478615493|((((t14:0.3190529124,(t10:0.01861193574,t15:0.01861193574):0.3004409766):1.124207644,(t2:0.7772520302,t1:0.7772520302):0.666008526):0.06499000866,(((t7:1.005379599,(t6:0.269383423,(t9:0.2109740554,t13:0.2109740554):0.05840936758):0.7359961758):0.02539520878,(t11:0.6945081114,t12:0.6945081114):0.3362666962):0.2211790275,((t8:0.2837202223,t4:0.2837202223):0.1375865423,t3:0.4213067646):0.8306470705):0.2562967298):0.2549939313,t5:1.763244496):1.489620054;
14|2.87346078520874|0.123403717451729|0.814383505377918|(((t14:0.003991494424,t6:0.003991494424):0.4599505764,t3:0.4639420708):0.188170017,(((t1:0.041613406,t4:0.041613406):0.02703039095,t8:0.06864379695):0.4876932754,((((t5:0.01890543187,t12:0.01890543187):0.05064661478,t9:0.06955204665):0.01319334489,t2:0.08274539154):0.1754248817,(((t10:0.0498829513,t7:0.0498829513):0.146510773,t11:0.1963937243):0.03045511984,t13:0.2268488442):0.03132142904):0.2981667992):0.09577501547):0.7168388708;
22|0.243698531079572|0.212655884919222|0.690238284179941|(((((t8:1.234813779,t4:1.234813779):2.364187407,(t17:3.169005204,(t2:2.424219583,(t13:2.17381457,t7:2.17381457):0.2504050135):0.7447856209):0.4299959815):0.3913105835,t16:3.990311769):7.363307724,(((t11:1.487183358,t14:1.487183358):2.067688438,t6:3.554871796):2.363407865,(((t12:0.8793648066,t18:0.8793648066):3.602055061,(t20:3.706645139,(t1:2.415800038,((t5:0.6161606759,(t19:0.150362937,t15:0.150362937):0.4657977389):0.01266566439,t3:0.6288263403):1.786973698):1.290845101):0.774774729):1.014228725,(t10:2.891439885,(t9:1.483740159,t21:1.483740159):1.407699726):2.604208708):0.4226310679):5.435339832):2.929278573,t22:14.28289807):0.07746204941;
49|0.719679690720514|0.187698895665817|0.657841053209268|(((((((t20:0.6313363635,(t8:0.2727449788,t33:0.2727449788):0.3585913847):0.0636277042,t11:0.6949640677):0.582466354,t40:1.277430422):0.3067479451,(t2:0.9193118201,(t6:0.6338859446,t15:0.6338859446):0.2854258755):0.6648665468):0.3533822679,((t7:0.0637028595,t5:0.0637028595):0.6133734616,(t9:0.2036162016,t28:0.2036162016):0.4734601195):1.260484314):0.9761434598,(((((t45:1.04032822,(t1:1.001925531,t10:1.001925531):0.03840268859):0.8656551235,t18:1.905983343):0.01022021323,(t17:1.225862288,((t49:0.03615861852,t35:0.03615861852):0.9785650945,((t43:0.8329178753,t29:0.8329178753):0.1275268269,(t31:0.1682023522,t46:0.1682023522):0.7922423501):0.0542790107):0.2111385753):0.6903412681):0.9707193306,(((t4:0.7167060758,t12:0.7167060758):0.3107161807,(t23:0.3143423934,t36:0.3143423934):0.7130798631):0.09883079242,(t30:0.794616292,t25:0.794616292):0.331636757):1.760669838):0.01407227382,t16:2.900995161):0.01270893377):2.416293593,(((t34:1.911281165,(t19:0.07184309702,t21:0.07184309702):1.839438068):0.447565456,(t22:1.850430933,(((t26:0.990647255,(t32:0.580863724,t41:0.580863724):0.409783531):0.006587260453,t37:0.9972345154):0.7564678728,t13:1.753702388):0.09672854476):0.5084156878):0.8072531779,(((((t47:0.2783374656,t3:0.2783374656):0.2137495928,t44:0.4920870583):0.2672641887,(t27:0.5432611091,(t39:0.449300618,t14:0.449300618):0.09396049114):0.2160901379):0.2316766132,t42:0.9910278602):0.4480952667,(t38:1.254255721,(t48:0.5320222241,t24:0.5320222241):0.7222334973):0.1848674055):1.726976672):2.163897889):0.1179447873;
27|1.5159345980268|0.460980248092674|0.52818933618255|((((t1:0.4843281911,t26:0.4843281911):0.0778546088,((t5:0.230136615,(t17:0.07783517138,t14:0.07783517138):0.1523014437):0.1404706691,t23:0.3706072841):0.1915755158):0.2472546749,((t20:0.2035105123,t4:0.2035105123):0.4108690146,(((t11:0.1604830902,t10:0.1604830902):0.2556448596,(t18:0.1632092045,t3:0.1632092045):0.2529187453):0.1817222251,(t27:0.1066542923,(t13:0.05766327132,t7:0.05766327132):0.04899102093):0.4911958826):0.016529352):0.195057948):0.6020909075,(((t12:0.1695555168,t8:0.1695555168):0.131185727,((t6:0.08703104897,t21:0.08703104897):0.0609039677,t15:0.1479350167):0.1528062271):0.6034928562,((t24:0.7538328309,(t9:0.5898177517,t22:0.5898177517):0.1640150791):0.06866288645,(t2:0.6108263517,(t25:0.3413217035,(t19:0.06651593943,t16:0.06651593943):0.2748057641):0.2695046482):0.2116693656):0.08173838265):0.5072942823):1.305610463;
30|1.07302554236259|0.414743588550482|0.90973022475373|(t17:2.12911525,(((t11:0.265403565,((t7:0.1988281641,t26:0.1988281641):0.03081011619,(t24:0.08845248783,t12:0.08845248783):0.1411857925):0.03576528464):1.03109125,((((t3:0.4775007233,t6:0.4775007233):0.5113330701,t1:0.9888337934):0.207250856,((t5:0.4199313716,((t2:0.2078799621,t21:0.2078799621):0.03172472877,(t23:0.1509251164,t10:0.1509251164):0.08867957441):0.1803266807):0.3943221432,t28:0.8142535148):0.3818311347):0.08366557136,(((t9:0.8312357152,(((t13:0.3297224854,t25:0.3297224854):0.1376594666,(t19:0.2266973526,t8:0.2266973526):0.2406845994):0.3212640705,((t22:0.4546443623,(t16:0.09562103303,t29:0.09562103303):0.3590233293):0.2388493233,t20:0.6934936856):0.0951523369):0.04258969268):0.3158267955,(t27:0.2543423773,(t15:0.1213734466,t14:0.1213734466):0.1329689307):0.8927201333):0.02120913112,t4:1.168271642):0.1114785791):0.01674459422):0.008116560816,(t30:0.08032253315,t18:0.08032253315):1.224288843):0.8245038741):0.2025009564;
49|2.43685795258963|0.169696305757388|0.919263684540056|((((t3:0.2012832826,(t26:0.1843235385,t22:0.1843235385):0.01695974415):0.6503696422,((((t25:0.3213543161,t6:0.3213543161):0.1483542318,t43:0.4697085479):0.0843291832,((t5:0.05559603247,t33:0.05559603247):0.4896273711,((t34:0.05748214852,t32:0.05748214852):0.02098441144,t46:0.07846655996):0.4667568436):0.008814327557):0.1786121645,((((t49:0.220016013,(t4:0.05818758013,t23:0.05818758013):0.1618284329):0.02443069983,(t16:0.01678839015,t9:0.01678839015):0.2276583227):0.02850800625,t20:0.2729547191):0.3956649675,(t36:0.6370314068,(((t41:0.468874257,((t28:0.1315677424,t39:0.1315677424):0.2320575018,(t40:0.01326975207,t12:0.01326975207):0.3503554922):0.1052490128):0.0365730186,(t18:0.4699583264,(t11:0.2688541421,((t17:0.02692303823,t38:0.02692303823):0.1839656972,t10:0.2108887354):0.05796540671):0.2011041843):0.0354889492):0.02599996483,(t13:0.3068477098,t15:0.3068477098):0.2245995307):0.1055841664):0.03158827981):0.06403020906):0.1190030292):0.4072893247,(((t37:0.2824132049,t19:0.2824132049):0.3373121042,t2:0.6197253091):0.1595014946,((((t31:0.2902953635,t47:0.2902953635):0.0232523431,((t48:0.1265168352,(t30:0.08522502421,t8:0.08522502421):0.04129181103):0.1094325468,t42:0.2359493821):0.07759832451):0.3698496904,(t14:0.03358634385,t35:0.03358634385):0.6498110531):0.003348067657,(t1:0.196682131,t45:0.196682131):0.4900633335):0.09248133911):0.4797154458):0.11440604,((t21:0.4004071124,(t29:0.397596693,(t44:0.3456143636,t24:0.3456143636):0.05198232933):0.002810419405):0.1190432378,(t27:0.002007241157,t7:0.002007241157):0.5174431091):0.8538979393):0.830257384;
36|1.57533578004921|0.0797455200622789|0.539070661063306|(((((t5:0.1902496446,t7:0.1902496446):1.395368534,(t15:0.818838496,t25:0.818838496):0.7667796827):0.01831332896,t1:1.603931508):0.5807753548,((t33:0.7395984832,((t30:0.177610799,t2:0.177610799):0.2166355427,t14:0.3942463417):0.3453521415):0.4729395518,(t17:1.14648748,(t27:0.633883994,t18:0.633883994):0.5126034861):0.06605055486):0.9721688274):0.5612255929,(((t9:0.1978939185,t28:0.1978939185):0.852850198,((t32:0.1071742546,t34:0.1071742546):0.01625547408,t24:0.1234297287):0.9273143879):1.30341291,(((t11:0.5932087804,(t20:0.2734681187,t19:0.2734681187):0.3197406617):0.7866549924,(((t8:0.06387811029,t13:0.06387811029):0.1166641152,t16:0.1805422254):0.1088494894,t29:0.2893917148):1.090472058):0.5270603752,((((t35:0.6256044952,t3:0.6256044952):0.1028108153,(t22:0.394137739,((t10:0.0152189157,t21:0.0152189157):0.09056496212,t36:0.1057838778):0.2883538612):0.3342775715):0.5266066188,((t23:0.05793324541,t31:0.05793324541):0.7367707904,((t26:0.1670391696,t4:0.1670391696):0.4064759379,t6:0.5735151076):0.2211889282):0.4603178935):0.4067673793,t12:1.661789309):0.2451348394):0.4472328782):0.3917754292):1.463500624;
25|3.04198449062882|0.156079585913103|0.778485600836575|((((t3:0.08156052804,((t19:0.02799716119,t8:0.02799716119):0.004384209569,t22:0.03238137076):0.04917915728):0.9236313774,(t6:0.02525826698,t13:0.02525826698):0.9799336385):0.264189004,(((t15:0.5515063128,((t1:0.03843848877,t18:0.03843848877):0.4063341132,(((t16:0.1320283076,t12:0.1320283076):0.08025400107,t21:0.2122823087):0.02944663148,t20:0.2417289401):0.2030436618):0.1067337109):0.3777857745,((t25:0.01265042703,t23:0.01265042703):0.8614459201,((t4:0.1011851126,(t17:0.03502704054,t2:0.03502704054):0.06615807205):0.3008788888,(t7:0.3106875017,t24:0.3106875017):0.09137649969):0.4720323458):0.05519574023):0.3318658267,((t14:0.1225857707,t10:0.1225857707):0.2750955101,t11:0.3976812808):0.8634766333):0.008222995323):0.07709518161,(t5:0.07812780707,t9:0.07812780707):1.268348284):0.4623008705;
31|1.05888377661817|0.139545348144602|0.995543055702001|((t17:2.809809067,((((t5:0.3353229792,t4:0.3353229792):0.6957939689,t29:1.031116948):0.03102214552,((((t3:0.371285287,t16:0.371285287):0.05645572388,t8:0.4277410108):0.1612158707,t31:0.5889568815):0.07811883718,(t19:0.240520316,t9:0.240520316):0.4265554028):0.3950633749):0.7009773109,((t22:1.332331506,(((((t30:0.1935206317,t11:0.1935206317):0.3358179966,(t7:0.01085530644,t10:0.01085530644):0.5184833219):0.1066812222,((t27:0.1589474621,t12:0.1589474621):0.162663363,(t25:0.008705860485,t23:0.008705860485):0.3129049647):0.3144090253):0.130370476,t18:0.7663903264):0.3681603652,t2:1.134550692):0.1977808147):0.02859986776,(t28:0.9513102125,((t20:0.1261900665,t21:0.1261900665):0.6246833396,t13:0.7508734061):0.2004368064):0.4096211616):0.4021850305):1.046692663):1.954085232,((t26:2.778789106,t15:2.778789106):0.01051624634,(t6:2.193046217,(t14:0.5100165951,(t24:0.4437480769,t1:0.4437480769):0.06626851824):1.683029622):0.5962591349):1.974588947):0.5864703095;
25|2.3080534528452|0.373196192155592|0.753327382612042|(((t3:0.8632190608,t23:0.8632190608):0.09367897593,(t11:0.8716785647,((t1:0.1698236339,t5:0.1698236339):0.5351018711,(t8:0.1855331992,t4:0.1855331992):0.5193923058):0.1667530596):0.08521947211):1.025072053,((t21:0.2357087035,(t9:0.2259944674,(t15:0.1520613537,t14:0.1520613537):0.07393311374):0.009714236092):0.9243060984,(((t20:0.4153235366,((t24:0.0974965718,t10:0.0974965718):0.1301660745,t7:0.2276626463):0.1876608903):0.07073184012,((t12:0.2458930487,t18:0.2458930487):0.01307977728,((t22:0.1287005966,t6:0.1287005966):0.07365243474,t19:0.2023530313):0.05661979465):0.2270825507):0.2142189969,((t16:0.4736025698,((t25:0.3070935458,t2:0.3070935458):0.05627705059,t17:0.3633705963):0.1102319734):0.01968830144,t13:0.4932908712):0.2069835024):0.4597404283):0.8219552881):0.3393677586;
29|1.79343201961368|0.125236437963322|0.507550828391686|(((((((t22:0.01616281936,t7:0.01616281936):0.2782956639,t13:0.2944584832):0.01942787786,t26:0.3138863611):0.3707129056,t15:0.6845992668):0.4312268941,(t8:0.3710458823,(t14:0.2013414816,t27:0.2013414816):0.1697044007):0.7447802785):0.1036382056,((t20:0.771557075,(t10:0.4127869231,t16:0.4127869231):0.3587701519):0.2041514108,(((((t18:0.002852952653,t17:0.002852952653):0.2388737206,(t5:0.2351352309,(t19:0.1543649068,t21:0.1543649068):0.08077032409):0.006591442379):0.3082501894,((t29:0.477983162,t2:0.477983162):0.07046782137,(t4:0.2999965756,t11:0.2999965756):0.2484544077):0.001525879344):0.05234020902,((t1:0.01359702029,t23:0.01359702029):0.4627363999,(t12:0.2653944881,t28:0.2653944881):0.2109389322):0.1259836515):0.2706375114,(t24:0.3201229607,t9:0.3201229607):0.5528316224):0.1027539027):0.2437558806):0.155999738,((t6:0.1930555547,t25:0.1930555547):0.2249223805,t3:0.4179779352):0.9574861693):0.2851057512;
28|1.25378739743726|0.145550018949434|0.790769797167741|(((((t24:0.3225962089,t14:0.3225962089):0.3453047261,t25:0.667900935):0.2296945041,t7:0.8975954391):0.3219664854,(((t6:0.01447849216,t3:0.01447849216):0.6673908238,(t19:0.6178772787,(((t4:0.1345637878,(t21:0.05700737848,t2:0.05700737848):0.07755640928):0.3156611115,t8:0.4502248993):0.1116455269,t17:0.5618704262):0.05600685254):0.06399203723):0.3905753824,(((t15:0.1764031695,(t11:0.09732677588,t22:0.09732677588):0.07907639358):0.2528876561,(t10:0.1677958654,t1:0.1677958654):0.2614949602):0.2362830836,(t13:0.1957265592,t12:0.1957265592):0.46984735):0.4068707892):0.1471172262):0.06800957058,((t26:0.8043201025,(t9:0.02781924468,t28:0.02781924468):0.7765008578):0.02192922439,(((t23:0.003917351027,t5:0.003917351027):0.2425538109,(t27:0.04461063908,t16:0.04461063908):0.2018605229):0.06288379082,(t18:0.2013454509,t20:0.2013454509):0.1080095019):0.5168943741):0.4613221682):0.1231135726;
47|3.58804212745745|0.124225636133924|0.965129239135422|(((t20:0.1192413701,t8:0.1192413701):0.7895476609,(((t26:0.4541174813,(((t19:0.273617531,((t5:0.1469857012,t14:0.1469857012):0.1115045604,(((t13:0.05286887793,t4:0.05286887793):0.07375216871,(t37:0.008250966281,t35:0.008250966281):0.1183700804):0.07033838775,t44:0.1969594344):0.06153082724):0.0151272694):0.05623698487,(((t2:0.1086828308,(t21:0.04025952378,t27:0.04025952378):0.06842330706):0.009996908527,t39:0.1186797394):0.1425163397,t31:0.2611960791):0.06865843679):0.001384794141,(((t36:0.0711757677,t29:0.0711757677):0.02493009128,t38:0.09610585898):0.2003754762,(t1:0.09723644026,t10:0.09723644026):0.1992448949):0.03475797489):0.1228781712):0.0292757595,(t43:0.2339988559,t11:0.2339988559):0.2493943848):0.2238559664,(((t32:0.03777349681,t12:0.03777349681):0.3439604129,(t34:0.2139206254,((t46:0.1021023409,t6:0.1021023409):0.06058556128,(t23:0.06279454859,t25:0.06279454859):0.09989335361):0.05123272322):0.1678132843):0.1020532225,(t24:0.1407232922,(t45:0.09213084873,t7:0.09213084873):0.04859244342):0.34306384):0.2234620749):0.2015398238):0.01633616822,((((t40:0.07683262866,t41:0.07683262866):0.3541650244,((t17:0.1178652431,(t47:0.002501022691,t28:0.002501022691):0.1153642204):0.2327951608,t9:0.3506604038):0.08033724926):0.01333901139,((t30:0.03810326682,t22:0.03810326682):0.2726370802,(t3:0.2937463584,((t16:0.06920604206,t42:0.06920604206):0.03396980811,(t18:0.04021090463,t33:0.04021090463):0.06296494555):0.1905705082):0.01699398868):0.1335963174):0.02525472989,t15:0.4695913944):0.4555338048):0.2150027151;
14|2.65954142278526|0.100935543740634|0.835106722312048|(((((t12:0.1338594584,t4:0.1338594584):0.1199404983,(t10:0.07966696524,t13:0.07966696524):0.1741329915):0.2507922631,((t7:0.07539768981,t8:0.07539768981):0.06980874361,(t6:0.1200538896,t3:0.1200538896):0.02515254383):0.3593857864):0.1754280439,(t1:0.3303820781,(t11:0.124871371,t2:0.124871371):0.2055107071):0.3496381855):0.2459900708,(t9:0.3742467308,(t5:0.20769934,t14:0.20769934):0.1665473908):0.5517636036):0.08530960563;
48|0.897557981959544|0.379163109057117|0.696535800001584|((((t46:0.4240633742,t17:0.4240633742):1.609515515,((t41:0.5225468532,t44:0.5225468532):1.214196366,(t16:0.8214348374,t32:0.8214348374):0.9153083821):0.2968356696):1.57648541,(((((t38:0.5668360522,(t14:0.1128151582,t23:0.1128151582):0.454020894):1.375706436,((t40:0.878013154,t19:0.878013154):0.6495349391,((t8:0.5799669569,t47:0.5799669569):0.1830950943,t1:0.7630620512):0.7644860419):0.4149943953):0.8757508499,((t5:0.6171829734,t39:0.6171829734):1.232023745,t25:1.849206719):0.9690866198):0.06934784471,(((t7:0.07689472381,t30:0.07689472381):2.494270243,((t4:0.09876796106,(t6:0.07159322814,(t24:0.06225582671,t33:0.06225582671):0.009337401427):0.02717473292):1.353670855,t28:1.452438816):1.11872615):0.2123232773,(((t22:0.04876591808,t2:0.04876591808):1.862998689,(t10:0.4337414297,t3:0.4337414297):1.478023178):0.5524841706,(t45:1.836886633,((t18:0.4044586396,t26:0.4044586396):0.6845609161,((t13:0.1130925322,t20:0.1130925322):0.2586967589,t43:0.3717892911):0.7172302646):0.7478670769):0.6273621455):0.3192394657):0.1041529394):0.4300429482,(t29:0.9672567763,(t21:0.1261409842,t12:0.1261409842):0.8411157921):2.350427355):0.2923801682):0.3383492577,(((t31:1.726495277,((t36:0.007092630815,t9:0.007092630815):0.2062250395,t15:0.2133176703):1.513177606):0.1532613682,(t42:1.807214656,(t34:0.6571323455,t11:0.6571323455):1.15008231):0.07254198912):0.8098785282,((t37:0.2041796637,t35:0.2041796637):1.579339892,(t48:0.9815946464,t27:0.9815946464):0.8019249097):0.9061156171):1.258778384):0.6735819947;
31|2.15967040818883|0.210302967433818|0.90415729698725|((((t21:0.2837802695,(t28:0.2127780851,(t30:0.09232632533,(t5:0.05219203844,t9:0.05219203844):0.04013428689):0.1204517598):0.07100218438):0.4230121483,t23:0.7067924178):0.5145055791,(t13:0.4114296281,(t15:0.2606313374,((t26:0.1959481409,t22:0.1959481409):0.03802434203,(t27:0.1436154713,t31:0.1436154713):0.0903570117):0.02665885445):0.1507982907):0.8098683687):0.679567474,(((t19:0.2593187035,t2:0.2593187035):0.03379185264,t11:0.2931105561):0.7618003744,((((t10:0.3219122545,t3:0.3219122545):0.4165700315,((((t29:0.1502315134,t16:0.1502315134):0.0788890775,(t18:0.1073645474,t4:0.1073645474):0.1217560435):0.371069547,t25:0.6001901378):0.1151814463,((t17:0.5248285019,((t12:0.2082454981,t24:0.2082454981):0.3038338387,(t14:0.3749993142,t20:0.3749993142):0.1370800226):0.01274916507):0.1708446085,(t8:0.1983749458,t1:0.1983749458):0.4972981646):0.01969847378):0.02311070179):0.06314051261,t6:0.8016227985):0.1066156756,t7:0.9082384741):0.1466724565):0.8459545403):0.3138685942;
12|1.93680658490397|0.212899473474827|0.541328137158416|(((t9:0.6450249192,t10:0.6450249192):0.6960138442,((t1:0.88372771,t4:0.88372771):0.256339777,t3:1.140067487):0.2009712765):0.4854758869,((((t12:0.07096873003,t8:0.07096873003):0.1780870518,(t5:0.07840100628,t7:0.07840100628):0.1706547755):0.2648166138,t6:0.5138723956):0.07953302054,(t2:0.2164989496,t11:0.2164989496):0.3769064666):1.233109234):0.9492794491;
35|1.32740416215966|0.119635966958012|0.760737677570432|(((((t12:0.7185772233,(t17:0.6025691887,(t22:0.25058691,t6:0.25058691):0.3519822787):0.1160080346):0.1448206448,((t19:0.489240083,t30:0.489240083):0.154050157,t3:0.64329024):0.2201076282):0.6946131314,((t23:0.605216404,(((((t35:0.1983032961,t34:0.1983032961):0.3044645459,((t8:0.1294528243,t20:0.1294528243):0.3443111961,(t2:0.4522126575,(t18:0.1959693828,t10:0.1959693828):0.2562432747):0.02155136291):0.0290038217):0.01519054456,t9:0.5179583866):0.01346322298,t25:0.5314216096):0.0556904059,(t4:0.3889219391,(t14:0.08926087589,t33:0.08926087589):0.2996610632):0.1981900764):0.01810438847):0.1682263617,(t21:0.4209175974,(t5:0.4167415944,t24:0.4167415944):0.004176003031):0.3525251683):0.7845682339):0.2050334238,(t26:0.9180308002,(t27:0.2523300297,((t7:0.002816040197,t15:0.002816040197):0.05558679757,t11:0.05840283777):0.1939271919):0.6657007705):0.8450136231):0.01541413678,(((t28:0.419946204,t31:0.419946204):0.4948265268,t13:0.9147727308):0.2042856547,((t32:0.204902886,t1:0.204902886):0.08631381067,(t29:0.09817268289,t16:0.09817268289):0.1930440138):0.8278416887):0.6594001747):0.5562619794;
16|2.78868304061471|0.323516560927965|0.847213033703156|((t15:0.1572777413,(t13:0.1316764581,(t16:0.1013180083,(t12:0.06529500773,t10:0.06529500773):0.03602300061):0.03035844976):0.02560128322):0.6266200162,(((t6:0.2136171248,t8:0.2136171248):0.1785700876,(t1:0.1942283726,(t9:0.01571255419,t5:0.01571255419):0.1785158184):0.1979588399):0.2354150528,((t11:0.2855091899,t4:0.2855091899):0.1640920523,((t14:0.1309157394,(t2:0.1186285574,t7:0.1186285574):0.01228718201):0.1003434536,t3:0.231259193):0.2183420492):0.1780010231):0.1562954923):0.1757176356;
38|3.82822546307929|0.256749858427793|0.619222819921561|((((((t15:0.187988002,(t32:0.08242874285,t27:0.08242874285):0.1055592592):0.2176026213,(t35:0.2354314274,t13:0.2354314274):0.1701591959):0.6229336094,((t26:0.14788392,t37:0.14788392):0.7532834501,t22:0.90116737):0.1273568628):0.008681999117,(((t30:0.1325160767,t20:0.1325160767):0.09142290496,((t17:0.1155145455,(t34:0.08036364323,(t29:0.06582369168,t16:0.06582369168):0.01453995155):0.03515090224):0.0008632564384,t21:0.1163778019):0.1075611798):0.8005901022,((((t18:0.124666257,t36:0.124666257):0.2730930802,(t10:0.1872620017,t3:0.1872620017):0.2104973356):0.1399102839,t6:0.5376696211):0.3890824268,t38:0.9267520479):0.09777703597):0.01267714805):0.1355590325,((t24:0.06623486579,t12:0.06623486579):0.2138241651,((t8:0.09358542602,t28:0.09358542602):0.06455148863,((t5:0.03958867182,t33:0.03958867182):0.1088449998,((t25:0.1200965354,t19:0.1200965354):0.006752941317,t4:0.1268494767):0.0215841949):0.009703243004):0.1219221162):0.8927062335):0.1691804046,((t23:0.3431428499,t1:0.3431428499):0.2526778863,((t9:0.1839593727,(t14:0.03576727725,t2:0.03576727725):0.1481920954):0.06194614927,((t11:0.1566983106,t31:0.1566983106):0.06481828359,t7:0.2215165942):0.02438892775):0.3499152143):0.7461249328):0.1350623114;
22|0.136893517659046|0.0906143211154267|0.658238517236896|(((t16:14.29593927,(((t18:1.619833153,(t19:0.3297612466,t21:0.3297612466):1.290071906):1.876948041,t20:3.496781194):2.648083481,t11:6.144864675):8.151074594):0.4808643039,(((t22:7.302807154,t5:7.302807154):1.484288501,(t10:6.430897488,t9:6.430897488):2.356198168):1.345522435,((t2:2.20210069,t7:2.20210069):5.118389508,t3:7.320490198):2.812127892):4.644185482):3.556073424,(t14:18.19972863,((t4:5.428755421,(t1:4.42276204,(t13:3.725089852,t12:3.725089852):0.6976721877):1.005993381):5.009746714,(t15:9.280962718,(t8:8.383149117,(t17:3.702119992,t6:3.702119992):4.681029125):0.8978136008):1.157539417):7.761226498):0.1331483624):10.98528951;
28|2.85912497764453|0.457848190905061|0.576589517877437|((t4:0.1548326534,t19:0.1548326534):0.7269260811,((t15:0.597276521,t27:0.597276521):0.2780078121,((((t9:0.2420972365,t24:0.2420972365):0.3901408622,(((t26:0.3081325211,t7:0.3081325211):0.09426068595,((t8:0.02588683858,t16:0.02588683858):0.2902202545,(t22:0.271899645,(((t21:0.0002892433007,t2:0.0002892433007):0.07599251133,t23:0.07628175464):0.08468185458,(t10:0.09404091678,t5:0.09404091678):0.06692269244):0.1109360358):0.04420744808):0.08628611394):0.1207353365,t3:0.5231285435):0.1091095553):0.08607079325,t25:0.718308892):0.06162830645,(t11:0.6862389098,(t28:0.3620684503,((t1:0.1239260509,(t13:0.01847410376,t20:0.01847410376):0.1054519471):0.2355433546,((t17:0.0937759276,(t18:0.04788325451,t12:0.04788325451):0.0458926731):0.008300723758,(t14:0.08175159043,t6:0.08175159043):0.02032506093):0.2573927542):0.002599044705):0.3241704596):0.09369828866):0.09534713468):0.006474401348):0.04829815521;
27|1.53429752142401|0.24010494758375|0.764134663739242|(((((t12:0.04364724521,t9:0.04364724521):1.032641508,(t16:0.8296994646,t22:0.8296994646):0.2465892882):0.2442464041,t21:1.320535157):0.2948816453,(t11:0.9959836862,(t13:0.7702643105,t2:0.7702643105):0.2257193757):0.619433116):0.09330230487,(((t23:0.9098051897,(((t20:0.01076745974,t7:0.01076745974):0.1672832913,((t5:0.09996898523,t8:0.09996898523):0.01605389033,t26:0.1160228756):0.06202787547):0.3426652608,t19:0.5207160118):0.3890891779):0.1730869421,t27:1.082892132):0.5502742266,(((t24:0.4980180806,(t14:0.3323880844,((t25:0.2600263711,(t17:0.1602478561,t1:0.1602478561):0.09977851499):0.01491532048,t10:0.2749416916):0.05744639283):0.1656299962):0.681835652,((t3:0.523684217,t4:0.523684217):0.04554981333,(t15:0.3670676595,t6:0.3670676595):0.2021663709):0.6106197022):0.4089866694,t18:1.588840402):0.04432595642):0.07555274868):0.9963133241;
27|0.16221393274609|0.213436529999599|0.686703701736405|(((((t8:2.756594176,(t13:0.4928164777,t26:0.4928164777):2.263777698):0.4044126718,t25:3.161006848):6.880600017,((t16:8.151698953,((t7:5.607910877,(t18:1.292728803,t21:1.292728803):4.315182074):0.6319469156,t17:6.239857792):1.911841161):0.3592110754,(t5:1.526621811,t2:1.526621811):6.984288218):1.530696837):2.353027649,((((((t20:1.292664007,t14:1.292664007):2.607028179,((t10:1.297483045,t1:1.297483045):1.441001664,t24:2.738484709):1.161207477):0.3485363618,t19:4.248228548):0.6618706195,(t12:0.2912332348,t23:0.2912332348):4.618865932):0.1078157693,t4:5.017914936):6.530405134,(t11:5.868274663,t15:5.868274663):5.680045408):0.8463144429):0.511294315,((t22:4.785200936,t27:4.785200936):2.646955777,(t9:5.849021278,(t3:0.06802181498,t6:0.06802181498):5.780999463):1.583135436):5.473772115):3.109017668;
39|0.231007242174819|0.268084672195837|0.960776395048015|(((t38:4.1083032,(((((t17:1.12385736,t4:1.12385736):0.06269923818,t36:1.186556598):1.0803178,t26:2.266874399):1.381949874,(t11:0.679317968,t30:0.679317968):2.969506305):0.1813949831,((t27:1.896068673,(t13:0.5393408945,t9:0.5393408945):1.356727778):0.06668270418,(t33:0.04998190455,t7:0.04998190455):1.912769473):1.867467879):0.2780839436):5.005259796,((((t5:1.829393944,(t23:0.3210492687,t32:0.3210492687):1.508344675):0.1469275748,(t28:0.7781908237,t19:0.7781908237):1.198130695):1.296196176,(t21:1.68498455,t39:1.68498455):1.587533145):0.5532169086,((((t14:0.1941796922,t25:0.1941796922):1.39157334,t31:1.585753032):0.1312623623,(((t3:0.5958039146,t16:0.5958039146):0.8721785138,t37:1.467982428):0.1552901294,((t10:0.1232517764,t1:0.1232517764):1.386046605,t2:1.509298381):0.1139741765):0.09374283673):1.578084536,(t15:2.856163264,(t22:0.04214520077,t35:0.04214520077):2.814018063):0.4389366661):0.5306346733):5.287828393):6.225048557,(((((t12:1.487463311,t24:1.487463311):4.472992332,(t18:4.203624997,t29:4.203624997):1.756830647):1.400939779,t6:7.361395423):2.413848326,t34:9.775243748):4.731614779,(t20:2.933302875,t8:2.933302875):11.57355565):0.8317530252):2.834424629;
23|3.98668603410712|0.0947939701145515|0.826912266435102|((t20:0.03487738275,t5:0.03487738275):0.9402150226,((((t1:0.2160181923,((t21:0.007704455339,t2:0.007704455339):0.1189340452,t7:0.1266385005):0.08937969179):0.1811324492,((t6:0.2370306343,(((t16:0.006702220973,t10:0.006702220973):0.02884903568,t3:0.03555125665):0.02084648844,t18:0.05639774509):0.1806328892):0.1246196205,t8:0.3616502548):0.03550038668):0.04037688229,(t23:0.3432385745,(t17:0.1045795226,t13:0.1045795226):0.238659052):0.09428894929):0.3840528829,((((t11:0.04741697068,t9:0.04741697068):0.0506411569,t19:0.09805812758):0.1461727103,t14:0.2442308378):0.1786273569,((t12:0.07189181456,t4:0.07189181456):0.2420862544,(t15:0.2686878347,t22:0.2686878347):0.04529023426):0.1088801257):0.398722212):0.1535119986):0.1032365586;
25|2.92624966658652|0.421856281119399|0.767954068141989|(((((((t10:0.01586168006,t11:0.01586168006):0.1034832804,t4:0.1193449605):0.02439252454,((t16:0.04228981857,t6:0.04228981857):0.06915316065,t2:0.1114429792):0.03229450582):0.1769066031,(t15:0.3129853421,((((t7:0.01381424083,t5:0.01381424083):0.04869832526,t24:0.06251256609):0.1654049003,(t18:0.09054462093,t13:0.09054462093):0.1373728455):0.01547776667,t3:0.2433952331):0.069590109):0.007658746113):0.1064838582,(t12:0.2913452995,t23:0.2913452995):0.1357826469):0.004723093309,((t8:0.1881021356,(t21:0.03644366604,t1:0.03644366604):0.1516584696):0.1823420835,(t14:0.1609158162,((t22:0.01190553496,t17:0.01190553496):0.04664906356,((t25:0.009462977015,t19:0.009462977015):0.02926152699,t9:0.03872450401):0.01983009451):0.1023612176):0.209528403):0.06140682052):0.4786698826,t20:0.9105209222):0.194314803;
15|1.90077254620614|0.283679091136437|0.583130776882172|((((t14:0.09364206381,t6:0.09364206381):0.1869431475,(t13:0.2077323057,t1:0.2077323057):0.07285290555):0.7420957504,((t11:0.6990418665,(t15:0.5786159783,((t2:0.1181236331,t8:0.1181236331):0.1129300438,t7:0.2310536769):0.3475623014):0.1204258882):0.193134831,(t9:0.7939028486,((t10:0.0482290861,t12:0.0482290861):0.262758656,t5:0.3109877421):0.4829151065):0.09827384884):0.1305042642):0.09594190646,(t3:0.4066959753,t4:0.4066959753):0.7119268928):0.5966456136;
35|0.298104131892324|0.155208243709058|0.5099447730463|(((((t31:2.322316075,(t5:0.1348958502,t22:0.1348958502):2.187420225):3.412374411,(t27:4.311387401,t13:4.311387401):1.423303085):0.1219934284,t18:5.856683915):4.77364393,(((((t9:0.5184187649,t21:0.5184187649):1.444803215,t19:1.96322198):1.484567434,t10:3.447789414):0.4074389779,t8:3.855228391):0.5918507808,t30:4.447079172):6.183248672):2.087229228,(((((((t14:1.676147005,t26:1.676147005):2.346552158,(t1:0.8796680373,t35:0.8796680373):3.143031126):1.403427486,(t25:4.834369977,(t29:3.452142299,((t15:0.06668690852,t16:0.06668690852):2.910778098,(t24:1.682387916,(t32:0.3287688553,t20:0.3287688553):1.353619061):1.295077091):0.474677292):1.382227678):0.5917566715):0.158233738,t4:5.584360387):1.39499661,t17:6.979356997):1.275911571,t11:8.255268568):3.228202283,(t33:4.593623629,(t6:3.788682688,(((t23:2.263973457,t12:2.263973457):0.2233045324,t3:2.48727799):0.5562668442,(t2:2.808960245,(t7:2.235516751,(t28:0.1020045538,t34:0.1020045538):2.133512197):0.5734434942):0.234584589):0.7451378537):0.8049409418):6.889847221):1.234086222):2.695775736;
27|3.4205896295351|0.386037893234752|0.686344087822363|(((t19:0.6925654263,(t23:0.2989232926,((t7:0.1425789122,t11:0.1425789122):0.1193511013,t1:0.2619300135):0.03699327916):0.3936421337):0.01665595049,(((t5:0.3771008048,(t15:0.3238322944,t2:0.3238322944):0.05326851042):0.1312548526,((t3:0.0416310809,t22:0.0416310809):0.2509670538,((t25:0.01858254558,t18:0.01858254558):0.02529545243,t20:0.04387799801):0.2487201367):0.2157575227):0.08885608777,((((t13:0.04020225267,(t26:0.01624676219,t14:0.01624676219):0.02395549047):0.1709078265,t4:0.2111100791):0.1534925774,((t21:0.0162288611,t27:0.0162288611):0.1341973693,t17:0.1504262304):0.2141764261):0.1359526545,(t24:0.2028098753,(t12:0.151621437,t8:0.151621437):0.05118843835):0.2977454357):0.09665643417):0.1120096316):0.144605966,((t10:0.07667151301,t9:0.07667151301):0.1320523187,(t6:0.08368889429,t16:0.08368889429):0.1250349374):0.6451035111):0.02909465664;
27|2.28069558796706|0.17782127153594|0.674193513114005|((((t22:0.1260332032,(t2:0.03176711154,t10:0.03176711154):0.09426609162):0.6079858211,(((t15:0.07422779991,t16:0.07422779991):0.3630083321,(t7:0.161997849,t5:0.161997849):0.275238283):0.04440613636,(t3:0.08279304368,(t8:0.07840217632,t1:0.07840217632):0.004390867357):0.3988492247):0.2523767558):0.1744260383,((t25:0.1075878405,t13:0.1075878405):0.3063039468,(t4:0.3585770155,((t20:0.2616633172,(t27:0.1397963882,t11:0.1397963882):0.121866929):0.01942314554,(((t9:0.0898498214,(t19:0.07038842356,(t18:0.06072716877,t24:0.06072716877):0.009661254799):0.01946139784):0.1622070315,(t6:0.1840860951,t21:0.1840860951):0.06797075778):0.004627740241,(t12:0.03433010159,t14:0.03433010159):0.2223544916):0.0244018696):0.07749055279):0.05531477169):0.4945532752):0.1129559491,((t23:0.2067988348,t26:0.2067988348):0.2759486684,t17:0.4827475031):0.5386535084):0.5993502341;
47|3.02809319474502|0.14639159105951|0.544171941117384|((((((t42:0.02539909749,t30:0.02539909749):0.7607834256,t11:0.786182523):0.1186970265,((((t31:0.08973022619,(t14:0.03522267785,t29:0.03522267785):0.05450754834):0.1173085594,t40:0.2070387856):0.1420666619,(((t24:0.174940691,t19:0.174940691):0.01744137988,t27:0.1923820709):0.06992394876,(t43:0.252211067,t44:0.252211067):0.01009495264):0.08679942785):0.5118244708,(((t6:0.2070334668,t38:0.2070334668):0.2688432679,(t9:0.4681961092,((t17:0.3093534572,t15:0.3093534572):0.1533379641,t13:0.4626914213):0.005504687944):0.007680625501):0.2663057002,((t16:0.4089443196,t23:0.4089443196):0.2507957232,((t41:0.4557789149,t1:0.4557789149):0.03856424376,(t21:0.1502003862,(t22:0.1197618743,t4:0.1197618743):0.03043851186):0.3441427724):0.1653968842):0.08244239215):0.1187474833):0.04394963125):0.2445450548,t35:1.149424604):0.101023851,((t39:0.4737040881,t12:0.4737040881):0.07893004326,(t45:0.2720055945,(((t37:0.06803989254,t20:0.06803989254):0.1129572359,t18:0.1809971284):0.06300036546,t33:0.2439974939):0.02800810061):0.2806285369):0.697814324):0.174159378,(((t34:0.02613009094,t2:0.02613009094):0.712892448,(t7:0.09209551458,t36:0.09209551458):0.6469270244):0.0003944112658,(((t8:0.3311727104,t32:0.3311727104):0.1356363919,(t5:0.1549782867,t10:0.1549782867):0.3118308156):0.1677624943,((t25:0.05621140417,t28:0.05621140417):0.4386234486,((t47:0.1698343987,t46:0.1698343987):0.1772955494,(t26:0.2139783059,t3:0.2139783059):0.1331516423):0.1477049046):0.1397367438):0.1048453536):0.6851908831):0.0007512288672;
